{"type":"FeatureCollection","metadata":{"title":"Narmada basin districts (cNARMADA panel selection layer)","source":"District boundary shapefile supplied by the project owner (GADM-lineage attributes: ID_0/ISO/NAME_1/NAME_2/HASC_2), cross-checked against the owner's 'STATE and District.xlsx' selection list","source_note":"This is NOT the Survey of India boundary product used elsewhere in this portal (data/boundaries/soi/*). It is the owner-supplied basin delineation and is used ONLY to select and outline basin districts. Every analytic value the cNARMADA panel shows is read from this repo's existing per-district files, which are keyed to the SoI district names -- which is why district_slug is resolved to the SoI spelling here.","resolution":"district polygon, simplified 0.0005 deg (topology preserved)","crs":"EPSG:4326","processing":"scripts/build_cnarmada_basin.py -- reproject if needed, simplify, resolve 6 source spellings to this repo's SoI district names, and record which existing data layers exist per district","district_count":40,"states":["Chhattisgarh","Gujarat","Madhya Pradesh","Maharashtra"],"last_updated":"2026-09-14"},"features":[{"type":"Feature","properties":{"state":"Chhattisgarh","state_slug":"chhattisgarh","district":"Bilaspur","district_slug":"bilaspur","district_as_supplied":"Bilaspur","renamed_from_source":false,"layers":{"climate":true,"ndvi":true,"soil_moisture":true,"crop_des":true,"groundwater":true,"advisory":true},"climate_kind":"gee"},"geometry":{"type":"MultiPolygon","coordinates":[[[[81.753419,22.7330943],[81.7512882,22.7300442],[81.751651,22.7239592],[81.7503774,22.7204095],[81.7523541,22.7186432],[81.754991,22.7125582],[81.7547528,22.7085634],[81.7589256,22.7006183],[81.7602384,22.696367],[81.7623541,22.6944766],[81.7649086,22.6886763],[81.7646983,22.6851468],[81.7657637,22.6805675],[81.7701305,22.6835555],[81.7712691,22.6820314],[81.7717507,22.673953],[81.766406,22.6697367],[81.766662,22.6654413],[81.7628396,22.6627714],[81.7621267670337,22.66282863765169],[81.76506042480463,22.669059753418082],[81.76597595214872,22.67612075805664],[81.76288604736334,22.685359954834098],[81.75594329834001,22.697650909424],[81.74661254882812,22.726488113403377],[81.74912261962896,22.733169555664176],[81.75337412148765,22.733846812877022],[81.753419,22.7330943]]],[[[81.7239477,22.6740365],[81.72394893628244,22.67401575700589],[81.72294616699236,22.676210403442326],[81.72405029529406,22.67575932663619],[81.7239477,22.6740365]]]]}},{"type":"Feature","properties":{"state":"Chhattisgarh","state_slug":"chhattisgarh","district":"Kabirdham","district_slug":"kabirdham","district_as_supplied":"Kabeerdham","renamed_from_source":true,"layers":{"climate":true,"ndvi":true,"soil_moisture":true,"crop_des":true,"groundwater":true,"advisory":true},"climate_kind":"gee"},"geometry":{"type":"MultiPolygon","coordinates":[[[[81.4805537,22.485663],[81.4742007,22.4909179],[81.47374834410894,22.492909565204386],[81.47637176513678,22.492160797119425],[81.47985839843778,22.493310928344727],[81.48147319206586,22.48864090747208],[81.4805537,22.485663]]],[[[81.4592623,22.4916227],[81.4590373,22.4911323],[81.45748602877694,22.492914338851485],[81.46047757998683,22.494270612068416],[81.4592623,22.4916227]]],[[[81.4457872,22.4944839],[81.4442137,22.4953618],[81.44417982048633,22.495376917887707],[81.44624328613287,22.495861053466967],[81.44716247078034,22.49523122338184],[81.4457872,22.4944839]]],[[[81.4396892,22.4941634],[81.4411275,22.4911667],[81.4416200611549,22.489049872721058],[81.43908691406244,22.49102020263672],[81.43805694580101,22.49394035339367],[81.4396892,22.4941634]]],[[[81.4445641,22.4850606],[81.4439611,22.4843904],[81.44044633093398,22.483558795445237],[81.44266211285763,22.48593355209237],[81.4445641,22.4850606]]],[[[81.4198541,22.4728099],[81.4206406,22.4677631],[81.4222851,22.4662937],[81.4242472,22.4623934],[81.4241382,22.4533416],[81.4227942,22.4489896],[81.414866,22.4461028],[81.4102537,22.4459989],[81.40926939078034,22.4465337366324],[81.41411590576189,22.448520660400334],[81.41893005371094,22.454219818115348],[81.42064666748047,22.459400177001896],[81.41783142089866,22.46515083313011],[81.41758728027344,22.473630905151595],[81.41943884950264,22.475146387761225],[81.4198541,22.4728099]]],[[[81.4030208,22.4413897],[81.3995478,22.4411672],[81.39759637976557,22.441748157073306],[81.40393376208151,22.444346291113526],[81.4030208,22.4413897]]],[[[81.359903,22.5144981],[81.35953111735657,22.514597701317918],[81.36022064540464,22.514840937089303],[81.359903,22.5144981]]],[[[81.3231312,22.5240419],[81.3225397,22.522588],[81.324108,22.5192899],[81.3173466,22.5166569],[81.3184609,22.5112545],[81.3199707,22.5084012],[81.3195248,22.4971521],[81.3201382,22.4945279],[81.3235299,22.489846],[81.3240145,22.4869376],[81.3185553,22.4855859],[81.315082,22.4833686],[81.3133101,22.4796142],[81.3108934,22.4820487],[81.30756,22.4819167],[81.30628090979295,22.483294846213372],[81.31591033935564,22.489709854126147],[81.31414794921886,22.499610900878906],[81.31481170654303,22.515911102294922],[81.3193969726563,22.519550323486555],[81.3231312,22.5240419]]],[[[81.2729242,22.494023],[81.26900250824438,22.494957008107637],[81.27146911621111,22.495849609375057],[81.27546691894548,22.4994411468507],[81.27620874690088,22.49934393149364],[81.2729242,22.494023]]],[[[81.2590132,22.488604],[81.258144,22.4852865],[81.2598148,22.476104],[81.2614661,22.4729831],[81.2571625,22.470204],[81.2548148,22.4678024],[81.2534789,22.4649716],[81.2436518,22.456415],[81.233147,22.4527562],[81.2297461,22.4528394],[81.2298719,22.4496628],[81.2266768,22.4462144],[81.2180516,22.450726],[81.2139241,22.4479691],[81.2092324,22.4477832],[81.2075397,22.4509815],[81.20750821112433,22.454715569732084],[81.21839141845714,22.451650619507006],[81.22355651855463,22.45160865783714],[81.23310852050798,22.45513153076189],[81.2403869628908,22.459180831909237],[81.25551605224632,22.472482681274528],[81.25623321533203,22.488069534301815],[81.25979668498445,22.49270752215406],[81.2590132,22.488604]]],[[[81.19232,22.4694816],[81.189062,22.4656664],[81.1888267,22.4597298],[81.1901157,22.4572938],[81.18569,22.4530247],[81.1856469,22.4519384],[81.1881406,22.4496279],[81.1883022,22.4455508],[81.1855259,22.4391889],[81.1857136,22.4344532],[81.1839154,22.4336046],[81.1839188,22.4262223],[81.1862555,22.4218066],[81.1864507,22.4128585],[81.1881482,22.4077706],[81.1900108,22.4050638],[81.188837,22.400584],[81.1890717,22.3946603],[81.1884978,22.3934442],[81.1906503,22.3888719],[81.1893347,22.3849541],[81.1876666,22.384491],[81.1865265,22.3858094],[81.1816834,22.3881088],[81.1758022,22.3888688],[81.1716926,22.3873532],[81.1675791,22.387487],[81.1590225,22.383836],[81.1589166,22.3811641],[81.1640188,22.3752919],[81.1630897,22.3717458],[81.1632707,22.3671776],[81.1596565,22.3610297],[81.1526837,22.3613061],[81.1488732,22.3587675],[81.144243,22.3587113],[81.1367542,22.3559583],[81.1347735,22.3482215],[81.1247831,22.3428341],[81.1198466,22.338604],[81.11282303875441,22.336719310515072],[81.11566162109375,22.344089508056868],[81.11054992675787,22.35300064086931],[81.10685729980486,22.362180709838867],[81.10093688964861,22.38323974609375],[81.10266113281267,22.391269683838175],[81.10465240478538,22.410802841186467],[81.10346984863287,22.422080993652457],[81.1049194335937,22.432790756225586],[81.10999298095726,22.44112014770525],[81.12275695800787,22.447620391845703],[81.13404083251959,22.45199966430664],[81.14807891845703,22.455850601196346],[81.15782165527344,22.4744815826416],[81.1640701293947,22.481910705566463],[81.17066192626959,22.488000869750977],[81.18004608154325,22.49015045166027],[81.18686676025396,22.48921012878418],[81.19264221191418,22.482479095458928],[81.19323730468744,22.47370910644537],[81.19498958098833,22.467434592163265],[81.19232,22.4694816]]],[[[81.1100903,22.3240878],[81.1139815,22.321104],[81.1165233,22.3202991],[81.1156426,22.3177865],[81.117976,22.3087333],[81.1163396,22.3040642],[81.124024,22.2994047],[81.1312903,22.2993787],[81.1361569,22.3017921],[81.1365334,22.2922947],[81.1356799,22.2869373],[81.1324087,22.2826715],[81.1322829,22.2794975],[81.1339815,22.2727706],[81.1356482,22.2696208],[81.1347882,22.2640595],[81.1294657,22.2609304],[81.1314815,22.2569373],[81.133435,22.2560153],[81.1340922,22.251646],[81.1279504,22.2476302],[81.1193854,22.2511482],[81.1131799,22.2485439],[81.1148148,22.2427706],[81.1189815,22.2373371],[81.1148594,22.231954],[81.1098148,22.2311357],[81.1056043,22.2279068],[81.1042283,22.2295953],[81.1040469,22.2341715],[81.1058136,22.239211],[81.1023159,22.2449715],[81.0997394,22.2463348],[81.0950023,22.246147],[81.0917117,22.2482392],[81.0828427,22.2449418],[81.0789815,22.2386357],[81.0773466,22.2277706],[81.0749913,22.2255884],[81.074879,22.2136512],[81.0731104,22.2110808],[81.0765132,22.2061357],[81.0773148,22.1994373],[81.0789815,22.194682],[81.0764188,22.1893506],[81.0765829,22.1852126],[81.0734563,22.1823157],[81.0762075,22.1768055],[81.0725037,22.1728081],[81.0676902,22.1716614],[81.0656408,22.1677885],[81.0675467,22.1631486],[81.0664702,22.1611143],[81.0681799,22.1578024],[81.0697956,22.1510195],[81.0755387,22.1483092],[81.0773148,22.1419373],[81.0798148,22.1383043],[81.0790132,22.1344373],[81.0756799,22.133382],[81.080424,22.1218425],[81.0793341,22.1203774],[81.0734338,22.1193482],[81.0702561,22.1173623],[81.0609965,22.1184987],[81.0538734,22.1172765],[81.0506642,22.118824],[81.0476487,22.1185744],[81.0456951,22.1172663],[81.0491336,22.115732],[81.0489499,22.1134453],[81.0539663,22.1039329],[81.0397925,22.0957097],[81.0382752,22.0878993],[81.0411267,22.0864347],[81.0444373,22.0872152],[81.0456472,22.085801],[81.0419531,22.0819435],[81.0390087,22.0820307],[81.0367493,22.0778955],[81.0347586,22.0764723],[81.034315,22.0709512],[81.0368657,22.0663794],[81.0329145,22.0629753],[81.033325,22.0578675],[81.0309264,22.05539],[81.0324246,22.0527047],[81.0324105,22.0455443],[81.0352008,22.040543],[81.0421776,22.038192],[81.0432085,22.031427],[81.0456951,22.0303174],[81.0537299,22.0190373],[81.046805,22.0148485],[81.0482623,22.0135928],[81.0473568,22.0108834],[81.0427407,22.0113535],[81.0394895,22.009583],[81.0352676,22.0121238],[81.0340859,22.0148484],[81.0317337,22.016461],[81.0279841,22.012109],[81.0282579,22.0087016],[81.0251097,21.9999782],[81.0298073,21.9960964],[81.0336056,21.9943531],[81.0356406,21.9877631],[81.0371716,21.9863951],[81.0337065,21.9848047],[81.0298311,21.9802268],[81.0287661,21.9799141],[81.0198704,21.984613],[81.0167462,21.9844266],[81.0135919,21.9861407],[81.0098073,21.9853099],[81.0090208,21.9835964],[81.002423,21.9780388],[80.9990208,21.9735964],[80.9956874,21.9725672],[80.996474,21.9685964],[80.9997369,21.963925],[80.994493,21.9615182],[80.9906924,21.9577686],[80.9831406,21.9561432],[80.9769583,21.9511186],[80.9773566,21.9444344],[80.9756354,21.9392056],[80.9733671,21.9371789],[80.9678084,21.9386205],[80.9652205,21.9379676],[80.9667291,21.9284521],[80.9664165,21.9249731],[80.9673993,21.9220213],[80.9680405,21.9214147],[80.9720444,21.9223262],[80.9725552,21.9207163],[80.9744862,21.9199005],[80.9767656,21.9198868],[80.9803661,21.9218435],[80.9840703,21.9158865],[80.9889584,21.9171901],[80.9891649,21.9137252],[80.9866433,21.9111343],[80.9801627,21.9091331],[80.9767932,21.9044901],[80.9715409,21.9035002],[80.9683452,21.8971244],[80.9620443,21.8959385],[80.9547132,21.8851752],[80.9549025,21.8819989],[80.9522787,21.8782426],[80.9521705,21.8730148],[80.9536722,21.8683151],[80.9531393,21.8658759],[80.9504493,21.8634723],[80.9508243,21.8571814],[80.94976,21.855223],[80.9506246,21.8511201],[80.9478614,21.8482758],[80.9433854,21.8465467],[80.940126,21.8419482],[80.9382673,21.8376924],[80.9378608,21.8334778],[80.9388717,21.8244347],[80.9375759,21.8236897],[80.9318241,21.8238759],[80.9304166,21.8225291],[80.92042300026279,21.822443183639592],[80.91911315917997,21.82521057128912],[80.90641784667969,21.823869705200195],[80.89906311035185,21.823940277099837],[80.88723754882841,21.826629638671818],[80.88014984130882,21.826240539550895],[80.87046813964872,21.822910308837834],[80.84831237792974,21.830841064453125],[80.83895111084007,21.83262062072771],[80.83709716796903,21.831760406494368],[80.8358764648438,21.83214950561546],[80.8336868286134,21.834791183471623],[80.83280944824219,21.837499618530273],[80.83168029785162,21.84618949890165],[80.8343276977539,21.850698471069563],[80.84041595459001,21.85276031494135],[80.84117126464861,21.85645294189453],[80.8370208740235,21.862480163574332],[80.8366622924807,21.867019653320426],[80.83967590332031,21.87158012390148],[80.83959197998058,21.87540054321306],[80.83406066894543,21.882499694824332],[80.82543945312528,21.886650085449276],[80.8240585327149,21.889360427856502],[80.82456207275408,21.89470863342291],[80.82380676269548,21.897880554199276],[80.82544708251982,21.903881072998274],[80.8245315551759,21.908430099487305],[80.83589935302757,21.92793083190918],[80.8365631103515,21.93565940856945],[80.83561706542986,21.937030792236328],[80.83338928222662,21.946640014648608],[80.83184814453125,21.947441101074446],[80.82338714599621,21.94732093811058],[80.8222198486331,21.948350906372184],[80.81844329833979,21.95679092407238],[80.82022094726562,21.958131790161303],[80.82168579101557,21.958198547363565],[80.824516296387,21.956840515136776],[80.83178710937494,21.957941055298022],[80.83938598632841,21.957740783691634],[80.84336090087896,21.958410263061694],[80.84577178955078,21.960899353027457],[80.84851074218756,21.970010757446516],[80.85169219970703,21.97512054443382],[80.85312652587919,21.983480453491268],[80.85929870605486,21.997760772705192],[80.8593368530274,22.000129699707088],[80.86859893798822,22.011209487915266],[80.86950683593778,22.016500473022575],[80.868949890137,22.03359031677246],[80.87011718750011,22.038589477539062],[80.87735748291027,22.050712585449503],[80.87663269042986,22.05678939819353],[80.87895965576172,22.060600280761776],[80.88498687744152,22.060710906982536],[80.888442993164,22.06241035461437],[80.89122772216803,22.065959930419922],[80.89475250244158,22.076509475708292],[80.89817047119135,22.10132980346691],[80.90608978271507,22.114440917968864],[80.91084289550787,22.1191596984865],[80.91715240478538,22.120889663696516],[80.92479705810553,22.120670318603516],[80.93891906738287,22.119010925293082],[80.94552612304688,22.11748123168968],[80.9505233764649,22.113010406494254],[80.9575271606447,22.09715080261236],[80.96553802490251,22.08197975158714],[80.96573638916016,22.079170227050724],[80.96208953857439,22.061929702759016],[80.96341705322283,22.058361053467024],[80.97181701660173,22.054290771484432],[80.97364044189482,22.051771163940487],[80.97885131835932,22.04831123352045],[80.98259735107428,22.04895973205589],[80.98776245117216,22.04847908020031],[80.98808288574224,22.052209854126204],[80.98972320556635,22.056497573852653],[80.9911727905274,22.058080673217887],[80.9928207397461,22.057661056518782],[80.99916076660162,22.061500549316634],[81.0042724609375,22.07002067565918],[80.99742889404303,22.080869674682788],[80.99991607666021,22.089651107788086],[81.00395202636724,22.094451904297046],[81.00369262695312,22.096889495849837],[81.00006866455078,22.100830078125057],[80.9928207397461,22.105190277099723],[80.99027252197277,22.10907936096197],[80.98725128173845,22.110651016235636],[80.98020935058611,22.11280822753929],[80.97666931152366,22.11280822753929],[80.97432708740234,22.111360549926815],[80.97226715087896,22.111890792846964],[80.97081756591808,22.114650726318416],[80.9717559814456,22.12148094177246],[80.97342681884788,22.12368965148943],[80.9867019653322,22.130870819091854],[81.00517272949213,22.132722854614315],[81.01579284667997,22.132709503173828],[81.01740264892595,22.140279769897518],[81.01761627197266,22.15384864807129],[81.01905059814482,22.165260314941634],[81.01715087890653,22.171039581299],[81.01328277587913,22.177490234375227],[81.01169586181658,22.184009552002124],[81.0155105590822,22.18840980529808],[81.02150726318365,22.18703079223627],[81.0251159667971,22.188821792602596],[81.02477264404325,22.19313049316429],[81.02575683593761,22.197690963745174],[81.02349090576189,22.202829360961914],[81.01922607421903,22.207790374755973],[81.01579284667997,22.21410942077648],[81.01570892333984,22.220211029052678],[81.01944732666044,22.229190826416016],[81.03631591796875,22.237718582153263],[81.04043579101574,22.240570068359375],[81.04886627197283,22.244190216064567],[81.05452728271513,22.243871688843058],[81.06282043457031,22.246852874755916],[81.06923675537121,22.246259689331055],[81.07258605957037,22.241741180420036],[81.08467864990263,22.246749877929744],[81.09178161621111,22.267860412597656],[81.09681701660162,22.27746009826683],[81.1138458251956,22.29438018798828],[81.11501312255871,22.303239822387752],[81.11470031738281,22.312589645385742],[81.11045837402338,22.32149124145502],[81.10926818847685,22.329639434814567],[81.1093189722672,22.329731647486536],[81.1100903,22.3240878]]]]}},{"type":"Feature","properties":{"state":"Chhattisgarh","state_slug":"chhattisgarh","district":"Mungeli","district_slug":"mungeli","district_as_supplied":"Mungeli","renamed_from_source":false,"layers":{"climate":true,"ndvi":true,"soil_moisture":true,"crop_des":true,"groundwater":true,"advisory":true},"climate_kind":"gee"},"geometry":{"type":"MultiPolygon","coordinates":[[[[81.7240967,22.6715365],[81.7242187,22.6644908],[81.7207418,22.6634172],[81.7231406,22.6612739],[81.7218363,22.6582156],[81.7133101,22.6494676],[81.707726,22.6477433],[81.7027115,22.6421309],[81.69875930664917,22.64588941631392],[81.70701599121105,22.649641036987305],[81.71411132812511,22.655630111694393],[81.71800231933594,22.66373062133789],[81.71962738037121,22.67002105712902],[81.72294616699219,22.676210403442326],[81.7240967,22.6715365]]],[[[81.6824852,22.6478618],[81.6808138,22.6429737],[81.6740676,22.6390459],[81.6730226,22.6345545],[81.6681406,22.6336432],[81.6668489,22.630829],[81.6615136,22.625523],[81.6602438,22.6187187],[81.64996469091673,22.62037975279609],[81.65479278564464,22.621589660644645],[81.65654754638672,22.63200187683117],[81.66316223144543,22.632720947265625],[81.67859649658214,22.648880004882926],[81.6824852,22.6478618]]],[[[81.6438914,22.6139252],[81.6459177,22.6098861],[81.643338,22.6069987],[81.64141047379366,22.606114129383005],[81.64394769162244,22.614869598103002],[81.6438914,22.6139252]]],[[[81.641474,22.6044298],[81.6424983,22.6035144],[81.642208,22.5986458],[81.6440682,22.5952229],[81.6441935,22.5882446],[81.64326333959262,22.584231018259466],[81.64012145996088,22.586549758911246],[81.64163208007824,22.592090606689567],[81.641474,22.6044298]]],[[[81.6504657,22.5804193],[81.6530493,22.5781109],[81.6567433,22.5699003],[81.6534622,22.5647409],[81.6455145,22.5641711],[81.64393528818941,22.565052002821105],[81.64868927001964,22.56895065307623],[81.64942169189464,22.576080322265625],[81.64568374180948,22.581531974314398],[81.6504657,22.5804193]]],[[[81.5653955,22.550658],[81.5623148,22.5479054],[81.5613148,22.5351319],[81.55731201171886,22.537590026855526],[81.55741882324224,22.546890258789062],[81.5630569458009,22.551008224487305],[81.5653955,22.550658]]],[[[81.5537815,22.5307897],[81.5532476,22.5301051],[81.54840895027726,22.531373047687865],[81.55468991940457,22.531954345222747],[81.5537815,22.5307897]]],[[[81.521474,22.5369298],[81.5228896,22.5343247],[81.5203812,22.5277999],[81.51322303313825,22.525882733636635],[81.51471710205084,22.528690338134766],[81.5146713256836,22.53403091430664],[81.51541900634766,22.53675079345703],[81.5190658569336,22.539981842041072],[81.52078246268476,22.539945099623452],[81.521474,22.5369298]]],[[[81.4959086,22.51811],[81.493974,22.5161432],[81.4931874,22.5119298],[81.4911755,22.5078441],[81.4855857,22.5028497],[81.4858861,22.4903114],[81.4817425,22.4895131],[81.48147319206585,22.488640907472035],[81.47985839843761,22.493310928344727],[81.48574829101568,22.503349304199332],[81.49011993408209,22.508430480957088],[81.49175262451172,22.517330169677848],[81.4932098388673,22.5196208953858],[81.49716761088179,22.522538006170574],[81.4959086,22.51811]]]]}},{"type":"Feature","properties":{"state":"Chhattisgarh","state_slug":"chhattisgarh","district":"Rajnandgaon","district_slug":"rajnandgaon","district_as_supplied":"Rajnandgaon","renamed_from_source":false,"layers":{"climate":true,"ndvi":true,"soil_moisture":true,"crop_des":true,"groundwater":true,"advisory":true},"climate_kind":"gee"},"geometry":{"type":"Polygon","coordinates":[[[80.9198773,21.8223929],[80.9188941,21.8201899],[80.9148866,21.8160474],[80.9145854,21.8113802],[80.9136648,21.8104319],[80.9094258,21.8116122],[80.908687,21.8136248],[80.9057718,21.8118852],[80.9052376,21.8123905],[80.9062209,21.8146437],[80.9058122,21.8177588],[80.9014612,21.8183371],[80.8999672,21.8200028],[80.898143,21.8205659],[80.8977249,21.8223255],[80.8955421,21.824226],[80.8923048,21.8194719],[80.8923992,21.817888],[80.8873541,21.8135964],[80.8850127,21.8125218],[80.8831874,21.8057068],[80.8865208,21.7936432],[80.887443,21.7857711],[80.8940037,21.7803882],[80.902922,21.7789984],[80.9040309,21.776958],[80.9029319,21.7738951],[80.9068765,21.7663221],[80.9041079,21.7662374],[80.901474,21.7619766],[80.9006771,21.758552],[80.8966518,21.7594665],[80.8957803,21.761419],[80.8932252,21.7586385],[80.8866518,21.7611332],[80.8835629,21.7660964],[80.8812283,21.7652175],[80.8815235,21.7602637],[80.8748073,21.7578099],[80.8711904,21.7548931],[80.8640208,21.7545262],[80.8649724,21.7493679],[80.8665236,21.745988],[80.8716552,21.7427244],[80.8757097,21.7377828],[80.874032,21.7362838],[80.8739715,21.7352698],[80.8756406,21.7277631],[80.879402,21.7229094],[80.8781478,21.7201767],[80.8725753,21.7175084],[80.8711996,21.7178713],[80.868375,21.7210327],[80.8574522,21.7220701],[80.854692,21.7164045],[80.8486758,21.7127305],[80.8473541,21.7085964],[80.8456874,21.7071072],[80.8464751,21.7052602],[80.8489146,21.7054057],[80.8509544,21.7005015],[80.8474697,21.6995436],[80.844611,21.6969219],[80.8420371,21.6968861],[80.839769,21.7012562],[80.8359328,21.7028725],[80.8346095,21.7045258],[80.8286834,21.7077669],[80.8279429,21.7092135],[80.8323244,21.7121058],[80.8303989,21.7197266],[80.8264943,21.7238346],[80.8230687,21.7234737],[80.8175833,21.7194668],[80.8158148,21.7196868],[80.8133131,21.721563],[80.8125316,21.7203137],[80.8046756,21.7203008],[80.8028802,21.7219638],[80.8020794,21.7244956],[80.7986476,21.725313],[80.7989438,21.732788],[80.7946299,21.7327329],[80.7931073,21.7356107],[80.7954136,21.7402994],[80.7953477,21.7419649],[80.7970469,21.7436622],[80.8029795,21.744473],[80.8029206019276,21.74595147746996],[80.81120300292986,21.747491836548136],[80.81166839599615,21.750829696655558],[80.81033325195318,21.755380630493335],[80.81063079834001,21.761030197143555],[80.81918334960949,21.77815818786621],[80.8211059570312,21.78697967529297],[80.8255004882812,21.794500350952433],[80.82797241210932,21.796821594238395],[80.83170318603538,21.804809570312557],[80.83238983154314,21.813800811767578],[80.83380126953148,21.820209503174112],[80.83767700195341,21.829851150512752],[80.83709716796903,21.831760406494368],[80.83895111084007,21.83262062072771],[80.84831237792974,21.830841064453125],[80.87046813964872,21.822910308837834],[80.88014984130882,21.826240539550895],[80.88723754882841,21.826629638671818],[80.89906311035185,21.823940277099837],[80.90641784667969,21.823869705200195],[80.91911315917997,21.82521057128912],[80.92042300026279,21.822443183639592],[80.9198773,21.8223929]]]}},{"type":"Feature","properties":{"state":"Gujarat","state_slug":"gujarat","district":"Bharuch","district_slug":"bharuch","district_as_supplied":"Bharuch","renamed_from_source":false,"layers":{"climate":true,"ndvi":true,"soil_moisture":true,"crop_des":true,"groundwater":true,"advisory":true},"climate_kind":"gee"},"geometry":{"type":"MultiPolygon","coordinates":[[[[73.4297925,21.5179933],[73.4262661,21.5174141],[73.4256921,21.5275547],[73.4224692,21.529034],[73.4200395,21.5353542],[73.4157874,21.542207],[73.4159032,21.5441512],[73.422037,21.5455782],[73.423326,21.5470208],[73.4275395,21.5478074],[73.4286551,21.5526021],[73.4248732,21.5579142],[73.4233728,21.5629441],[73.4267062,21.5644741],[73.4274927,21.5681874],[73.423326,21.5694741],[73.4190101,21.5736853],[73.4194653,21.5813212],[73.4245343,21.5810191],[73.4274107,21.5777997],[73.4289753,21.5778928],[73.4299927,21.5811875],[73.4340489,21.5841312],[73.4351307,21.5864884],[73.4375395,21.5886407],[73.4386116,21.5932483],[73.4374006,21.5954767],[73.4376006,21.598833],[73.4426354,21.5987457],[73.4425479,21.6037813],[73.4458728,21.6053074],[73.4475395,21.6069741],[73.4493052,21.6113228],[73.4525395,21.6128074],[73.4534115,21.614707],[73.4533081,21.6164398],[73.4512834,21.6201658],[73.4491566,21.6211419],[73.4491358,21.6240356],[73.4450755,21.626618],[73.4431023,21.6350986],[73.4374927,21.6394741],[73.4358728,21.6436875],[73.4341594,21.6444741],[73.4328573,21.6500704],[73.4308654,21.6520294],[73.4248941,21.6507536],[73.416815,21.6473877],[73.418423,21.6444287],[73.4149927,21.6428542],[73.414137,21.6400832],[73.4051638,21.6384084],[73.4041683,21.6351847],[73.4024927,21.6336875],[73.4013104,21.6311118],[73.3942463,21.6304016],[73.3889399,21.6286875],[73.3867062,21.6311875],[73.3803859,21.6323673],[73.3789315,21.6339949],[73.3707599,21.6322491],[73.3708755,21.6303096],[73.3698914,21.6294303],[73.3593971,21.6294358],[73.3558599,21.6269649],[73.3513439,21.6281744],[73.3466288,21.6252596],[73.3397697,21.6252913],[73.3380786,21.6162308],[73.3395236,21.6108355],[73.3350671,21.6087901],[73.3323563,21.6050549],[73.326971,21.6000657],[73.3197733,21.6036407],[73.3165368,21.6018819],[73.3126621,21.602113],[73.3105388,21.600959],[73.3034126,21.6010437],[73.301762,21.602891],[73.2991819,21.6019653],[73.2917914,21.6048087],[73.2898393,21.6018837],[73.2859607,21.602115],[73.2833037,21.600259],[73.2786601,21.6005359],[73.2758963,21.599034],[73.2695499,21.5975573],[73.2672518,21.5949853],[73.2621718,21.5975038],[73.2578427,21.5959505],[73.2557816,21.5970705],[73.2500395,21.5919741],[73.2465267,21.5908893],[73.2379328,21.5939268],[73.2353778,21.5925382],[73.2324703,21.5945693],[73.2208326,21.5944716],[73.2169279,21.5958728],[73.2074482,21.5902577],[73.2058419,21.5920556],[73.2023919,21.5868908],[73.1941593,21.5853542],[73.1888612,21.5826198],[73.1836462,21.5780139],[73.1800161,21.5799865],[73.1728252,21.5775439],[73.1706207,21.5740775],[73.1666593,21.5728542],[73.1633737,21.5705591],[73.1625135,21.566862],[73.1606714,21.565216],[73.1558729,21.5569741],[73.153364,21.5547324],[73.1466593,21.5536875],[73.1441516,21.5512695],[73.1442469,21.5496722],[73.1318483,21.5409857],[73.1256066,21.5453074],[73.1203275,21.5426255],[73.115826,21.5444741],[73.1107101,21.5487443],[73.1091969,21.5520412],[73.1075395,21.5511407],[73.0966593,21.5503542],[73.0917297,21.5482007],[73.08594473883336,21.54729908912356],[73.08329772949241,21.553701400756836],[73.07755279541021,21.559450149536246],[73.07144927978521,21.562780380249137],[73.06408691406278,21.564729690551815],[73.0552368164063,21.536331176757756],[73.04763031005882,21.5323295593264],[73.0479393546673,21.526840154464757],[73.0400395,21.5236407],[73.0339912,21.5222335],[73.0302743,21.5163891],[73.02961379841102,21.516235473534795],[73.02791595459001,21.522581100464038],[73.02218627929705,21.52255249023449],[73.01893615722673,21.521339416504134],[73.0088195800783,21.533370971679915],[73.00547790527366,21.535789489746264],[72.99817657470703,21.536729812622355],[72.99471282959001,21.535249710083008],[72.99479675292991,21.52556037902832],[72.99349975585966,21.51938056945812],[72.98943328857428,21.518020629882756],[72.96478271484392,21.5155410766601],[72.95160675048845,21.510419845581282],[72.95211791992216,21.504631042480753],[72.95440673828153,21.497591018676815],[72.9631834721443,21.483956135186162],[72.9615627,21.4838803],[72.9616022,21.4831401],[72.9592694,21.482289],[72.9585973,21.4800316],[72.9593881,21.4800686],[72.9594672,21.4785884],[72.95771106061027,21.47702221632822],[72.9524693,21.4760347],[72.9515994,21.4774779],[72.9500179,21.4774038],[72.9500575,21.4766637],[72.9476853,21.4765525],[72.947725,21.4758123],[72.9461039,21.4764783],[72.9461435,21.4757382],[72.9445621,21.475664],[72.9446017,21.4749239],[72.9430203,21.4748497],[72.9430599,21.4741096],[72.9414785,21.4740354],[72.9415181,21.4732953],[72.9336508,21.4721838],[72.9337699,21.4699635],[72.9313978,21.469852],[72.9306866,21.4683347],[72.9227799,21.4679628],[72.9219097,21.4694058],[72.921119,21.4693686],[72.9210395,21.4708488],[72.9194582,21.4707744],[72.9194184,21.4715145],[72.9170861,21.4706627],[72.9170463,21.4714028],[72.9146743,21.471291],[72.9146345,21.4720311],[72.9138438,21.4719939],[72.9138836,21.4712538],[72.9130929,21.4712165],[72.9130531,21.4719566],[72.9114717,21.4718821],[72.9097709,21.4740279],[72.9065682,21.4746189],[72.905658,21.4768019],[72.9064487,21.4768392],[72.9064089,21.4775793],[72.8984618,21.4779462],[72.8975514,21.4801292],[72.8927671,21.4806452],[72.8927272,21.4813853],[72.8919364,21.481348],[72.8918965,21.4820881],[72.8926873,21.4821254],[72.8925675,21.4843457],[72.8917767,21.4843084],[72.8924477,21.4865661],[72.8908662,21.4864913],[72.8899556,21.4886743],[72.8891648,21.4886369],[72.8890849,21.4901171],[72.8898757,21.4901545],[72.8897958,21.4916347],[72.889005,21.4915973],[72.889676,21.493855],[72.8880944,21.4937803],[72.8879346,21.4967407],[72.8871437,21.4967033],[72.8861931,21.4996264],[72.8837805,21.5002542],[72.8844515,21.502512],[72.8836606,21.5024746],[72.8835807,21.5039548],[72.8819589,21.5046201],[72.8818789,21.5061003],[72.8802972,21.5060255],[72.8803372,21.5052853],[72.8787554,21.5052105],[72.8787154,21.5059506],[72.8779245,21.5059131],[72.8779645,21.505173],[72.8732193,21.5049483],[72.8731793,21.5056884],[72.8699757,21.5062786],[72.8699356,21.5070187],[72.8668122,21.5061286],[72.866732,21.5076089],[72.8651102,21.5082739],[72.8651502,21.5075338],[72.8643593,21.5074963],[72.8652304,21.5060536],[72.8628979,21.505201],[72.8637689,21.5037583],[72.8629781,21.5037207],[72.8630582,21.5022405],[72.8606857,21.5021279],[72.8615968,21.4999452],[72.860806,21.4999076],[72.8608461,21.4991675],[72.8553103,21.4989047],[72.8553504,21.4981646],[72.8545596,21.498127],[72.8536885,21.4995697],[72.851316,21.4994569],[72.8521871,21.4980143],[72.8513963,21.4979767],[72.8514364,21.4972366],[72.8475225,21.4963086],[72.8475627,21.4955685],[72.8459811,21.4954932],[72.8460213,21.4947531],[72.8413569,21.4930472],[72.8406465,21.4915294],[72.8366926,21.4913411],[72.8359823,21.4898233],[72.83361,21.4897103],[72.8336502,21.4889702],[72.8328595,21.4889325],[72.8328192,21.4896726],[72.8320284,21.4896349],[72.8313182,21.488117],[72.8289459,21.488004],[72.8298978,21.4850813],[72.8275658,21.4842281],[72.827445,21.4864484],[72.8258232,21.487113],[72.8257829,21.4878531],[72.8249921,21.4878154],[72.8250324,21.4870753],[72.8226602,21.4869621],[72.8227005,21.486222],[72.8219097,21.4861843],[72.8218694,21.4869244],[72.8194972,21.4868112],[72.8177946,21.4889559],[72.815382,21.4895827],[72.8153013,21.4910629],[72.8128886,21.4916896],[72.8128078,21.4931698],[72.8104355,21.4930564],[72.8103143,21.4952767],[72.8095235,21.4952389],[72.8094831,21.495979],[72.8055291,21.4957899],[72.8054887,21.49653],[72.8046979,21.4964922],[72.8045766,21.4987125],[72.8021637,21.499339],[72.8021233,21.5000791],[72.8005417,21.5000034],[72.8004203,21.5022237],[72.7988386,21.502148],[72.7978455,21.5058106],[72.7954729,21.505697],[72.7954325,21.5064371],[72.7946416,21.5063992],[72.7946821,21.5056591],[72.7923095,21.5055454],[72.7923905,21.5040653],[72.7908088,21.5039895],[72.790099,21.5024714],[72.7885173,21.5023956],[72.7884363,21.5038757],[72.7899775,21.5046916],[72.7899369,21.5054317],[72.7875644,21.505318],[72.7868546,21.5037999],[72.7844821,21.5036861],[72.7835696,21.5058684],[72.7819879,21.5057926],[72.7819473,21.5065326],[72.7779931,21.5063429],[72.7779525,21.5070829],[72.7763708,21.507007],[72.7757017,21.5047488],[72.7733697,21.5038947],[72.7734103,21.5031546],[72.7726195,21.5031166],[72.7725789,21.5038567],[72.7662522,21.5035526],[72.7653801,21.5049947],[72.7630075,21.5048806],[72.7629262,21.5063608],[72.7621354,21.5063227],[72.7612632,21.5077648],[72.7581811,21.5061324],[72.7581404,21.5068725],[72.7565587,21.5067963],[72.756518,21.5075364],[72.7533546,21.5073841],[72.753436,21.5059039],[72.7511042,21.5050495],[72.7502319,21.5064916],[72.7494411,21.5064534],[72.7501097,21.5087118],[72.7484873,21.5093756],[72.7476149,21.5108177],[72.7452423,21.5107033],[72.7452015,21.5114433],[72.7444107,21.5114052],[72.7442884,21.5136254],[72.7450793,21.5136636],[72.7442068,21.5151056],[72.7402116,21.5156549],[72.7402524,21.5149148],[72.7394615,21.5148767],[72.7394207,21.5156167],[72.7378389,21.5155404],[72.7378797,21.5148003],[72.735507,21.5146857],[72.7354662,21.5154258],[72.7346753,21.5153876],[72.733966,21.5138693],[72.7315934,21.5137547],[72.7316342,21.5130146],[72.7292207,21.51364],[72.7293024,21.5121598],[72.7277207,21.5120834],[72.7277615,21.5113433],[72.7261798,21.5112668],[72.7261389,21.5120069],[72.7245572,21.5119304],[72.7245163,21.5126705],[72.7229345,21.512594],[72.7229754,21.5118539],[72.7205619,21.5124792],[72.7206846,21.510259],[72.7191029,21.5101824],[72.7191847,21.5087023],[72.7183938,21.508664],[72.7192665,21.5072221],[72.7176848,21.5071456],[72.7169758,21.5056272],[72.7146442,21.5047722],[72.7147261,21.5032921],[72.7124355,21.501697],[72.7133082,21.5002552],[72.7125174,21.5002169],[72.7125583,21.4994768],[72.7086043,21.4992852],[72.7079364,21.4970267],[72.7063139,21.4976901],[72.7064368,21.4954699],[72.7048143,21.4961332],[72.7049782,21.493173],[72.7033967,21.4930963],[72.7034377,21.4923562],[72.699484,21.4921644],[72.699443,21.4929044],[72.6978615,21.4928277],[72.6979025,21.4920876],[72.6971117,21.4920492],[72.6970707,21.4927893],[72.6954892,21.4927125],[72.6954482,21.4934525],[72.6938667,21.4933757],[72.693158,21.4918572],[72.6915765,21.4917803],[72.6906626,21.4939621],[72.6898718,21.4939237],[72.6897897,21.4954038],[72.6865856,21.4959901],[72.6868321,21.4915497],[72.6852506,21.4914728],[72.6853328,21.4899927],[72.6837513,21.4899158],[72.6839157,21.4869556],[72.6823754,21.4861386],[72.6824165,21.4853986],[72.6832072,21.485437],[72.6832894,21.4839569],[72.6864932,21.4833707],[72.6866165,21.4811506],[72.6892133,21.4809992],[72.6847488,21.4757632],[72.6803868,21.4723313],[72.6666137,21.4653157],[72.6607741,21.4575499],[72.6568862,21.4547086],[72.651253,21.4536565],[72.65152740478544,21.459861755371094],[72.652641296387,21.46097946167015],[72.65235900878923,21.462083816528548],[72.65402984619135,21.462638854980526],[72.65486145019531,21.464311],[72.655693,21.4637508],[72.656258,21.4648609],[72.65597534179705,21.465694427490405],[72.65430450439459,21.465694427490405],[72.6534729003908,21.46486091613764],[72.65207672119169,21.465421],[72.65402984619135,21.466249465942383],[72.6554183959961,21.468471527099723],[72.65764,21.46958],[72.65820312500028,21.471809387207145],[72.66041564941412,21.47347259521507],[72.66041564941412,21.475139],[72.6617965698245,21.47513961791998],[72.663483,21.477922],[72.66485595703153,21.477922439575423],[72.6668090820312,21.48458480834978],[72.6670761108399,21.492359161377067],[72.668199,21.49375],[72.668199,21.496810875081664],[72.6690292358399,21.49875068664562],[72.668748,21.50208282470726],[72.67069244384766,21.50319480896019],[72.67124176025408,21.505422592163256],[72.670419,21.50903],[72.670968,21.511249],[72.671807,21.51292],[72.6793060302735,21.513750076293945],[72.68208312988298,21.515970230102482],[72.682083,21.51764],[72.6815281,21.51764],[72.67958068847668,21.515694],[72.67652893066418,21.515693664551065],[72.674026,21.514306],[72.6709680193174,21.514579775455523],[72.67318725585943,21.51681137084978],[72.674576,21.52126121520996],[72.67624664306646,21.521804809570597],[72.67874908447288,21.524585],[72.68264007568354,21.526809692382812],[72.684586,21.5268078],[72.686532,21.52847290039091],[72.69568634033209,21.52707099914568],[72.70569610595732,21.527917861938533],[72.70764160156267,21.529582977294922],[72.71430206298822,21.531248092651424],[72.72180938720703,21.534582138061523],[72.72680664062523,21.534860610961857],[72.73069763183605,21.536529541015568],[72.73291778564476,21.536527633666992],[72.73486328125028,21.537919998168945],[72.73680877685541,21.538196563720703],[72.739586,21.54153],[72.74069213867188,21.541809082031364],[72.74097442626982,21.5431938171389],[72.74180603027361,21.54347229003929],[72.74180603027361,21.545694],[72.742638,21.5456944],[72.742364,21.550141],[72.739586,21.5526409],[72.73596954345726,21.553195953369254],[72.73542022705107,21.554861],[72.73652648925787,21.55541610717779],[72.73681,21.556805],[72.73486328125028,21.55624961853033],[72.7331924438476,21.554861068725813],[72.7331924438476,21.552080154418945],[72.73458099365234,21.55097389221214],[72.74013519287115,21.549863773618167],[72.73958587646507,21.54375076293968],[72.73707580566412,21.54042053222679],[72.732634,21.5395832],[72.732085,21.538749694824276],[72.71930694580095,21.537082672119368],[72.71819305419928,21.53624000613448],[72.7129078,21.53542],[72.70597076416016,21.532083511352766],[72.69875335693365,21.53319358825712],[72.69596862792997,21.534582138061523],[72.69124603271501,21.534860610961857],[72.688469,21.536527633896082],[72.68403,21.541530609130973],[72.68403,21.54292],[72.6831989,21.54292],[72.6815261840822,21.540140151977653],[72.6784744262697,21.539861679077262],[72.6754226684572,21.53764],[72.67180633544939,21.537082672119368],[72.66570281982439,21.53320121765165],[72.66319274902338,21.52902984619152],[72.6609725952149,21.52736091613781],[72.6537654,21.5275073],[72.6509601,21.5268839],[72.6487781,21.5250137],[72.644726,21.524702],[72.641609,21.5262605],[72.641609,21.5296892],[72.6434792,21.5309361],[72.644726,21.5328063],[72.6444143,21.5337414],[72.6412973,21.5352999],[72.6369335,21.5359233],[72.6306994,21.5390403],[72.6141792,21.5546254],[72.6126207,21.5574307],[72.6126207,21.5714573],[72.6098154,21.5764445],[72.607918,21.5829691],[72.615143,21.592639923095817],[72.616807,21.5929203],[72.617363,21.59514],[72.62069702148455,21.596250534057845],[72.622094,21.60320091247587],[72.62486267089861,21.606525421142805],[72.62541961669916,21.60848],[72.62625122070312,21.608749389648494],[72.628198,21.616809831782323],[72.6345825195312,21.619306564331055],[72.6351337,21.620420455932617],[72.63846588134771,21.620420455932617],[72.64402770996116,21.617361068725586],[72.64791870117199,21.617080688476562],[72.649583,21.6184712],[72.64985656738298,21.62014],[72.65235900878923,21.62375],[72.65319824218756,21.623193740844897],[72.6554183959961,21.623750686645508],[72.65819549560575,21.62541580200201],[72.65708160400385,21.626252],[72.65791320800781,21.627639770507926],[72.6604176,21.6281948],[72.66541290283209,21.627359390258732],[72.6659718,21.6281948],[72.672638,21.6279163],[72.67514038085943,21.629028320312443],[72.675141,21.629863],[72.67764282226591,21.63097000122076],[72.67846679687517,21.63265],[72.680419921875,21.63291740417486],[72.6815281,21.634309764282676],[72.68791961669928,21.637638092041072],[72.689584,21.639860153198185],[72.69236755371088,21.640691757202376],[72.69346618652372,21.644029617309798],[72.696809,21.6484699],[72.69653320312528,21.64903],[72.699029,21.650972],[72.702364,21.6520824],[72.70486450195318,21.6520824],[72.7062530517581,21.650417327880916],[72.70708465576189,21.6506938934329],[72.70764160156267,21.649578094482422],[72.71041107177757,21.648199081421012],[72.71180725097668,21.64513969421398],[72.7137527465822,21.6437511],[72.71541595459013,21.64097023010254],[72.71819305419928,21.63958168029785],[72.72319793701178,21.63875007629406],[72.7282028198245,21.639030456543196],[72.73124694824247,21.64014053344738],[72.73486328125028,21.639305114746207],[72.73596954345726,21.640693],[72.73930358886736,21.640693664550952],[72.740418,21.64208221384635],[72.74736022949219,21.642360687256087],[72.749306,21.644583],[72.7495803833009,21.647649],[72.7520847,21.65014076232933],[72.75681304931669,21.65014076232933],[72.76040649414091,21.64875030517601],[72.76040649414091,21.647920608520792],[72.77625274658232,21.645414352417163],[72.784576,21.6448612],[72.792642,21.6462498],[72.80958557128929,21.652082443237305],[72.82068634033232,21.658750534057617],[72.823472,21.661251],[72.82624816894543,21.662361145019645],[72.82958221435553,21.66514015197754],[72.83513641357428,21.667360305786246],[72.83319091796875,21.67292022705078],[72.83235931396496,21.67319679260254],[72.8301373,21.67180446223212],[72.81569671630882,21.667360305786246],[72.8143063,21.666250228882063],[72.798187,21.661529541015852],[72.7798614501956,21.6631947],[72.761803,21.66930580312927],[72.75985717773466,21.671249389648438],[72.756814,21.67235946875345],[72.7565307617188,21.67319679260254],[72.752358,21.6757],[72.75235748291021,21.67653083801298],[72.7498626708985,21.67875],[72.747643,21.68486],[72.74514,21.687085],[72.74208068847662,21.689029693603516],[72.7362537,21.6895847],[72.72763824462902,21.68514060974144],[72.72097015380871,21.683469772338924],[72.71819305419928,21.681249618530217],[72.7112484,21.6784725],[72.7051411,21.6790295],[72.7045841,21.6801395],[72.7031879,21.6804218],[72.6998615,21.68013954162609],[72.69847106933588,21.681531906128157],[72.6890258789063,21.6795826],[72.6812534,21.6795826],[72.6759739,21.6818066],[72.6695881,21.6832027],[72.6643085,21.6823635],[72.6595764160158,21.6784725],[72.65651702880854,21.677919387817383],[72.65597534179705,21.677083987406508],[72.6520863,21.6773624],[72.6501408,21.6784725],[72.6323643,21.6790295],[72.62180328369135,21.680421829223803],[72.6159687,21.68013954162609],[72.6118107,21.6820812],[72.60236358642595,21.6806965],[72.6004162,21.6815319],[72.599585,21.680694587715994],[72.59735870361357,21.680700302124194],[72.59486389160185,21.67958259582548],[72.58875274658232,21.6743069],[72.5868053,21.6745853],[72.58625030517584,21.6734715],[72.5840244,21.6729221],[72.58347320556658,21.672082901001204],[72.5820789,21.6729221],[72.58069610595709,21.670972812923978],[72.57736206054682,21.670419692993278],[72.57180786132824,21.666807217554993],[72.56903839111334,21.666532516479606],[72.56709289550798,21.6648617],[72.565414428711,21.66458320617693],[72.56485748291021,21.66180610876015],[72.56263732910185,21.661529541015852],[72.56291198730469,21.6590328],[72.56180572509771,21.6584721],[72.5606937,21.658750534057617],[72.5606937,21.660696],[72.55874633789068,21.6593113],[72.5504246,21.6590328],[72.549858093262,21.6584721],[72.5473652,21.6584721],[72.54596710205084,21.65986061096214],[72.5431995,21.6601429],[72.541254,21.6623631],[72.539307,21.662917],[72.5362492,21.6656933],[72.5354176,21.6681957],[72.5323562622072,21.671457074326334],[72.5376249,21.6717932],[72.5405314,21.6748141],[72.5515895,21.6773193],[72.5542678,21.6798491],[72.5542074,21.6869585],[72.5556136,21.6878523],[72.5651441,21.6913538],[72.5770476,21.6941193],[72.5884674,21.7000803],[72.5886961,21.703217],[72.5995779,21.7138093],[72.6014425,21.7171507],[72.602113,21.7204334],[72.637529,21.7518429],[72.677328,21.7755187],[72.6858902,21.779504],[72.6882424,21.778233],[72.7009659,21.7812471],[72.7105217,21.7868773],[72.7351574,21.7983489],[72.7517077,21.8013299],[72.7775344,21.8161547],[72.814734,21.829706],[72.832582,21.8414235],[72.8332746,21.8433743],[72.8320106,21.8466706],[72.8356778,21.8557004],[72.8371339,21.8569061],[72.842415,21.8586722],[72.855394,21.8588141],[72.8585707,21.8601011],[72.8626606,21.865125],[72.8653623,21.8658211],[72.8760387,21.8672729],[72.8852874,21.8672531],[72.8863142,21.865556],[72.8891121,21.865688],[72.889065,21.8665585],[72.8899976,21.8666025],[72.8900447,21.8657319],[72.8909773,21.8657759],[72.8909302,21.8666464],[72.8946607,21.8668222],[72.8946136,21.8676928],[72.8964789,21.8677807],[72.896526,21.8669101],[72.8993238,21.8670419],[72.8992768,21.8679124],[72.90394,21.8681319],[72.9037989,21.8707436],[72.9047316,21.8707874],[72.9047786,21.8699169],[72.9066439,21.8700046],[72.9065499,21.8717457],[72.9083683,21.872704],[72.9083213,21.8735746],[72.9111193,21.8737061],[72.9112132,21.871965],[72.9177419,21.8722717],[72.917695,21.8731423],[72.9195603,21.8732298],[72.9195134,21.8741004],[72.9204461,21.8741442],[72.920493,21.8732736],[72.9223584,21.8733612],[72.9225928,21.8690084],[72.9198887,21.8671359],[72.9200294,21.8645243],[72.920962,21.8645681],[72.9210558,21.862827],[72.9219884,21.8628707],[72.9221291,21.8602591],[72.9211965,21.8602153],[72.9212434,21.8593447],[72.922176,21.8593885],[72.9224104,21.8550357],[72.923343,21.8550795],[72.9234836,21.8524679],[72.9244161,21.8525116],[72.9245567,21.8499],[72.9236242,21.8498562],[72.9236711,21.8489857],[72.9246036,21.8490294],[72.9247442,21.8464178],[72.926656,21.8456347],[72.9268903,21.841282],[72.928802,21.8404989],[72.9279426,21.8390992],[72.9296579,21.8398869],[72.9311735,21.8427788],[72.9387673,21.8439617],[72.9406224,21.8468803],[72.940442,21.849931],[72.9430336,21.8525335],[72.9429063,21.8546955],[72.9404433,21.85822],[72.939477,21.8613525],[72.9404928,21.8632248],[72.9404964,21.8658154],[72.9469815,21.8663568],[72.9503756,21.8701483],[72.9579173,21.8738149],[72.9604315,21.882406],[72.9622225,21.8834494],[72.9632736,21.8862402],[72.9654559,21.886922],[72.968168,21.8841764],[72.9712928,21.8848776],[72.9749393,21.8819219],[72.9792602,21.8812416],[72.9823281,21.8792436],[72.9847381,21.8825272],[72.9880503,21.8817843],[72.9904649,21.8782889],[72.9924405,21.8795747],[72.997309,21.8802169],[72.9983651,21.882318],[73.0020998,21.8840808],[73.0048644,21.883271],[73.0067155,21.8810403],[73.0088442,21.8812577],[73.0087295,21.8831887],[73.0102597,21.8852931],[73.0139595,21.8817041],[73.0156256,21.8836485],[73.0204442,21.8856239],[73.0224894,21.8844535],[73.0274827,21.8841188],[73.0317168,21.8857096],[73.0380987,21.8850602],[73.0403158,21.8868429],[73.0387776,21.8882194],[73.0381711,21.89195],[73.0424557,21.8945934],[73.0470136,21.8928698],[73.0516447,21.8962033],[73.0540563,21.8969101],[73.0558063,21.9003575],[73.0602423,21.9021881],[73.0647377,21.9017283],[73.0665063,21.9052208],[73.0662744,21.909098],[73.0691761,21.9102796],[73.0705895,21.9119393],[73.07391183233183,21.910693086328703],[73.07280731201195,21.9010906219483],[73.07000732421886,21.89369964599615],[73.06960296630888,21.885231018066406],[73.07124328613287,21.880889892578352],[73.08090972900408,21.87640953063965],[73.0953063964846,21.879489898681697],[73.10172271728533,21.870889663696573],[73.11769866943371,21.875329971313477],[73.12650299072283,21.87549972534191],[73.13127136230486,21.87636947631836],[73.13613128662132,21.87595939636242],[73.13771820068371,21.87470054626465],[73.13735198974604,21.86964035034174],[73.14396667480474,21.867120742797795],[73.14472961425787,21.86350059509283],[73.15892791748064,21.860610961914233],[73.17662048339872,21.847219467163256],[73.18244934082037,21.83913040161127],[73.1929321289063,21.829631805419922],[73.21061706542986,21.82225036621088],[73.218032836914,21.82015037536621],[73.22556304931646,21.820840835571516],[73.2360458374024,21.823701858520735],[73.25623321533203,21.84189987182623],[73.25949859619146,21.86281967163086],[73.237846374512,21.892690658569393],[73.23219299316423,21.910369873046818],[73.2342071533206,21.916490554809684],[73.24070739746122,21.9228191375733],[73.25084686279291,21.930299758911133],[73.25813293457048,21.933170318603516],[73.26774597167974,21.932569503784237],[73.27490234375017,21.93028068542486],[73.28105163574224,21.92389106750494],[73.29110717773455,21.901660919189567],[73.30731964111345,21.889980316162166],[73.30754852294922,21.883367538452262],[73.31431579589872,21.854101181030273],[73.31130218505854,21.850540161132812],[73.30896759033232,21.83279991149908],[73.31334686279325,21.828001022339095],[73.3189773559572,21.826690673828125],[73.32434844970709,21.82930946350126],[73.34120941162138,21.834611892700252],[73.34630584716803,21.82131004333496],[73.34549713134766,21.81761169433605],[73.34353637695307,21.81492042541504],[73.34626770019531,21.809169769287223],[73.35491180419928,21.808280944824503],[73.36844635009788,21.805240631103516],[73.3690872192384,21.803241729736442],[73.37478637695341,21.801120758056754],[73.38392639160185,21.779760360718],[73.38719177246122,21.777822494506836],[73.39267730712896,21.77680015563959],[73.40112304687511,21.77386093139677],[73.40328216552751,21.770879745483512],[73.4050064086914,21.766490936279467],[73.4038925170899,21.760110855102482],[73.41574859619163,21.74735069274908],[73.41295623779308,21.733240127563477],[73.41013336181658,21.727380752563704],[73.40220642089866,21.7230281829834],[73.40151214599621,21.718349456787394],[73.41223144531267,21.71615982055664],[73.41812133789057,21.710210800171012],[73.44019317626982,21.716640472412394],[73.44217681884783,21.7104110717774],[73.4735870361331,21.719499588012695],[73.48040008544945,21.714700698852653],[73.4900894165039,21.70596122741705],[73.49579620361328,21.703660964965763],[73.497611999512,21.691900253296012],[73.50080108642584,21.687879562378214],[73.51122283935564,21.678440093994197],[73.49868011474615,21.675661087036133],[73.49487304687506,21.67320823669445],[73.4862365722658,21.663539886474837],[73.48265838623053,21.655860900878963],[73.483627319336,21.651098251342887],[73.4876327514649,21.64421272277832],[73.49459075927746,21.63904190063471],[73.49411773681646,21.635971069336165],[73.4902420043947,21.633350372314624],[73.48847961425793,21.63010978698742],[73.49028778076178,21.62320137023943],[73.4911575317384,21.610719680786246],[73.48391723632807,21.60824012756359],[73.48052978515642,21.60605812072754],[73.48158264160185,21.598920822143782],[73.48050689697283,21.59173965454096],[73.46927642822283,21.57850074768095],[73.46470642089844,21.576171875000114],[73.45819854736345,21.569789886474723],[73.45028686523443,21.555999755859375],[73.44822692871122,21.54934120178234],[73.44802856445341,21.542861938476562],[73.45594024658203,21.53078269958513],[73.4583282470706,21.523250579834098],[73.45294189453148,21.523780822754077],[73.43643951416033,21.52205848693859],[73.43199920654325,21.52042007446289],[73.4304324428952,21.5177417362412],[73.4297925,21.5179933]]],[[[73.0779437,21.9132665],[73.0798049,21.916189],[73.07740332941549,21.92290652582687],[73.08701324462908,21.928159713745174],[73.09562683105486,21.929740905761776],[73.09909057617193,21.928730010986612],[73.10253143310553,21.92093086242693],[73.10074615478533,21.918529510498047],[73.0976181030274,21.91724967956543],[73.0779437,21.9132665]]],[[[72.72264,21.665695],[72.72374725341803,21.665695],[72.72541809082031,21.663749694824162],[72.729576,21.661809],[72.729858,21.66097],[72.73264312744158,21.661251],[72.73680877685541,21.660140991210938],[72.737922,21.659031],[72.74096679687528,21.659309],[72.74318695068365,21.658750534057617],[72.74318695068365,21.658189773559627],[72.74597167968744,21.658750534057617],[72.7506866455081,21.655700683594034],[72.750968,21.652916],[72.747916,21.65014],[72.745407,21.646249771118107],[72.737922,21.643752],[72.73625183105486,21.643752],[72.73681,21.646249],[72.73596954345726,21.646249771118107],[72.735969,21.647084],[72.73069763183605,21.645971298217773],[72.7282028198245,21.64403],[72.723472,21.643193],[72.721802,21.643193],[72.71930694580095,21.6445903778079],[72.716797,21.6445903778079],[72.715416,21.645969391184487],[72.71624755859392,21.650972366333292],[72.71264,21.65375],[72.710137,21.659030914306925],[72.714028,21.663473],[72.716797,21.66514015197754],[72.72264,21.665695]]],[[[72.595962,21.637639],[72.59375000000011,21.634307861328182],[72.59513854980486,21.634029],[72.59596252441429,21.63014030456543],[72.597359,21.630138],[72.597924,21.63153076171875],[72.599022,21.63125],[72.59986114501947,21.63236],[72.601249,21.632085],[72.60069274902344,21.630693435669173],[72.60208129882818,21.630693435669173],[72.60263824462913,21.63153076171875],[72.60375213623053,21.63097000122076],[72.60375213623053,21.631810996532312],[72.605698,21.633195],[72.60541534423845,21.63458251953125],[72.611526,21.63569450378435],[72.61013793945341,21.63263893127447],[72.608191,21.632921],[72.60680389404303,21.6320858001709],[72.60430908203125,21.629584007640645],[72.603469,21.629591],[72.60291290283197,21.627916336059684],[72.601516,21.626811],[72.60291290283197,21.62402915954584],[72.602637,21.620420455932617],[72.59902191162132,21.617361068725586],[72.597085,21.61819648742687],[72.597085,21.619584],[72.59319305419916,21.618749618530273],[72.590416,21.620709],[72.58985900878929,21.62236],[72.590973,21.623189],[72.591248,21.624584],[72.590416,21.626528],[72.58930206298834,21.62680625915533],[72.58790588378906,21.630141],[72.58847045898438,21.632920993512588],[72.58930206298834,21.634028999830374],[72.5904159545899,21.63402557373064],[72.590416,21.635419],[72.592087,21.636249],[72.59263610839861,21.638470998833377],[72.59570312500017,21.639030456543196],[72.595962,21.637639]]],[[[72.609306,21.62875],[72.607642,21.624311],[72.60736083984375,21.619029998779297],[72.605149,21.619581223722783],[72.604859,21.623193732929604],[72.606247,21.628471374452634],[72.609306,21.62875]]],[[[72.596527,21.640971],[72.599861,21.639583],[72.602637,21.641250610351562],[72.602637,21.639861],[72.60180664062517,21.638751],[72.600137,21.638751],[72.599296,21.637919],[72.599585,21.637083053589095],[72.59874725341814,21.637083053589095],[72.59569549560564,21.640693664550952],[72.596527,21.640971]]],[[[72.584586,21.627082824707315],[72.58402252197277,21.625970840454215],[72.58125305175787,21.626250007621433],[72.58125305175787,21.627082],[72.583474,21.629030227661246],[72.584586,21.629030227661246],[72.584586,21.627082824707315]]],[[[72.61708,21.637639],[72.61513519287126,21.635417938232365],[72.614587,21.635417938232365],[72.61486053466803,21.637083],[72.616807,21.638471],[72.61708,21.637639]]],[[[72.611808,21.63152695751959],[72.61042,21.629584],[72.609864,21.629591],[72.61068725585966,21.631810996852032],[72.611808,21.632085],[72.611808,21.63152695751959]]],[[[72.619026,21.639305],[72.62014770507812,21.639031],[72.617638,21.638459],[72.61708068847656,21.639583],[72.619026,21.639305]]],[[[72.56791687011724,21.665697748778634],[72.56791687011724,21.665695190429688],[72.56791038287528,21.665695190429688],[72.56791687011724,21.665697748778634]]],[[[72.5376366,21.664305],[72.537636,21.664305],[72.537636,21.6643054],[72.5376366,21.664305]]]]}},{"type":"Feature","properties":{"state":"Gujarat","state_slug":"gujarat","district":"Chhotaudepur","district_slug":"chhotaudepur","district_as_supplied":"Chhota Udaipur","renamed_from_source":true,"layers":{"climate":true,"ndvi":true,"soil_moisture":true,"crop_des":true,"groundwater":true,"advisory":true},"climate_kind":"gee"},"geometry":{"type":"Polygon","coordinates":[[[73.5089054,22.1606642],[73.5105722,22.1635145],[73.5103859,22.1681958],[73.5121965,22.1733558],[73.5158635,22.173647],[73.5183353,22.1753481],[73.5210859,22.1752402],[73.5232222,22.1793767],[73.5282153,22.1794531],[73.5302412,22.1833583],[73.5346076,22.1818285],[73.5365416,22.1827407],[73.5383347,22.1853466],[73.5418664,22.1860214],[73.540868,22.1877258],[73.5428408,22.1888672],[73.5508938,22.1920452],[73.5539873,22.1919285],[73.556196,22.1929718],[73.5575008,22.1953483],[73.5590611,22.1952869],[73.5600263,22.1968389],[73.5600677,22.1978727],[73.5579876,22.2006497],[73.5655912,22.2020583],[73.5691971,22.2053806],[73.5717865,22.2052777],[73.5749684,22.2087117],[73.5783663,22.2103163],[73.580514,22.2124883],[73.5830161,22.2182866],[73.5837837,22.2274229],[73.586283,22.2324238],[73.5879839,22.2340675],[73.5880141,22.2373371],[73.5871105,22.2399155],[73.5896503,22.2432268],[73.5904518,22.247426],[73.5937752,22.2517604],[73.5921105,22.2549102],[73.5930152,22.2566202],[73.592665,22.2628419],[73.590451,22.2648943],[73.5888832,22.2687845],[73.5905425,22.2751171],[73.5904516,22.2774252],[73.5930693,22.2785547],[73.5936711,22.2808286],[73.5883614,22.2838223],[73.591322,22.2866335],[73.5921185,22.2965912],[73.5929829,22.2982267],[73.5929082,22.3001602],[73.5912763,22.3032431],[73.5923052,22.3051855],[73.592405,22.3244145],[73.59375505978656,22.3251289542455],[73.60101318359386,22.323448181152457],[73.6075668334961,22.324131011963175],[73.62069702148455,22.323619842529467],[73.62776184082048,22.32459068298334],[73.63603973388695,22.32377052307146],[73.63510131835943,22.330102920532454],[73.63745880126947,22.332651138305778],[73.63620758056646,22.334051132202205],[73.63379669189482,22.33378982543968],[73.63121795654297,22.336200714111328],[73.62589263916016,22.335840225219954],[73.61960601806646,22.3366508483889],[73.61904144287115,22.344800949096793],[73.62404632568365,22.34761047363304],[73.62531280517578,22.349800109863395],[73.6251831054688,22.35456275939947],[73.62393951416033,22.357549667358683],[73.6250014,22.3595139],[73.6310466,22.3636484],[73.6358548,22.3619706],[73.6425329,22.3653157],[73.6441856,22.3669711],[73.6428965,22.3743755],[73.6431517,22.3807847],[73.6440856,22.3807472],[73.6442312,22.3815118],[73.6493619,22.3789382],[73.6612851,22.3788073],[73.6521192,22.3832265],[73.651422380444,22.384701546816103],[73.68055725097668,22.37376976013212],[73.68856048583996,22.372751235961857],[73.70305633544933,22.362251281738452],[73.70957183837908,22.35853004455589],[73.7096176147461,22.349218368530273],[73.69705200195318,22.34271049499506],[73.69679260253923,22.341260910034407],[73.7005233764649,22.337671279907227],[73.68382263183611,22.336919784545955],[73.68087005615257,22.335790634155387],[73.671195983887,22.336400985717887],[73.66422271728516,22.335819244384766],[73.65933990478544,22.332149505615348],[73.65763854980497,22.32826805114746],[73.65795135498053,22.324420928955078],[73.65384674072277,22.31324005126953],[73.64482879638678,22.31345176696783],[73.64260864257807,22.31218910217308],[73.63790130615234,22.312059402466105],[73.64000701904297,22.301389694213867],[73.644096374512,22.300130844116325],[73.65299987792974,22.29993057250988],[73.66063690185553,22.290319442749023],[73.66155242919922,22.28705024719244],[73.66771697998053,22.286010742187727],[73.69745635986351,22.285190582275447],[73.70464324951189,22.286510467529354],[73.70578765869158,22.297660827636776],[73.7086257934572,22.299680709839095],[73.71742248535173,22.30290985107422],[73.72070312500006,22.30206108093273],[73.72209167480497,22.293090820312557],[73.72838592529325,22.288839340210018],[73.73134613037126,22.28985023498535],[73.73182678222685,22.29100990295433],[73.73604583740263,22.291202545166186],[73.73638153076178,22.292190551757926],[73.73455810546892,22.297090530395508],[73.73484039306663,22.299520492553768],[73.73658752441435,22.301887512207145],[73.73694610595726,22.305030822754077],[73.73150634765642,22.30951118469261],[73.7299880981447,22.31382942199707],[73.73326110839844,22.324609756469783],[73.7345962524414,22.336059570312614],[73.73899841308594,22.33955955505394],[73.74952697753929,22.3451519012454],[73.75366210937517,22.34686088562023],[73.75675201416021,22.34523963928234],[73.75914764404291,22.346549987793082],[73.76336669921892,22.35757064819353],[73.76405334472685,22.366340637207088],[73.77182006835943,22.37487030029297],[73.77594757080095,22.383380889892805],[73.7760620117188,22.387559890747127],[73.7674407958985,22.387889862060547],[73.75830078125023,22.386011123657454],[73.74326324462919,22.39083290100126],[73.74298858642578,22.39232826232916],[73.74468994140642,22.39998817443876],[73.74067687988298,22.409971237182674],[73.73793792724638,22.414421081543082],[73.73768615722662,22.418331146240348],[73.73810577392584,22.421810150146598],[73.74040222167997,22.424400329589787],[73.74372863769548,22.425991058349723],[73.74746704101591,22.43370056152372],[73.7471160888673,22.439399719238338],[73.74260711669922,22.448520660400334],[73.74196423703958,22.451808396912863],[73.7432921,22.4517006],[73.7429753,22.4540842],[73.7389397367868,22.455432389690316],[73.7377032,22.4579789],[73.73296587322655,22.458904521784444],[73.7317142,22.4621978],[73.7337849,22.4645392],[73.7338426,22.4673856],[73.7321417,22.4690188],[73.73257897984561,22.472967158091635],[73.73564534767617,22.483485484425923],[73.7379429,22.4866122],[73.7379928,22.4890684],[73.73718515386356,22.48984416411272],[73.7378982811091,22.501867086607273],[73.7409499,22.5016221],[73.7451371,22.4996042],[73.7474846,22.5020299],[73.7508815,22.5028011],[73.7516475,22.5086841],[73.7550479,22.5094663],[73.7555252,22.5131549],[73.7538467,22.5164129],[73.7538246,22.5215361],[73.7526904,22.5248541],[73.7540531,22.529055],[73.7560499,22.5303003],[73.758466,22.5279222],[73.7626814,22.5318506],[73.7641531,22.5269672],[73.7666478,22.5262916],[73.7757576,22.5296801],[73.7730118,22.5323187],[73.7731526,22.5352877],[73.7781305,22.5375083],[73.7787756,22.5407348],[73.7820529,22.5438849],[73.7832653,22.5463811],[73.78533734492768,22.547459891810767],[73.78922271728521,22.546689987182845],[73.7946168,22.5473613],[73.7958602905274,22.54846954345726],[73.79934692382841,22.547340393066463],[73.80937194824219,22.550132751464844],[73.81976318359403,22.5474605560305],[73.8363571166995,22.536439895630053],[73.84439849853527,22.533790588378963],[73.84684753417997,22.52556037902849],[73.85254669189459,22.51600265502958],[73.85698699951183,22.512388229370174],[73.87103271484398,22.505809783935547],[73.87815856933605,22.504301071167163],[73.88936614990263,22.50442123413086],[73.89566040039091,22.506458282470817],[73.90437316894537,22.507209777832202],[73.91255187988281,22.50921058654808],[73.92751312255888,22.52626991271984],[73.93087768554688,22.529199600219727],[73.93093872070318,22.532400131225813],[73.93222808837896,22.536279678344727],[73.94172668457048,22.54381942749029],[73.945053100586,22.54430961608898],[73.95617675781244,22.5411701202392],[73.96766662597673,22.539981842041243],[73.97410583496088,22.542060852050895],[73.98832702636741,22.55128097534191],[74.00403594970714,22.55840110778837],[74.01258087158232,22.558429718017578],[74.0199279785158,22.560550689697266],[74.02369493630823,22.570812463715413],[74.0245155,22.5700778],[74.0392039,22.5703564],[74.0464948,22.5647065],[74.0545203,22.5628403],[74.0600331,22.5543877],[74.0635238,22.5527855],[74.0651641,22.5509502],[74.06674957275419,22.550899505615348],[74.05004119873064,22.545650482177734],[74.04463958740263,22.54212188720703],[74.04231262207054,22.537189483642692],[74.04078674316429,22.530160903930664],[74.04315948486322,22.523849487304915],[74.04358673095703,22.516820907593058],[74.03893280029325,22.514001846313533],[74.03466796875006,22.50836944580078],[74.03708648681658,22.49151039123541],[74.04293823242216,22.490829467773438],[74.04566955566423,22.49294281005882],[74.04640960693376,22.497159957885856],[74.0499114990235,22.49998283386236],[74.05455780029325,22.50139808654808],[74.05879974365229,22.5105495452882],[74.06188964843767,22.511260986328352],[74.06968688964861,22.50988006591814],[74.0739669799807,22.510599136352653],[74.08136749267578,22.508518218994197],[74.08526611328153,22.508518218994197],[74.08644866943354,22.505020141601676],[74.0857009887697,22.49870109558134],[74.08963775634794,22.488870620727823],[74.09043884277355,22.48254966735857],[74.08889770507841,22.47973251342779],[74.0853881835938,22.48182106018095],[74.08344268798845,22.484630584716797],[74.08030700683622,22.486030578613452],[74.0787887573245,22.481111526489258],[74.07808685302751,22.465642929077376],[74.08583831787138,22.46707916259794],[74.09050750732422,22.469200134277457],[74.1002426147461,22.469232559204386],[74.10334777832054,22.467830657958984],[74.1061096191408,22.462209701538313],[74.10573577880876,22.455890655517635],[74.10225677490263,22.450969696045206],[74.10073852539074,22.445341110229492],[74.10507202148443,22.43341064453125],[74.11051940917986,22.42921066284191],[74.11637115478544,22.426420211792106],[74.12300109863287,22.420810699463004],[74.12689971923845,22.420129776001204],[74.13037872314453,22.421541213989542],[74.1311111450197,22.43629074096691],[74.14074707031256,22.453878402710245],[74.14424896240229,22.456710815429915],[74.15628814697283,22.456731796264933],[74.156723022461,22.45041084289568],[74.15598297119163,22.43987274169939],[74.15873718261713,22.434949874877987],[74.16107177734392,22.43215942382824],[74.16728210449247,22.432170867919922],[74.17077636718767,22.433580398559684],[74.17267608642595,22.442012786865348],[74.18280029296892,22.442750930786076],[74.18667602539068,22.4441509246829],[74.18743133544928,22.447671890259073],[74.18624877929705,22.452592849731502],[74.18234252929716,22.460300445556754],[74.18270874023443,22.464530944824446],[74.1908264160158,22.47788047790533],[74.19785308837908,22.47509956359869],[74.20252990722679,22.472299575805778],[74.20449066162138,22.466680526733512],[74.20461273193365,22.4371719360351],[74.21160125732439,22.43437004089361],[74.21626281738304,22.43439102172863],[74.21663665771507,22.439319610595817],[74.2185668945313,22.442819595336914],[74.22364044189453,22.440010070800895],[74.23725891113287,22.439340591430664],[74.24659729003912,22.436540603637923],[74.2540206909182,22.43305969238304],[74.2641220092774,22.424640655517862],[74.26648712158214,22.418319702148608],[74.2699966430664,22.414810180664176],[74.27001190185553,22.410591125488338],[74.27120971679693,22.404981613159407],[74.27820587158203,22.402879714965934],[74.28172302246122,22.40007972717285],[74.2883071899414,22.397979736328352],[74.29418182373064,22.394468307495117],[74.291069030762,22.391660690307674],[74.2871932983399,22.39306068420433],[74.28135681152372,22.393751144409237],[74.27394866943354,22.39303970336914],[74.26345062255854,22.396539688110465],[74.25798797607422,22.400030136108626],[74.25611114501959,22.385990142822436],[74.25300598144548,22.383871078491495],[74.24600982666038,22.383159637451172],[74.24563598632835,22.3775310516358],[74.24019622802751,22.376819610595703],[74.23085021972673,22.379621505737532],[74.22543334960943,22.37820053100586],[74.22582244873075,22.375400543212947],[74.22737884521513,22.372592926025504],[74.2266311645509,22.36485290527372],[74.22704315185564,22.358539581298828],[74.2165603637697,22.357812881469783],[74.21344757080107,22.359210968017692],[74.21111297607445,22.36273002624523],[74.20993041992193,22.366210937500114],[74.206802368164,22.367620468139705],[74.20565795898432,22.359899520874023],[74.20609283447266,22.35357093811058],[74.20533752441406,22.347949981689567],[74.2022171020509,22.343030929565487],[74.1983489990235,22.343019485473633],[74.19754028320318,22.35073852539091],[74.1948318481447,22.349340438842887],[74.1948471069336,22.343719482421818],[74.19644165039068,22.333900451660213],[74.19568634033232,22.32543945312517],[74.19106292724615,22.32192993164091],[74.18406677246122,22.32261085510254],[74.13429260253935,22.33233070373535],[74.13153076171875,22.33794975280756],[74.12914276123075,22.352689743041992],[74.12445831298828,22.358301162719727],[74.11709594726568,22.35757064819353],[74.11508941650408,22.367401123047046],[74.11196136474638,22.371612548828125],[74.10534667968767,22.372991561889762],[74.09989929199224,22.372978210449446],[74.09527587890625,22.362440109253157],[74.07702636718773,22.362380981445426],[74.07198333740251,22.360240936279467],[74.07084655761736,22.354629516601562],[74.07164764404303,22.349010467529297],[74.07438659667997,22.346210479736385],[74.0759658813476,22.3413028717041],[74.07405853271479,22.336381912231445],[74.06826782226568,22.33073043823265],[74.06828308105497,22.32582283020031],[74.06674194335943,22.317390441894474],[74.0664367675783,22.305442810058594],[74.06254577636724,22.306840896606673],[74.05905151367188,22.305410385132063],[74.05790710449219,22.299800872802734],[74.05832672119163,22.293481826782454],[74.0598907470706,22.29067039489763],[74.05915069580107,22.285749435424805],[74.0646362304688,22.2759304046632],[74.07242584228521,22.26893043518072],[74.07826995849626,22.268247604370174],[74.07987213134771,22.258420944213867],[74.07872772216803,22.252780914306754],[74.08067321777372,22.24999046325695],[74.08535003662126,22.247900009155387],[74.0892257690432,22.24720954895048],[74.09158325195324,22.243700027466048],[74.0892868041995,22.24019050598139],[74.08460998535156,22.23805809020996],[74.07842254638683,22.237358093261946],[74.07454681396507,22.234529495239258],[74.07338714599615,22.229600906372298],[74.07578277587908,22.221878051757812],[74.08159637451195,22.22050094604515],[74.09440612792997,22.22124099731468],[74.1076126098634,22.220569610595817],[74.11383056640648,22.219181060791072],[74.1192703247072,22.21638107299816],[74.12277984619146,22.212900161743278],[74.12124633789068,22.20515060424799],[74.12364196777338,22.192520141601562],[74.12211608886713,22.18760108947754],[74.12490844726568,22.17215919494629],[74.12648010253935,22.166540145874023],[74.13189697265625,22.164440155029354],[74.13504028320341,22.161649703979606],[74.13349151611334,22.15813064575218],[74.13355255126964,22.146192550659237],[74.12967681884771,22.14266014099138],[74.12738037109398,22.137741088867188],[74.12663269042974,22.132120132446516],[74.12782287597668,22.1272106170656],[74.13130950927751,22.12441062927269],[74.13134765625006,22.12019920349144],[74.12905883789068,22.108251571655387],[74.12906646728521,22.10333824157709],[74.13027191162138,22.09770965576172],[74.13259124755871,22.096321105957145],[74.15466308593756,22.105501174927042],[74.15856170654314,22.102001190185547],[74.16554260253912,22.102718353271428],[74.17021179199236,22.10132980346691],[74.17411041259788,22.09641075134283],[74.17215728759766,22.09360122680681],[74.1787567138673,22.09011077880882],[74.18070983886736,22.086601257324162],[74.1764602661134,22.084491729736555],[74.17064666748053,22.084470748901367],[74.16755676269548,22.082361221313704],[74.16487884521501,22.073932647705078],[74.16179656982416,22.071109771728516],[74.16336822509766,22.064090728759993],[74.1629867553711,22.06056976318382],[74.13783264160162,22.053501129150504],[74.1393966674807,22.05068969726574],[74.14404296875011,22.0478897094726],[74.14523315429705,22.043680191040153],[74.1410064697265,22.04086112976097],[74.13208007812517,22.038730621338118],[74.12512969970732,22.035890579223746],[74.11664581298828,22.024641036987532],[74.10118865966797,22.01828002929716],[74.09770202636713,22.01545906066906],[74.10045623779303,22.01055908203125],[74.10034179687528,22.001592636108455],[74.1050033569336,21.998939514160384],[74.11688995361351,21.99863052368164],[74.12773132324224,21.993761062622013],[74.14198303222673,21.99123191833496],[74.14959716796892,21.988809585571232],[74.15384674072266,21.98641967773449],[74.15186309814464,21.98089027404808],[74.15320587158197,21.97557067871105],[74.14560699462908,21.97400093078636],[74.14366912841791,21.97222137451172],[74.14335632324219,21.969881057739542],[74.14534759521513,21.96461105346691],[74.14890289306646,21.96071052551281],[74.1446762084961,21.956569671630973],[74.1460189819336,21.954059600830135],[74.13816070556658,21.953371047973633],[74.11364746093773,21.944700241088867],[74.09867095947283,21.937629699707145],[74.07151031494146,21.929601669311523],[74.06162261962919,21.928050994873047],[74.04666900634771,21.922809600830192],[74.0356063842774,21.9160099029541],[74.0230407714846,21.905971527099837],[74.01168823242182,21.900539398193303],[74.00489044189459,21.89936065673828],[73.97973632812506,21.88750076293951],[73.96080780029297,21.875991821289347],[73.94918060302734,21.870340347290153],[73.9384231567384,21.890092849731673],[73.92944335937528,21.8906707763673],[73.9229888916015,21.89287948608427],[73.91393280029303,21.900159835815543],[73.91617584228516,21.90879058837902],[73.89820861816423,21.925550460815543],[73.87858581542986,21.922420501709098],[73.87593078613281,21.924640655517578],[73.86988830566429,21.930931091308878],[73.86443328857416,21.95124053955078],[73.85260009765636,21.947610855102482],[73.83986663818376,21.942199707031364],[73.81392669677751,21.928380966186637],[73.8094177246096,21.92922019958496],[73.80976867675787,21.936769485473803],[73.81507873535173,21.939840316772745],[73.81186676025396,21.94330024719261],[73.80863952636724,21.95006179809576],[73.80433654785168,21.944839477539176],[73.80278015136747,21.935899734497127],[73.79947662353521,21.931350708007756],[73.78875732421892,21.938789367675724],[73.78585052490229,21.942609786987305],[73.78511810302751,21.946640014648608],[73.79045104980486,21.960500717163086],[73.7772064208985,21.96516036987333],[73.76806640625028,21.96263122558588],[73.75739288330107,21.962230682373274],[73.74046325683588,21.97985076904297],[73.72902679443376,21.98110008239746],[73.69832611084001,21.973011016845817],[73.69052124023455,21.97261810302757],[73.68698120117193,21.96840095520014],[73.681396484375,21.96585083007824],[73.66028594970709,21.96610069274925],[73.67308807373075,21.951169967651538],[73.68360900878918,21.952079772949332],[73.68940734863281,21.9510498046875],[73.69216156005888,21.94808959960966],[73.69539642334013,21.937562942504883],[73.69550323486328,21.93112182617216],[73.69270324707037,21.91987037658697],[73.68969726562528,21.915861129760742],[73.68078613281267,21.914079666137695],[73.67399597167991,21.910020828247184],[73.65991973876982,21.907670974731502],[73.64032745361322,21.909559249877873],[73.628402709961,21.909450531005973],[73.6169204711914,21.895509719848746],[73.61184692382841,21.89801025390625],[73.60424041748075,21.911130905151367],[73.6005477905274,21.919570922851562],[73.59940338134771,21.9248504638673],[73.60085296630876,21.938600540161417],[73.5999526977539,21.942510604858683],[73.59823608398438,21.945039749145565],[73.58550262451195,21.954589843750114],[73.57723236084001,21.957941055298022],[73.55375671386736,21.97902107238781],[73.54255676269537,21.977430343628043],[73.52770996093773,21.96779060363798],[73.52056884765642,21.964809417724723],[73.51402282714872,21.963600158691406],[73.51526641845703,21.977569580078125],[73.51747894287121,21.980110168457088],[73.51848602294939,21.98912048339855],[73.5203933715822,21.991428375244368],[73.52052307128918,22.001979827881144],[73.50628662109375,22.007930755615178],[73.50419616699219,22.014110565185774],[73.50837707519548,22.017440795898665],[73.50811767578153,22.02326011657732],[73.50995635986334,22.037731170654297],[73.51909637451178,22.03751945495617],[73.52807617187506,22.05088043212902],[73.53803253173857,22.050529479980582],[73.53868865966814,22.05890083313011],[73.5494918823245,22.05990028381359],[73.55104064941418,22.0650691986084],[73.54077148437517,22.066970825195312],[73.53842926025419,22.0711727142334],[73.54646301269543,22.082731246948356],[73.54521942138678,22.09017944335949],[73.52379608154314,22.089490890503157],[73.51850891113281,22.087682723999137],[73.50814056396479,22.077421188354492],[73.4983673095706,22.07662963867199],[73.49449920654303,22.073820114135742],[73.48908996582048,22.080659866333065],[73.48826599121122,22.08776092529297],[73.49001312255871,22.09531021118181],[73.49446868896484,22.103940963745288],[73.49936676025385,22.106391906738395],[73.50576782226585,22.111120223999308],[73.51561737060564,22.121139526367188],[73.51618194580095,22.126419067382926],[73.5215682983399,22.132890701294173],[73.52127075195341,22.138591766357422],[73.51744079589872,22.14368057250988],[73.51631927490263,22.151140213012695],[73.51222991943365,22.151109695434684],[73.50924682617216,22.15719032287626],[73.50723553409584,22.159585781137604],[73.5089054,22.1606642]]]}},{"type":"Feature","properties":{"state":"Gujarat","state_slug":"gujarat","district":"Dohad","district_slug":"dohad","district_as_supplied":"Dahod","renamed_from_source":true,"layers":{"climate":true,"ndvi":true,"soil_moisture":true,"crop_des":true,"groundwater":true,"advisory":true},"climate_kind":"gee"},"geometry":{"type":"MultiPolygon","coordinates":[[[[73.6952433,22.4640218],[73.7003077,22.4655428],[73.7041023,22.4652377],[73.7115975,22.4677903],[73.7126145983124,22.461119793372816],[73.70532226562528,22.463260650634766],[73.69421093873409,22.463694951369195],[73.6952433,22.4640218]]],[[[73.732164,22.4590612],[73.7313102,22.4592266],[73.73188081278555,22.461607951409952],[73.73296587322655,22.458904521784444],[73.732164,22.4590612]]],[[[73.7325484,22.4731462],[73.73272170697813,22.47345674402506],[73.73257897984561,22.472967158091635],[73.7325484,22.4731462]]],[[[73.7336735,22.4769204],[73.7320295,22.4809741],[73.73564534767617,22.483485484425923],[73.73370721395831,22.476837253016473],[73.7336735,22.4769204]]],[[[73.7371262,22.4899008],[73.7371607,22.4916008],[73.733828,22.4948018],[73.7328437,22.5021291],[73.7378982811091,22.501867086607273],[73.7371262,22.4899008]]],[[[73.7853554,22.5474712],[73.7862542,22.5480327],[73.79239271941354,22.547539875684492],[73.78922271728521,22.546689987182845],[73.7853554,22.5474712]]],[[[73.7954597,22.5486469],[73.798479,22.554228],[73.8063261,22.5591516],[73.8087667,22.5665817],[73.8128028,22.5701657],[73.8167003,22.57208],[73.8189186,22.5693098],[73.8237664,22.569914],[73.8304338,22.5682471],[73.8284043,22.5609256],[73.8315332,22.5546664],[73.8387311,22.5536967],[73.8451776,22.5571073],[73.848364,22.5569812],[73.8495085,22.5581639],[73.8559461,22.5586109],[73.8592193,22.552706],[73.8609328,22.5511183],[73.8625315,22.5511825],[73.8661582,22.545378],[73.8687004,22.5436802],[73.8784765,22.5452774],[73.8840266,22.548212],[73.8850464,22.5460494],[73.8880177,22.5461674],[73.8879415,22.5499013],[73.8893517,22.5503163],[73.8993162,22.5460708],[73.9018272,22.5499013],[73.9030349,22.5503163],[73.9067919,22.5477288],[73.9068301,22.5395441],[73.9025779,22.5372567],[73.8995902,22.5231345],[73.9052019,22.5182241],[73.907908,22.5243591],[73.9118252,22.5262085],[73.9141976,22.5261817],[73.9204833,22.5208746],[73.9214076,22.537873],[73.9266987,22.5394828],[73.9317787,22.5481739],[73.9303763,22.5508937],[73.9304936,22.5565992],[73.9287683,22.5624148],[73.9300774,22.5628186],[73.9323883,22.5653299],[73.9376621,22.5671134],[73.9420758,22.5668503],[73.9475328,22.5683112],[73.9521307,22.5658128],[73.9536145,22.5641528],[73.9565718,22.5657596],[73.9666195,22.5654509],[73.96758,22.5643779],[73.9727751,22.5643588],[73.9741614,22.5628059],[73.975122,22.5628631],[73.9790772,22.5584356],[73.9770637,22.5565243],[73.9789099,22.5548762],[73.9813093,22.5582357],[73.9815268,22.5617229],[73.9863073,22.5631994],[73.9896912,22.5668839],[73.9954841,22.5695404],[73.9953963,22.5738508],[73.9976362,22.5787319],[73.9999171,22.5785958],[74.0046244,22.5749485],[74.0143071,22.5725453],[74.0174996,22.5736902],[74.0211079,22.5736248],[74.02369493630823,22.570812463715413],[74.0199279785158,22.560550689697266],[74.01258087158232,22.558429718017578],[74.00403594970714,22.55840110778837],[73.98832702636741,22.55128097534191],[73.97410583496088,22.542060852050895],[73.96766662597673,22.539981842041243],[73.95617675781244,22.5411701202392],[73.945053100586,22.54430961608898],[73.94172668457048,22.54381942749029],[73.93222808837896,22.536279678344727],[73.93093872070318,22.532400131225813],[73.93087768554688,22.529199600219727],[73.92751312255888,22.52626991271984],[73.91255187988281,22.50921058654808],[73.90437316894537,22.507209777832202],[73.89566040039091,22.506458282470817],[73.88936614990263,22.50442123413086],[73.87815856933605,22.504301071167163],[73.87103271484398,22.505809783935547],[73.85698699951183,22.512388229370174],[73.85254669189459,22.51600265502958],[73.84684753417997,22.52556037902849],[73.84439849853527,22.533790588378963],[73.8363571166995,22.536439895630053],[73.81976318359403,22.5474605560305],[73.80937194824219,22.550132751464844],[73.79934692382841,22.547340393066463],[73.7954597,22.5486469]]],[[[74.069184,22.5511901],[74.07025934848424,22.551125675373903],[74.06666930576581,22.55104002782239],[74.069184,22.5511901]]],[[[74.0723323,22.5513654],[74.0741666,22.5520231],[74.07649196398681,22.551527304780393],[74.07197141685359,22.55123600096719],[74.0723323,22.5513654]]],[[[74.1076172,22.5399684],[74.1119254,22.5411421],[74.11252033526895,22.54047617606138],[74.10964965820318,22.538391113281307],[74.10575103759783,22.537670135498274],[74.10471117327579,22.538389649461603],[74.1076172,22.5399684]]],[[[74.1259375,22.5288318],[74.1278131,22.5284817],[74.133371,22.522759],[74.141619,22.5227602],[74.1436598,22.5238698],[74.147531,22.5236381],[74.1495536,22.5256177],[74.1517465,22.5244271],[74.15750477646776,22.524372944468844],[74.15680694580107,22.520940780639876],[74.15332031250023,22.517419815063704],[74.14321136474632,22.518800735473746],[74.13852691650385,22.520191192627067],[74.13347625732445,22.518779754638672],[74.12760925292997,22.524379730224723],[74.1253696610072,22.52893779472462],[74.1259375,22.5288318]]]]}},{"type":"Feature","properties":{"state":"Gujarat","state_slug":"gujarat","district":"Narmada","district_slug":"narmada","district_as_supplied":"Narmada","renamed_from_source":false,"layers":{"climate":true,"ndvi":true,"soil_moisture":true,"crop_des":true,"groundwater":true,"advisory":true},"climate_kind":"gee"},"geometry":{"type":"Polygon","coordinates":[[[73.8119256,21.6016175],[73.8115553,21.5975837],[73.8091045,21.5953941],[73.8091213,21.5907183],[73.8064268,21.5858144],[73.8041746,21.5870379],[73.8028128,21.5855139],[73.798819,21.5869506],[73.7953979,21.5781276],[73.7935763,21.5764998],[73.7877035,21.5753717],[73.7872665,21.581422],[73.7899927,21.5846108],[73.7830923,21.5886322],[73.7800395,21.5869741],[73.7701502,21.586046],[73.7666226,21.5835823],[73.7633728,21.5886875],[73.759862,21.5894741],[73.7578703,21.5872448],[73.7531019,21.5861354],[73.7508705,21.5836381],[73.749776,21.5837032],[73.7457434,21.5923028],[73.7460406,21.5972878],[73.7391165,21.6000224],[73.7342297,21.5973673],[73.7284074,21.5960125],[73.7267045,21.5986902],[73.719254,21.5963931],[73.7180443,21.5937581],[73.7141594,21.5928542],[73.7081928,21.5883763],[73.7080562,21.5806899],[73.7096161,21.5789441],[73.7123422,21.5776929],[73.7123804,21.5686293],[73.7090368,21.5704463],[73.7000969,21.570995],[73.6975395,21.5669741],[73.6907525,21.5657068],[73.6907223,21.5618188],[73.6899826,21.5594232],[73.6883521,21.5579663],[73.6874376,21.5544093],[73.6831467,21.5512251],[73.6840592,21.5484984],[73.6904957,21.5453439],[73.688339,21.5386104],[73.6856475,21.5358087],[73.6874455,21.52996],[73.6938157,21.5270541],[73.6914227,21.5222404],[73.6926442,21.5188332],[73.6907138,21.5156169],[73.6883193,21.5145134],[73.6823475,21.5094379],[73.6822935,21.5075875],[73.6792062,21.5044741],[73.6744327,21.5014382],[73.6697521,21.4888819],[73.6720626,21.4878212],[73.6695086,21.480703],[73.66971050806909,21.474924674906593],[73.6668930053711,21.477470397949446],[73.66123199462896,21.478839874267578],[73.62246704101568,21.471611022949276],[73.61708831787126,21.473579406738224],[73.61242675781278,21.476631164550724],[73.61042785644531,21.480430603027457],[73.60736846923845,21.48348999023449],[73.6024169921875,21.48356819152832],[73.56893920898466,21.472709655761946],[73.56294250488281,21.471929550170955],[73.5538864135745,21.477872848510856],[73.54531860351574,21.475980758667276],[73.53412628173845,21.480590820312614],[73.51531219482445,21.486459732055664],[73.50090789794939,21.48686027526867],[73.49459075927746,21.49187088012718],[73.48664093017578,21.493721008300838],[73.49820709228527,21.512451171875284],[73.47852325439482,21.508390426635856],[73.47425842285156,21.514820098877067],[73.4708862304688,21.51803016662626],[73.46492004394537,21.521369934082088],[73.4583282470706,21.523250579834098],[73.45594024658203,21.53078269958513],[73.44802856445341,21.542861938476562],[73.44822692871122,21.54934120178234],[73.45028686523443,21.555999755859375],[73.45819854736345,21.569789886474723],[73.46470642089844,21.576171875000114],[73.46927642822283,21.57850074768095],[73.48050689697283,21.59173965454096],[73.48158264160185,21.598920822143782],[73.48052978515642,21.60605812072754],[73.48391723632807,21.60824012756359],[73.4911575317384,21.610719680786246],[73.49028778076178,21.62320137023943],[73.48847961425793,21.63010978698742],[73.4902420043947,21.633350372314624],[73.49411773681646,21.635971069336165],[73.49459075927746,21.63904190063471],[73.4876327514649,21.64421272277832],[73.483627319336,21.651098251342887],[73.48265838623053,21.655860900878963],[73.4862365722658,21.663539886474837],[73.49487304687506,21.67320823669445],[73.49868011474615,21.675661087036133],[73.51122283935564,21.678440093994197],[73.50080108642584,21.687879562378214],[73.497611999512,21.691900253296012],[73.49579620361328,21.703660964965763],[73.4900894165039,21.70596122741705],[73.48040008544945,21.714700698852653],[73.4735870361331,21.719499588012695],[73.44217681884783,21.7104110717774],[73.44019317626982,21.716640472412394],[73.41812133789057,21.710210800171012],[73.41223144531267,21.71615982055664],[73.40151214599621,21.718349456787394],[73.40220642089866,21.7230281829834],[73.41013336181658,21.727380752563704],[73.41295623779308,21.733240127563477],[73.41574859619163,21.74735069274908],[73.4038925170899,21.760110855102482],[73.4050064086914,21.766490936279467],[73.40328216552751,21.770879745483512],[73.40112304687511,21.77386093139677],[73.39267730712896,21.77680015563959],[73.38719177246122,21.777822494506836],[73.38392639160185,21.779760360718],[73.37478637695341,21.801120758056754],[73.3690872192384,21.803241729736442],[73.36844635009788,21.805240631103516],[73.35491180419928,21.808280944824503],[73.34626770019531,21.809169769287223],[73.34353637695307,21.81492042541504],[73.34549713134766,21.81761169433605],[73.34630584716803,21.82131004333496],[73.34120941162138,21.834611892700252],[73.32434844970709,21.82930946350126],[73.3189773559572,21.826690673828125],[73.31334686279325,21.828001022339095],[73.30896759033232,21.83279991149908],[73.31130218505854,21.850540161132812],[73.31431579589872,21.854101181030273],[73.30754852294922,21.883367538452262],[73.30731964111345,21.889980316162166],[73.33362579345697,21.874860763549805],[73.34430694580072,21.872840881347656],[73.35527038574224,21.875091552734375],[73.35846710205078,21.878467559814453],[73.36054229736345,21.88285064697277],[73.35964202880865,21.91616058349632],[73.36131286621111,21.922451019287223],[73.36676788330107,21.926000595092773],[73.37370300292986,21.928340911865348],[73.38286590576189,21.926780700683594],[73.39314270019548,21.919340133666992],[73.40209960937494,21.91591072082548],[73.40939331054688,21.91142082214384],[73.41594696044928,21.90985107421875],[73.42430877685553,21.909179687500284],[73.43142700195341,21.910020828247184],[73.4400711059572,21.91475105285656],[73.44880676269543,21.926509857177905],[73.45265960693376,21.93608093261747],[73.4523315429688,21.952238082886026],[73.44976806640636,21.960309982299805],[73.45075225830095,21.96533966064453],[73.45358276367199,21.97138023376482],[73.45818328857439,21.97681045532238],[73.46201324462908,21.97847938537609],[73.46692657470714,21.979049682617188],[73.47767639160156,21.97794914245611],[73.50337219238276,21.96626091003418],[73.51402282714872,21.963600158691406],[73.52056884765642,21.964809417724723],[73.52770996093773,21.96779060363798],[73.54255676269537,21.977430343628043],[73.55375671386736,21.97902107238781],[73.57723236084001,21.957941055298022],[73.58550262451195,21.954589843750114],[73.59823608398438,21.945039749145565],[73.5999526977539,21.942510604858683],[73.60085296630876,21.938600540161417],[73.59940338134771,21.9248504638673],[73.6005477905274,21.919570922851562],[73.60424041748075,21.911130905151367],[73.61184692382841,21.89801025390625],[73.6169204711914,21.895509719848746],[73.628402709961,21.909450531005973],[73.64032745361322,21.909559249877873],[73.65991973876982,21.907670974731502],[73.67399597167991,21.910020828247184],[73.68078613281267,21.914079666137695],[73.68969726562528,21.915861129760742],[73.69270324707037,21.91987037658697],[73.69550323486328,21.93112182617216],[73.69539642334013,21.937562942504883],[73.69216156005888,21.94808959960966],[73.68940734863281,21.9510498046875],[73.68360900878918,21.952079772949332],[73.67308807373075,21.951169967651538],[73.66028594970709,21.96610069274925],[73.681396484375,21.96585083007824],[73.68698120117193,21.96840095520014],[73.69052124023455,21.97261810302757],[73.69832611084001,21.973011016845817],[73.72902679443376,21.98110008239746],[73.74046325683588,21.97985076904297],[73.75739288330107,21.962230682373274],[73.76806640625028,21.96263122558588],[73.7772064208985,21.96516036987333],[73.79045104980486,21.960500717163086],[73.78511810302751,21.946640014648608],[73.78585052490229,21.942609786987305],[73.78875732421892,21.938789367675724],[73.79947662353521,21.931350708007756],[73.80278015136747,21.935899734497127],[73.80433654785168,21.944839477539176],[73.80863952636724,21.95006179809576],[73.81186676025396,21.94330024719261],[73.81507873535173,21.939840316772745],[73.80976867675787,21.936769485473803],[73.8094177246096,21.92922019958496],[73.81392669677751,21.928380966186637],[73.83986663818376,21.942199707031364],[73.85260009765636,21.947610855102482],[73.86443328857416,21.95124053955078],[73.86988830566429,21.930931091308878],[73.87593078613281,21.924640655517578],[73.87858581542986,21.922420501709098],[73.89820861816423,21.925550460815543],[73.91617584228516,21.90879058837902],[73.91393280029303,21.900159835815543],[73.9229888916015,21.89287948608427],[73.92944335937528,21.8906707763673],[73.9384231567384,21.890092849731673],[73.94918060302734,21.870340347290153],[73.93636322021501,21.86314964294445],[73.92192840576178,21.856582641601506],[73.90666961669928,21.853630065918026],[73.89951324462902,21.854490280151367],[73.8796005249024,21.83864021301281],[73.86374664306646,21.836650848388615],[73.84152221679716,21.8385009765625],[73.82792663574241,21.83485984802269],[73.81623840332031,21.82856941223156],[73.81051635742188,21.82333755493164],[73.81356811523438,21.810119628906477],[73.81759643554693,21.808500289917163],[73.82759857177763,21.81193923950218],[73.83210754394537,21.810850143432845],[73.83351898193371,21.805160522461165],[73.83893585205078,21.8001708984375],[73.83421325683616,21.796611785888672],[73.83567047119158,21.793479919433764],[73.84496307373058,21.790681838989258],[73.84413909912132,21.78711128234869],[73.83837890625006,21.784130096435604],[73.84294891357422,21.77213096618675],[73.841293334961,21.768650054931868],[73.83120727539091,21.762889862060547],[73.84635925292986,21.74200057983427],[73.85633087158209,21.734640121460075],[73.86029815673828,21.733011245727653],[73.86511993408226,21.729379653930778],[73.87123107910162,21.721918106079215],[73.87834930419933,21.716930389404297],[73.88504791259783,21.714429855346623],[73.8902359008789,21.710649490356502],[73.89396667480497,21.70314025878912],[73.89636230468756,21.700281143188477],[73.89810180664068,21.667270660400334],[73.89444732666016,21.657079696655273],[73.89126586914068,21.65151023864746],[73.8856277465822,21.645059585571573],[73.87026977539085,21.63879013061529],[73.86025238037126,21.641847610473746],[73.85304260253906,21.6358699798584],[73.8452377319336,21.633159637451342],[73.82903289794928,21.639789581298942],[73.80013275146513,21.634639739990348],[73.79086303710938,21.62878990173334],[73.78761291503923,21.62504959106451],[73.79057312011747,21.618509292602596],[73.80683898925776,21.602371215820312],[73.81141011791222,21.602355448129487],[73.8119256,21.6016175]]]}},{"type":"Feature","properties":{"state":"Gujarat","state_slug":"gujarat","district":"Panch Mahals","district_slug":"panch_mahals","district_as_supplied":"Panch Mahals","renamed_from_source":false,"layers":{"climate":true,"ndvi":true,"soil_moisture":true,"crop_des":true,"groundwater":true,"advisory":true},"climate_kind":"gee"},"geometry":{"type":"MultiPolygon","coordinates":[[[[73.5941703,22.3253488],[73.6054842,22.3248996],[73.6062857,22.3324255],[73.6074815,22.3357782],[73.6121653,22.3416421],[73.6138938,22.3502663],[73.6185989,22.3520558],[73.6240122122683,22.358446486260217],[73.6251831054688,22.35456275939947],[73.62531280517578,22.349800109863395],[73.62404632568365,22.34761047363304],[73.61904144287115,22.344800949096793],[73.61960601806646,22.3366508483889],[73.62589263916016,22.335840225219954],[73.63121795654297,22.336200714111328],[73.63379669189482,22.33378982543968],[73.63620758056646,22.334051132202205],[73.63745880126947,22.332651138305778],[73.63510131835943,22.330102920532454],[73.63603973388695,22.32377052307146],[73.62776184082048,22.32459068298334],[73.62069702148455,22.323619842529467],[73.6075668334961,22.324131011963175],[73.60101318359386,22.323448181152457],[73.5941703,22.3253488]]],[[[73.6511763,22.3852235],[73.6561258,22.3888822],[73.6593412,22.3877544],[73.6646697,22.3877621],[73.6646926,22.3934493],[73.6685501,22.3983052],[73.6720637,22.400164],[73.6815269,22.4002589],[73.6838119,22.4017313],[73.6837321,22.4037381],[73.6800211,22.4050302],[73.6788163,22.4071132],[73.6863236,22.4088952],[73.6862807,22.4100011],[73.6795293,22.4143614],[73.6795172,22.4216386],[73.6830543,22.420954],[73.6843312,22.4241981],[73.6880211,22.4259394],[73.6883561,22.4303939],[73.6779197,22.4374756],[73.677111,22.4407397],[73.6784333,22.4445091],[73.6745272,22.4492822],[73.6742231,22.4525317],[73.684053,22.4552405],[73.6889279,22.4617209],[73.69421093873409,22.463694951369195],[73.70532226562528,22.463260650634766],[73.7126145983124,22.461119793372816],[73.7131665,22.457499],[73.7107411,22.4552213],[73.7096041,22.4522064],[73.7166528,22.4469663],[73.723356,22.4452869],[73.726361,22.4469623],[73.7300472,22.4478007],[73.7334869,22.4504937],[73.7387183,22.4520692],[73.74196423703958,22.451808396912863],[73.74260711669922,22.448520660400334],[73.7471160888673,22.439399719238338],[73.74746704101591,22.43370056152372],[73.74372863769548,22.425991058349723],[73.74040222167997,22.424400329589787],[73.73810577392584,22.421810150146598],[73.73768615722662,22.418331146240348],[73.73793792724638,22.414421081543082],[73.74067687988298,22.409971237182674],[73.74468994140642,22.39998817443876],[73.74298858642578,22.39232826232916],[73.74326324462919,22.39083290100126],[73.75830078125023,22.386011123657454],[73.7674407958985,22.387889862060547],[73.7760620117188,22.387559890747127],[73.77594757080095,22.383380889892805],[73.77182006835943,22.37487030029297],[73.76405334472685,22.366340637207088],[73.76336669921892,22.35757064819353],[73.75914764404291,22.346549987793082],[73.75675201416021,22.34523963928234],[73.75366210937517,22.34686088562023],[73.74952697753929,22.3451519012454],[73.73899841308594,22.33955955505394],[73.7345962524414,22.336059570312614],[73.73326110839844,22.324609756469783],[73.7299880981447,22.31382942199707],[73.73150634765642,22.30951118469261],[73.73694610595726,22.305030822754077],[73.73658752441435,22.301887512207145],[73.73484039306663,22.299520492553768],[73.73455810546892,22.297090530395508],[73.73638153076178,22.292190551757926],[73.73604583740263,22.291202545166186],[73.73182678222685,22.29100990295433],[73.73134613037126,22.28985023498535],[73.72838592529325,22.288839340210018],[73.72209167480497,22.293090820312557],[73.72070312500006,22.30206108093273],[73.71742248535173,22.30290985107422],[73.7086257934572,22.299680709839095],[73.70578765869158,22.297660827636776],[73.70464324951189,22.286510467529354],[73.69745635986351,22.285190582275447],[73.66771697998053,22.286010742187727],[73.66155242919922,22.28705024719244],[73.66063690185553,22.290319442749023],[73.65299987792974,22.29993057250988],[73.644096374512,22.300130844116325],[73.64000701904297,22.301389694213867],[73.63790130615234,22.312059402466105],[73.64260864257807,22.31218910217308],[73.64482879638678,22.31345176696783],[73.65384674072277,22.31324005126953],[73.65795135498053,22.324420928955078],[73.65763854980497,22.32826805114746],[73.65933990478544,22.332149505615348],[73.66422271728516,22.335819244384766],[73.671195983887,22.336400985717887],[73.68087005615257,22.335790634155387],[73.68382263183611,22.336919784545955],[73.7005233764649,22.337671279907227],[73.69679260253923,22.341260910034407],[73.69705200195318,22.34271049499506],[73.7096176147461,22.349218368530273],[73.70957183837908,22.35853004455589],[73.70305633544933,22.362251281738452],[73.68856048583996,22.372751235961857],[73.68055725097668,22.37376976013212],[73.6511763,22.3852235]]],[[[73.7389613,22.455388],[73.7392272949221,22.455419540405387],[73.73937744241151,22.45525283253111],[73.7389613,22.455388]]]]}},{"type":"Feature","properties":{"state":"Gujarat","state_slug":"gujarat","district":"Surat","district_slug":"surat","district_as_supplied":"Surat","renamed_from_source":false,"layers":{"climate":true,"ndvi":true,"soil_moisture":true,"crop_des":true,"groundwater":true,"advisory":true},"climate_kind":"gee"},"geometry":{"type":"MultiPolygon","coordinates":[[[[73.6694437,21.4746863],[73.6660462,21.4712538],[73.6677671,21.4670094],[73.6624927,21.4661875],[73.6539388,21.4606231],[73.6564041,21.4560459],[73.6528614,21.4495422],[73.6530515,21.4414452],[73.6549593,21.438713],[73.6521745,21.4320859],[73.6525293,21.4261316],[73.6513833,21.4247108],[73.6515259,21.4223198],[73.6418275,21.4200634],[73.6408159,21.4169232],[73.6362309,21.4143243],[73.6306467,21.4065526],[73.630873,21.4018445],[73.6338348,21.398025],[73.6340891,21.3937588],[73.6332632,21.3902094],[73.6267026,21.3877958],[73.6239038,21.3877079],[73.6219012,21.3853835],[73.6176139,21.3832055],[73.6167138,21.386195],[73.6147968,21.3881522],[73.6113676,21.3894665],[73.6083807,21.3878],[73.6040149,21.3870036],[73.6025165,21.3852643],[73.6015958,21.386332],[73.6016415,21.3929278],[73.5967693,21.3925364],[73.5954947,21.3953928],[73.5891517,21.3977999],[73.5865674,21.4031899],[73.5809102,21.4027352],[73.5739773,21.4065828],[73.5644256,21.4058154],[73.560812,21.4123826],[73.5569629,21.4147936],[73.5608075,21.4205399],[73.5574537,21.4234294],[73.5515344,21.4195284],[73.5484595,21.4244662],[73.5475373,21.4226326],[73.5473413,21.4126184],[73.5441525,21.4111954],[73.5430562,21.4087398],[73.5388684,21.4078619],[73.531953,21.4107109],[73.5308764,21.4094618],[73.5260922,21.4098462],[73.5239836,21.4078621],[73.5208783,21.4120333],[73.5150971,21.4122923],[73.5116688,21.408825],[73.5107266,21.4058005],[73.507047,21.4061501],[73.5056481,21.4143851],[73.5060957,21.4199141],[73.5051597,21.4262469],[73.4989223,21.427317],[73.4994718,21.4310364],[73.4892143,21.4327771],[73.4850697,21.4302771],[73.4823796,21.4296275],[73.480903,21.4337178],[73.4782958,21.4369437],[73.477465,21.4418339],[73.4717854,21.4409946],[73.4692364,21.4428845],[73.4657958,21.4436104],[73.4650655,21.4462331],[73.463333,21.4459769],[73.4625657,21.4487326],[73.4600645,21.4483633],[73.4592364,21.4503845],[73.4572153,21.4512117],[73.4577803,21.4583687],[73.4551254,21.4648661],[73.4588089,21.4660042],[73.4599625,21.4712276],[73.4554482,21.4747121],[73.4555635,21.4851822],[73.4513629,21.4869113],[73.451806,21.4899141],[73.4512877,21.4934208],[73.4498382,21.4945398],[73.4495918,21.4994521],[73.4463867,21.5003449],[73.4437446,21.5030739],[73.4390466,21.5031587],[73.4398101,21.508326],[73.4355439,21.5095139],[73.4374625,21.518387],[73.434041,21.5163232],[73.4304324428952,21.5177417362412],[73.43199920654325,21.52042007446289],[73.43643951416033,21.52205848693859],[73.45294189453148,21.523780822754077],[73.46002197265653,21.52318954467779],[73.4708862304688,21.51803016662626],[73.47425842285156,21.514820098877067],[73.47852325439482,21.508390426635856],[73.49820709228527,21.512451171875284],[73.48664093017578,21.493721008300838],[73.49459075927746,21.49187088012718],[73.50090789794939,21.48686027526867],[73.51531219482445,21.486459732055664],[73.53412628173845,21.480590820312614],[73.54531860351574,21.475980758667276],[73.5538864135745,21.477872848510856],[73.56294250488281,21.471929550170955],[73.56893920898466,21.472709655761946],[73.6024169921875,21.48356819152832],[73.60736846923845,21.48348999023449],[73.61042785644531,21.480430603027457],[73.61242675781278,21.476631164550724],[73.61708831787126,21.473579406738224],[73.62246704101568,21.471611022949276],[73.66123199462896,21.478839874267578],[73.6668930053711,21.477470397949446],[73.6694437,21.4746863]]],[[[73.0841593,21.5470208],[73.0808414,21.5461322],[73.0791192,21.5470683],[73.077352,21.5469629],[73.0758729,21.5453074],[73.0724926,21.5445208],[73.0698429,21.5398789],[73.0658729,21.5369741],[73.06204,21.5345363],[73.056386,21.533481],[73.0510423,21.5277982],[73.0479393546673,21.526840154464757],[73.04763031005882,21.5323295593264],[73.0552368164063,21.536331176757756],[73.06408691406278,21.564729690551815],[73.07144927978521,21.562780380249137],[73.07755279541021,21.559450149536246],[73.08329772949241,21.553701400756836],[73.08594473883336,21.54729908912356],[73.0841593,21.5470208]]],[[[73.0295877,21.5162294],[73.0223065,21.5136021],[73.0150223,21.5139291],[73.0144836,21.5130582],[73.0107596,21.5128852],[73.0107204,21.5136254],[73.0091384,21.5135519],[73.0084653,21.5112947],[73.0061711,21.5097041],[73.0070799,21.5075204],[73.0039555,21.5066332],[73.004825,21.5051897],[73.0040341,21.5051529],[73.0041127,21.5036726],[73.0033218,21.5036358],[73.0032825,21.5043759],[72.998537,21.5041552],[72.9978248,21.5026381],[72.9954521,21.5025276],[72.9953341,21.504748],[72.9937916,21.5039342],[72.993831,21.5031941],[72.9914583,21.5030836],[72.9905886,21.504527],[72.9881765,21.5051566],[72.9874644,21.5036394],[72.9835493,21.5027149],[72.9828373,21.5011977],[72.9797132,21.50031],[72.9790012,21.4987928],[72.9765892,21.4994222],[72.9765497,21.5001623],[72.974968,21.5000884],[72.9742955,21.4978311],[72.9727138,21.4977572],[72.9727927,21.496277],[72.971211,21.4962031],[72.9721203,21.4940196],[72.9705387,21.4939457],[72.9705781,21.4932056],[72.9689965,21.4931316],[72.969036,21.4923915],[72.966703,21.4915405],[72.966782,21.4900602],[72.9659912,21.4900232],[72.9660702,21.488543],[72.9652794,21.488506],[72.9661493,21.4870627],[72.9653585,21.4870257],[72.965477,21.4848054],[72.9646862,21.4847684],[72.9647258,21.4840283],[72.9631834721443,21.483956135186162],[72.95440673828153,21.497591018676815],[72.95211791992216,21.504631042480753],[72.95160675048845,21.510419845581282],[72.96478271484392,21.5155410766601],[72.98943328857428,21.518020629882756],[72.99349975585966,21.51938056945812],[72.99479675292991,21.52556037902832],[72.99471282959001,21.535249710083008],[72.99817657470703,21.536729812622355],[73.00547790527366,21.535789489746264],[73.0088195800783,21.533370971679915],[73.01893615722673,21.521339416504134],[73.02218627929705,21.52255249023449],[73.02791595459001,21.522581100464038],[73.0295877,21.5162294]]],[[[72.9579648,21.4770341],[72.95771106061027,21.47702221632822],[72.9579553456898,21.4772112426577],[72.9579648,21.4770341]]]]}},{"type":"Feature","properties":{"state":"Gujarat","state_slug":"gujarat","district":"Vadodara","district_slug":"vadodara","district_as_supplied":"Vadodara","renamed_from_source":false,"layers":{"climate":true,"ndvi":true,"soil_moisture":true,"crop_des":true,"groundwater":true,"advisory":true},"climate_kind":"gee"},"geometry":{"type":"Polygon","coordinates":[[[73.0749945,21.9102869],[73.0766539,21.9104555],[73.07786399607075,21.91309285929697],[73.0976181030274,21.91724967956543],[73.10074615478533,21.918529510498047],[73.10253143310553,21.92093086242693],[73.09909057617193,21.928730010986612],[73.09562683105486,21.929740905761776],[73.08701324462908,21.928159713745174],[73.07740332941549,21.92290652582687],[73.0806441,21.9281478],[73.0858582,21.9294637],[73.0893652,21.9335115],[73.0919252,21.9337172],[73.0945153,21.9307111],[73.0963689,21.9316759],[73.0965248,21.9352173],[73.1014948,21.9356171],[73.1037191,21.9330353],[73.1090252,21.9326109],[73.1101998,21.9339429],[73.1191008,21.934404],[73.1246551,21.937463],[73.1246087,21.941598],[73.1324098,21.9484882],[73.1350455,21.9487009],[73.1363736,21.9457222],[73.1379826,21.946623],[73.1368037,21.9499101],[73.1385281,21.9547131],[73.1427431,21.9530244],[73.147139,21.9535645],[73.1474167,21.9553314],[73.150484,21.9567059],[73.1508154,21.9578605],[73.1525137,21.9586192],[73.1604407,21.9676913],[73.1680359,21.9724941],[73.1682566,21.9747106],[73.173314,21.9811825],[73.1704232,21.9849143],[73.1713226,21.9857912],[73.1712742,21.9890983],[73.1731905,21.9901902],[73.1751923,21.9942801],[73.1796779,21.999975],[73.1808254,22.003853],[73.1845913,22.0039106],[73.1865217,22.0079927],[73.1887762,22.0097326],[73.1921927,22.0083899],[73.2012991,22.006842],[73.2071436,22.0081963],[73.2087762,22.0108653],[73.2062813,22.0107169],[73.2046586,22.0117309],[73.2092685,22.015851],[73.2104435,22.017973],[73.2072076,22.0226076],[73.2093943,22.0245613],[73.2137661,22.0250153],[73.2197093,22.0242775],[73.2208158,22.0279359],[73.2250159,22.0304045],[73.2271279,22.0291642],[73.2304326,22.0299154],[73.2341247,22.0274528],[73.2349674,22.0244299],[73.2360315,22.0245867],[73.2374627,22.0194446],[73.2405823,22.0129328],[73.2423843,22.0126661],[73.2441502,22.0137307],[73.2469456,22.0133187],[73.2487418,22.014704],[73.250051,22.0172631],[73.2534415,22.0193076],[73.2574103,22.0163657],[73.2678877,22.0155548],[73.2703727,22.0194059],[73.272966,22.0160461],[73.2770783,22.0159208],[73.2787909,22.0172437],[73.280088,22.0217614],[73.2821966,22.0226235],[73.2824077,22.0248221],[73.2867059,22.024187],[73.2926386,22.0279977],[73.2956409,22.0275546],[73.2982959,22.0303852],[73.3020485,22.0314305],[73.3064734,22.0351195],[73.3086823,22.038529],[73.3102475,22.0390526],[73.311762,22.0356339],[73.3126026,22.0354837],[73.3175707,22.0361111],[73.3203033,22.0377595],[73.321947,22.0350357],[73.3216183,22.0328073],[73.3233126,22.0243082],[73.3256467,22.0246523],[73.3325021,22.0227717],[73.3332958,22.0237179],[73.3400692,22.0251479],[73.3430231,22.0286113],[73.3450707,22.0278859],[73.3470551,22.0254032],[73.3492747,22.0261242],[73.3524966,22.0300879],[73.3571945,22.0318083],[73.3573134,22.0346187],[73.3641636,22.0387622],[73.3659805,22.0376669],[73.3697093,22.0376914],[73.370584,22.0383655],[73.370714,22.0416697],[73.3757553,22.0424137],[73.37663,22.0402773],[73.3810896,22.0390365],[73.3807573,22.0367856],[73.3825847,22.0353746],[73.3821467,22.0324148],[73.3909042,22.0278859],[73.3949634,22.0219439],[73.3975846,22.020376],[73.3972338,22.0155012],[73.4022049,22.014452],[73.4049003,22.012373],[73.4050836,22.0111319],[73.4037673,22.0090808],[73.4067208,22.0060136],[73.4117213,22.0053878],[73.4125538,22.0043468],[73.4181185,22.0050399],[73.4197554,22.0069823],[73.4224946,22.007765],[73.4238675,22.0094127],[73.427381,22.0073482],[73.4330472,22.0077128],[73.4357082,22.0149017],[73.4346107,22.0190889],[73.4363752,22.0201354],[73.4372378,22.0237591],[73.4362574,22.027501],[73.432951,22.0290611],[73.4317421,22.0328773],[73.4279601,22.0315524],[73.422887,22.0366196],[73.4229474,22.0441873],[73.4204654,22.0464866],[73.4196493,22.0507593],[73.4178562,22.0533654],[73.4184316,22.0572289],[73.4251023,22.0611354],[73.4230058,22.0687841],[73.4290469,22.0702531],[73.4304331,22.0732476],[73.4342472,22.074568],[73.4360138,22.0744638],[73.4375811,22.0727103],[73.4438304,22.0726788],[73.4466755,22.0711334],[73.4501541,22.0720646],[73.4536074,22.0718586],[73.4550718,22.0702194],[73.4567048,22.0703984],[73.4547821,22.0721829],[73.4569259,22.0753074],[73.4600201,22.0736256],[73.4633459,22.0762034],[73.4667457,22.07541],[73.4684125,22.0735446],[73.4736865,22.0738581],[73.4757586,22.0770664],[73.4714288,22.0827126],[73.4704759,22.0916605],[73.4682855,22.0936902],[73.477179,22.1041701],[73.4771141,22.109143],[73.4829901,22.1130946],[73.4832747,22.1153312],[73.4858001,22.1164906],[73.4924968,22.1161009],[73.4940378,22.1178171],[73.4984839,22.1191909],[73.5013519,22.1248682],[73.5013177,22.1274243],[73.4987346,22.1286444],[73.4971509,22.1408486],[73.4997113,22.1433814],[73.4996289,22.1454441],[73.49738,22.1501412],[73.5035114,22.1532768],[73.5054521,22.1582583],[73.50723553409584,22.159585781137604],[73.50924682617216,22.15719032287626],[73.51222991943365,22.151109695434684],[73.51631927490263,22.151140213012695],[73.51744079589872,22.14368057250988],[73.52127075195341,22.138591766357422],[73.5215682983399,22.132890701294173],[73.51618194580095,22.126419067382926],[73.51561737060564,22.121139526367188],[73.50576782226585,22.111120223999308],[73.49936676025385,22.106391906738395],[73.49446868896484,22.103940963745288],[73.49001312255871,22.09531021118181],[73.48826599121122,22.08776092529297],[73.48908996582048,22.080659866333065],[73.49449920654303,22.073820114135742],[73.4983673095706,22.07662963867199],[73.50814056396479,22.077421188354492],[73.51850891113281,22.087682723999137],[73.52379608154314,22.089490890503157],[73.54521942138678,22.09017944335949],[73.54646301269543,22.082731246948356],[73.53842926025419,22.0711727142334],[73.54077148437517,22.066970825195312],[73.55104064941418,22.0650691986084],[73.5494918823245,22.05990028381359],[73.53868865966814,22.05890083313011],[73.53803253173857,22.050529479980582],[73.52807617187506,22.05088043212902],[73.51909637451178,22.03751945495617],[73.50995635986334,22.037731170654297],[73.50811767578153,22.02326011657732],[73.50837707519548,22.017440795898665],[73.50419616699219,22.014110565185774],[73.50628662109375,22.007930755615178],[73.52052307128918,22.001979827881144],[73.5203933715822,21.991428375244368],[73.51848602294939,21.98912048339855],[73.51747894287121,21.980110168457088],[73.51526641845703,21.977569580078125],[73.51402282714872,21.963600158691406],[73.50337219238276,21.96626091003418],[73.47767639160156,21.97794914245611],[73.46692657470714,21.979049682617188],[73.46201324462908,21.97847938537609],[73.45818328857439,21.97681045532238],[73.45358276367199,21.97138023376482],[73.45075225830095,21.96533966064453],[73.44976806640636,21.960309982299805],[73.4523315429688,21.952238082886026],[73.45265960693376,21.93608093261747],[73.44880676269543,21.926509857177905],[73.4400711059572,21.91475105285656],[73.43142700195341,21.910020828247184],[73.42430877685553,21.909179687500284],[73.41594696044928,21.90985107421875],[73.40939331054688,21.91142082214384],[73.40209960937494,21.91591072082548],[73.39314270019548,21.919340133666992],[73.38286590576189,21.926780700683594],[73.37370300292986,21.928340911865348],[73.36676788330107,21.926000595092773],[73.36131286621111,21.922451019287223],[73.35964202880865,21.91616058349632],[73.36054229736345,21.88285064697277],[73.35846710205078,21.878467559814453],[73.35527038574224,21.875091552734375],[73.34430694580072,21.872840881347656],[73.33362579345697,21.874860763549805],[73.30731964111345,21.889980316162166],[73.29110717773455,21.901660919189567],[73.28105163574224,21.92389106750494],[73.27490234375017,21.93028068542486],[73.26774597167974,21.932569503784237],[73.25813293457048,21.933170318603516],[73.25084686279291,21.930299758911133],[73.24070739746122,21.9228191375733],[73.2342071533206,21.916490554809684],[73.23219299316423,21.910369873046818],[73.237846374512,21.892690658569393],[73.25949859619146,21.86281967163086],[73.25623321533203,21.84189987182623],[73.2360458374024,21.823701858520735],[73.22556304931646,21.820840835571516],[73.218032836914,21.82015037536621],[73.21061706542986,21.82225036621088],[73.1929321289063,21.829631805419922],[73.18244934082037,21.83913040161127],[73.17662048339872,21.847219467163256],[73.15892791748064,21.860610961914233],[73.14472961425787,21.86350059509283],[73.14396667480474,21.867120742797795],[73.13735198974604,21.86964035034174],[73.13771820068371,21.87470054626465],[73.13613128662132,21.87595939636242],[73.13127136230486,21.87636947631836],[73.12650299072283,21.87549972534191],[73.11769866943371,21.875329971313477],[73.10172271728533,21.870889663696573],[73.0953063964846,21.879489898681697],[73.08090972900408,21.87640953063965],[73.07124328613287,21.880889892578352],[73.06960296630888,21.885231018066406],[73.07000732421886,21.89369964599615],[73.07280731201195,21.9010906219483],[73.07391183233183,21.910693086328703],[73.0749945,21.9102869]]]}},{"type":"Feature","properties":{"state":"Madhya Pradesh","state_slug":"madhya_pradesh","district":"Alirajpur","district_slug":"alirajpur","district_as_supplied":"Alirajpur","renamed_from_source":false,"layers":{"climate":true,"ndvi":true,"soil_moisture":true,"crop_des":true,"groundwater":true,"advisory":true},"climate_kind":"gee"},"geometry":{"type":"Polygon","coordinates":[[[74.0714624,22.5510536],[74.07649196398681,22.551527304780393],[74.0800407,22.5486882],[74.0808269,22.5453082],[74.0892074,22.5428552],[74.0944187,22.5396326],[74.101309,22.5377355],[74.10964965820318,22.538391113281307],[74.11252033526895,22.54047617606138],[74.1195687,22.5347157],[74.121926,22.5295806],[74.1253696610072,22.52893779472462],[74.12760925292997,22.524379730224723],[74.13347625732445,22.518779754638672],[74.13852691650385,22.520191192627067],[74.14321136474632,22.518800735473746],[74.15332031250023,22.517419815063704],[74.15680694580107,22.520940780639876],[74.15750477646776,22.524372944468844],[74.1625337,22.5244724],[74.1658952,22.5256783],[74.1657767,22.5220194],[74.1682144,22.5195014],[74.1784917,22.5160769],[74.1803525,22.5120263],[74.1995183,22.5071464],[74.2008299,22.5095286],[74.2107442,22.5064705],[74.2127732,22.5034804],[74.2199952,22.5045713],[74.2208266,22.5036409],[74.2260575,22.502355],[74.2291626,22.5045248],[74.230611,22.5044378],[74.2369049,22.4992762],[74.2379588,22.5057507],[74.240785,22.5137494],[74.2460117,22.5102666],[74.2529761,22.5107357],[74.2541141,22.5165683],[74.2554371,22.5169738],[74.2630059,22.5149473],[74.2674925,22.522855],[74.2716606,22.5253543],[74.2752882,22.5264753],[74.2755603,22.5332262],[74.2721081,22.5340716],[74.2712917,22.5374013],[74.2712334,22.5444847],[74.2753919,22.547382],[74.279234,22.5482753],[74.2798429,22.5494553],[74.277359,22.5529793],[74.2786993,22.5632762],[74.2804721,22.5648654],[74.281292,22.5724174],[74.2823126,22.5734182],[74.2810869,22.5782007],[74.2849001,22.5794163],[74.2818187,22.5853977],[74.2872766,22.5907233],[74.2908832,22.5902747],[74.2949341,22.5935147],[74.3029671,22.5928351],[74.3030274,22.5983373],[74.3088325,22.5976152],[74.3097875,22.6022776],[74.3078909,22.6040997],[74.3079454,22.6147111],[74.3125193,22.6161268],[74.3134843,22.6172209],[74.3181518,22.617082],[74.3199974,22.6195561],[74.3229995,22.6178812],[74.3300166,22.6202906],[74.3330463,22.6235132],[74.3393714,22.6205086],[74.3404328,22.6224141],[74.3487531,22.6229328],[74.3607587,22.6179754],[74.3681795,22.6165903],[74.3749927,22.6119741],[74.3808728,22.6111875],[74.3821177,22.6097944],[74.3929328,22.6090808],[74.3934247,22.6057147],[74.3922689,22.5989385],[74.3934375,22.597722],[74.400823,22.5978728],[74.4008087,22.5920838],[74.4041547,22.5837923],[74.4042235,22.5779171],[74.4024001,22.5691911],[74.4082556,22.5661745],[74.4192084,22.5653363],[74.4191573,22.5628308],[74.420919,22.5619761],[74.4248798,22.5578537],[74.4286459,22.5569355],[74.4319466,22.551428],[74.4375582,22.5469789],[74.4383413,22.5411555],[74.4433818,22.5394726],[74.4458171,22.5395223],[74.4506193,22.5375743],[74.4532597,22.5403224],[74.4545997,22.5391475],[74.4559471,22.5349955],[74.4601669,22.5336262],[74.4658507,22.5286509],[74.4694275,22.5310756],[74.47278594970709,22.530479431152514],[74.4791079,22.5311881],[74.4810594,22.5302413],[74.4826616,22.5220345],[74.4859052,22.5237055],[74.4916427,22.5237228],[74.4983415,22.5194888],[74.5148171,22.5172864],[74.519093,22.5194891],[74.5270412,22.5165713],[74.5317068,22.5111221],[74.5414289,22.5110928],[74.5454416,22.5123948],[74.5479753,22.515734],[74.5494155,22.5194155],[74.554093,22.5170058],[74.556339,22.5184322],[74.5562257,22.5239811],[74.5575401,22.5253728],[74.5641911,22.5261558],[74.5694589,22.5287609],[74.5721971,22.5360398],[74.5778683,22.539656],[74.5779757,22.5482501],[74.5763886,22.5513306],[74.57842779145675,22.554338875659045],[74.59033203125028,22.544490814209155],[74.59733581542974,22.541679382324332],[74.60279846191423,22.542360305786133],[74.61084495481131,22.559005829361595],[74.6107778,22.5578797],[74.6150779,22.556728],[74.6215369,22.5571129],[74.6241669,22.5556838],[74.6291907,22.5570293],[74.6322732,22.5553542],[74.6348621,22.5578074],[74.6368496,22.5569597],[74.6385812,22.5550217],[74.6461548,22.5554732],[74.6475989,22.5507966],[74.6573686,22.5513789],[74.6590288,22.5495208],[74.6626636,22.5523115],[74.6697815,22.5518872],[74.6723653,22.5584736],[74.6764073,22.56067],[74.6839482,22.5602206],[74.6867021,22.5644703],[74.6854753,22.5682507],[74.683862,22.5698008],[74.683759,22.574849],[74.6879595,22.5789542],[74.6892448,22.5859939],[74.6953524,22.586358],[74.6978404,22.5852161],[74.7000106,22.5827871],[74.7025132,22.5845352],[74.7049022,22.583237],[74.7161111,22.5871232],[74.718903,22.5827332],[74.7280618,22.5802103],[74.7294253,22.5764106],[74.7270783,22.5720917],[74.731897,22.5687259],[74.7358716,22.5686903],[74.7369214,22.5664029],[74.740727,22.5646562],[74.7425826,22.5609446],[74.74606323242188,22.56112289428711],[74.73282623291044,22.55481910705572],[74.7300872802735,22.548509597778548],[74.71997070312506,22.533069610595703],[74.7199478149414,22.52885246276867],[74.72500610351591,22.517602920532454],[74.7250213623048,22.513380050659464],[74.72852325439453,22.505641937256087],[74.72734832763689,22.50213050842285],[74.72421264648466,22.50004005432129],[74.7222824096682,22.49933052062994],[74.7187805175783,22.50074005126953],[74.71604919433605,22.49934959411621],[74.7137069702149,22.49584007263212],[74.7117767333985,22.490219116210938],[74.71253967285162,22.484590530395508],[74.71021270751953,22.481790542602596],[74.70981597900408,22.47966957092291],[74.71486663818388,22.4733505249024],[74.71566009521513,22.470539093017805],[74.71563720703153,22.46561813354498],[74.72458648681646,22.459281921386832],[74.73120880126959,22.457860946655387],[74.73626708984386,22.455030441284293],[74.7401428222658,22.451520919800032],[74.74170684814459,22.446599960327205],[74.74559020996122,22.444480895996094],[74.74870300292986,22.440959930419922],[74.74870300292986,22.43674087524414],[74.74440765380882,22.436748504638672],[74.73432159423857,22.440280914306925],[74.72963714599626,22.44099998474121],[74.72574615478544,22.439592361450423],[74.72379302978521,22.431169509887695],[74.72029876709001,22.426961898803825],[74.71679687500028,22.42556953430187],[74.70511627197288,22.42629051208513],[74.70007324218767,22.42347908020031],[74.69345092773443,22.41576957702631],[74.69502258300787,22.40804100036644],[74.6926879882813,22.405229568481445],[74.69850158691418,22.398199081421012],[74.69577789306646,22.389070510864315],[74.69499969482445,22.381338119507063],[74.69538116455101,22.377832412719783],[74.69460296630865,22.37502098083519],[74.6953964233399,22.37009239196783],[74.6934432983399,22.367280960083008],[74.68953704833996,22.36730003356945],[74.68681335449224,22.36379051208519],[74.67788696289091,22.363098144531307],[74.6728286743164,22.368030548095646],[74.66195678710938,22.371561050415153],[74.65300750732428,22.372270584106673],[74.64447784423834,22.37018013000511],[74.6382293701173,22.367370605468693],[74.63474273681646,22.36455917358427],[74.63318634033209,22.35824012756359],[74.63321685791021,22.354030609130916],[74.62541198730497,22.34773063659668],[74.62464904785185,22.344900131225813],[74.6258087158206,22.331569671631144],[74.62815093994158,22.326641082763615],[74.63202667236334,22.322410583496094],[74.63552856445341,22.312580108642578],[74.6394119262697,22.310472488403548],[74.64485168457037,22.305540084838867],[74.65457153320335,22.305530548095703],[74.66078186035173,22.30763053894043],[74.6662216186524,22.306209564209098],[74.66467285156273,22.29779052734375],[74.66155242919939,22.290769577026424],[74.65728759765653,22.286550521850643],[74.65416717529303,22.279529571533146],[74.64951324462908,22.274620056152457],[74.64173889160156,22.272529602051065],[74.604057312012,22.270458221435774],[74.60058593750023,22.26765060424816],[74.60098266601568,22.26485061645502],[74.60835266113281,22.259929656982422],[74.60639953613276,22.256410598754826],[74.59552764892572,22.253610610961914],[74.59204101562528,22.2437801361084],[74.58194732666044,22.24238014221214],[74.57456970214861,22.24379920959484],[74.56836700439459,22.246610641479663],[74.56487274169922,22.244510650634993],[74.56331634521501,22.239591598510742],[74.56488800048834,22.235370635986555],[74.56566619873053,22.22906112670921],[74.5652694702149,22.224140167236385],[74.56178283691423,22.220621109009016],[74.55635070800787,22.220621109009016],[74.55206298828142,22.224840164184798],[74.5516662597658,22.22836112976097],[74.5501174926759,22.23047256469755],[74.54856872558622,22.23608970642084],[74.54428863525396,22.238901138305664],[74.53729248046903,22.237489700317667],[74.53070831298845,22.238901138305664],[74.52799987792963,22.236801147461165],[74.52565765380888,22.23047256469755],[74.51869201660173,22.2248592376709],[74.51596832275402,22.22136116027832],[74.51597595214855,22.217140197754134],[74.51946258544939,22.21361160278343],[74.52063751220709,22.208698272705135],[74.5183181762697,22.20238113403343],[74.50978851318365,22.191852569580078],[74.51251220703153,22.186929702758903],[74.51212310791044,22.183420181274414],[74.50630187988298,22.18552970886242],[74.50203704834013,22.181320190429744],[74.49933624267607,22.175689697265625],[74.49933624267607,22.169370651245288],[74.50206756591791,22.163049697876033],[74.50595855712896,22.156730651855526],[74.51917266845732,22.149690628051985],[74.5276870727539,22.14829063415533],[74.53040313720726,22.1447811126709],[74.53082275390653,22.138452529907283],[74.53275299072277,22.13072967529297],[74.53507995605486,22.127910614013672],[74.53781127929693,22.126510620117188],[74.5420532226563,22.122301101684684],[74.54207611084013,22.11948966979986],[74.53740692138672,22.116678237915266],[74.49552917480497,22.113870620727653],[74.47651672363298,22.114580154419173],[74.47457885742199,22.11248970031761],[74.47458648681652,22.109670639038256],[74.47926330566412,22.103351593017578],[74.47965240478521,22.099140167236328],[74.48118591308616,22.09633064270031],[74.48741149902361,22.097730636596737],[74.49710083007807,22.101930618286133],[74.50599670410162,22.10053062438965],[74.51725769042974,22.101930618286133],[74.51766204834013,22.091400146484546],[74.51300811767584,22.08929061889654],[74.5083465576173,22.082981109619368],[74.50372314453153,22.078760147094783],[74.4986801147461,22.072441101074332],[74.49598693847673,22.065420150757006],[74.4998626708985,22.05699157714855],[74.50608062744158,22.046449661254883],[74.48863220214866,22.0464706420899],[74.47083282470703,22.04294967651373],[74.4498901367188,22.037330627441463],[74.435546875,22.030998229980696],[74.41774749755871,22.02581024169922],[74.39643859863298,22.02370262146019],[74.38831329345709,22.02017974853527],[74.37818145751959,22.002170562744425],[74.3743820190432,21.996910095214957],[74.371597290039,21.994342803955362],[74.36531066894526,21.991441726684855],[74.35842132568371,21.98220062255865],[74.35463714599626,21.979198455810774],[74.34555816650396,21.975219726562443],[74.31260681152372,21.97261810302757],[74.30699920654297,21.970689773559513],[74.30204010009766,21.9674396514892],[74.2998733520509,21.964330673217944],[74.29721069335932,21.957218170166186],[74.29425811767584,21.94055938720703],[74.29225921630854,21.937250137329215],[74.29064941406273,21.936059951782454],[74.2588577270509,21.932851791382006],[74.23710632324247,21.929660797119197],[74.22709655761724,21.929901123047102],[74.20658874511747,21.925579071044922],[74.19962310791016,21.925800323486555],[74.19069671630882,21.927602767944393],[74.18708801269537,21.929107666015625],[74.18206787109375,21.93365097045904],[74.17494201660168,21.94273185729992],[74.16404724121122,21.94939994812023],[74.15598297119163,21.953109741210938],[74.1460189819336,21.954059600830135],[74.1446762084961,21.956569671630973],[74.14890289306646,21.96071052551281],[74.14534759521513,21.96461105346691],[74.14335632324219,21.969881057739542],[74.14366912841791,21.97222137451172],[74.14560699462908,21.97400093078636],[74.15320587158197,21.97557067871105],[74.15186309814464,21.98089027404808],[74.15384674072266,21.98641967773449],[74.14959716796892,21.988809585571232],[74.14198303222673,21.99123191833496],[74.12773132324224,21.993761062622013],[74.11688995361351,21.99863052368164],[74.10820770263689,21.99835968017578],[74.1050033569336,21.998939514160384],[74.10034179687528,22.001592636108455],[74.10045623779303,22.01055908203125],[74.09770202636713,22.01545906066906],[74.10118865966797,22.01828002929716],[74.11664581298828,22.024641036987532],[74.12512969970732,22.035890579223746],[74.13208007812517,22.038730621338118],[74.1410064697265,22.04086112976097],[74.14523315429705,22.043680191040153],[74.14404296875011,22.0478897094726],[74.1393966674807,22.05068969726574],[74.13783264160162,22.053501129150504],[74.1629867553711,22.06056976318382],[74.16336822509766,22.064090728759993],[74.16179656982416,22.071109771728516],[74.16487884521501,22.073932647705078],[74.16755676269548,22.082361221313704],[74.17064666748053,22.084470748901367],[74.1764602661134,22.084491729736555],[74.18070983886736,22.086601257324162],[74.1787567138673,22.09011077880882],[74.17215728759766,22.09360122680681],[74.17411041259788,22.09641075134283],[74.17021179199236,22.10132980346691],[74.16554260253912,22.102718353271428],[74.15856170654314,22.102001190185547],[74.15466308593756,22.105501174927042],[74.13259124755871,22.096321105957145],[74.13027191162138,22.09770965576172],[74.12906646728521,22.10333824157709],[74.12905883789068,22.108251571655387],[74.13134765625006,22.12019920349144],[74.13130950927751,22.12441062927269],[74.12782287597668,22.1272106170656],[74.12663269042974,22.132120132446516],[74.12738037109398,22.137741088867188],[74.12967681884771,22.14266014099138],[74.13355255126964,22.146192550659237],[74.13349151611334,22.15813064575218],[74.13504028320341,22.161649703979606],[74.13189697265625,22.164440155029354],[74.12648010253935,22.166540145874023],[74.12490844726568,22.17215919494629],[74.12211608886713,22.18760108947754],[74.12364196777338,22.192520141601562],[74.12124633789068,22.20515060424799],[74.12277984619146,22.212900161743278],[74.1192703247072,22.21638107299816],[74.11383056640648,22.219181060791072],[74.1076126098634,22.220569610595817],[74.09440612792997,22.22124099731468],[74.08159637451195,22.22050094604515],[74.07578277587908,22.221878051757812],[74.07338714599615,22.229600906372298],[74.07454681396507,22.234529495239258],[74.07842254638683,22.237358093261946],[74.08460998535156,22.23805809020996],[74.0892868041995,22.24019050598139],[74.09158325195324,22.243700027466048],[74.0892257690432,22.24720954895048],[74.08535003662126,22.247900009155387],[74.08067321777372,22.24999046325695],[74.07872772216803,22.252780914306754],[74.07987213134771,22.258420944213867],[74.07826995849626,22.268247604370174],[74.07242584228521,22.26893043518072],[74.0646362304688,22.2759304046632],[74.06149291992205,22.280841827392692],[74.05915069580107,22.285749435424805],[74.0598907470706,22.29067039489763],[74.05832672119163,22.293481826782454],[74.05790710449219,22.299800872802734],[74.05905151367188,22.305410385132063],[74.06254577636724,22.306840896606673],[74.0664367675783,22.305442810058594],[74.06674194335943,22.317390441894474],[74.06828308105497,22.32582283020031],[74.06826782226568,22.33073043823265],[74.07405853271479,22.336381912231445],[74.0759658813476,22.3413028717041],[74.07438659667997,22.346210479736385],[74.07164764404303,22.349010467529297],[74.07084655761736,22.354629516601562],[74.07198333740251,22.360240936279467],[74.07702636718773,22.362380981445426],[74.09527587890625,22.362440109253157],[74.09989929199224,22.372978210449446],[74.10534667968767,22.372991561889762],[74.11196136474638,22.371612548828125],[74.11508941650408,22.367401123047046],[74.11709594726568,22.35757064819353],[74.12445831298828,22.358301162719727],[74.12914276123075,22.352689743041992],[74.13153076171875,22.33794975280756],[74.13429260253935,22.33233070373535],[74.18406677246122,22.32261085510254],[74.19106292724615,22.32192993164091],[74.19568634033232,22.32543945312517],[74.19644165039068,22.333900451660213],[74.1948471069336,22.343719482421818],[74.1948318481447,22.349340438842887],[74.19754028320318,22.35073852539091],[74.1983489990235,22.343019485473633],[74.2022171020509,22.343030929565487],[74.20533752441406,22.347949981689567],[74.20609283447266,22.35357093811058],[74.20565795898432,22.359899520874023],[74.206802368164,22.367620468139705],[74.20993041992193,22.366210937500114],[74.21111297607445,22.36273002624523],[74.21344757080107,22.359210968017692],[74.2165603637697,22.357812881469783],[74.22704315185564,22.358539581298828],[74.2266311645509,22.36485290527372],[74.22737884521513,22.372592926025504],[74.22582244873075,22.375400543212947],[74.22543334960943,22.37820053100586],[74.23085021972673,22.379621505737532],[74.24019622802751,22.376819610595703],[74.24563598632835,22.3775310516358],[74.24600982666038,22.383159637451172],[74.25300598144548,22.383871078491495],[74.25611114501959,22.385990142822436],[74.25798797607422,22.400030136108626],[74.26345062255854,22.396539688110465],[74.27394866943354,22.39303970336914],[74.28135681152372,22.393751144409237],[74.2871932983399,22.39306068420433],[74.291069030762,22.391660690307674],[74.29418182373064,22.394468307495117],[74.2883071899414,22.397979736328352],[74.28172302246122,22.40007972717285],[74.27820587158203,22.402879714965934],[74.27120971679693,22.404981613159407],[74.27001190185553,22.410591125488338],[74.2699966430664,22.414810180664176],[74.26648712158214,22.418319702148608],[74.2641220092774,22.424640655517862],[74.2540206909182,22.43305969238304],[74.24659729003912,22.436540603637923],[74.23725891113287,22.439340591430664],[74.22364044189453,22.440010070800895],[74.2185668945313,22.442819595336914],[74.21663665771507,22.439319610595817],[74.21626281738304,22.43439102172863],[74.21160125732439,22.43437004089361],[74.20461273193365,22.4371719360351],[74.20449066162138,22.466680526733512],[74.20252990722679,22.472299575805778],[74.19785308837908,22.47509956359869],[74.1908264160158,22.47788047790533],[74.18270874023443,22.464530944824446],[74.18234252929716,22.460300445556754],[74.18624877929705,22.452592849731502],[74.18743133544928,22.447671890259073],[74.18667602539068,22.4441509246829],[74.18280029296892,22.442750930786076],[74.17267608642595,22.442012786865348],[74.17077636718767,22.433580398559684],[74.16728210449247,22.432170867919922],[74.16107177734392,22.43215942382824],[74.15873718261713,22.434949874877987],[74.15598297119163,22.43987274169939],[74.156723022461,22.45041084289568],[74.15628814697283,22.456731796264933],[74.14424896240229,22.456710815429915],[74.14074707031256,22.453878402710245],[74.1311111450197,22.43629074096691],[74.13037872314453,22.421541213989542],[74.12689971923845,22.420129776001204],[74.12300109863287,22.420810699463004],[74.11637115478544,22.426420211792106],[74.11051940917986,22.42921066284191],[74.10507202148443,22.43341064453125],[74.10073852539074,22.445341110229492],[74.10225677490263,22.450969696045206],[74.10573577880876,22.455890655517635],[74.1061096191408,22.462209701538313],[74.10334777832054,22.467830657958984],[74.1002426147461,22.469232559204386],[74.09050750732422,22.469200134277457],[74.08583831787138,22.46707916259794],[74.07808685302751,22.465642929077376],[74.0787887573245,22.481111526489258],[74.08030700683622,22.486030578613452],[74.08344268798845,22.484630584716797],[74.0853881835938,22.48182106018095],[74.08889770507841,22.47973251342779],[74.09043884277355,22.48254966735857],[74.08963775634794,22.488870620727823],[74.0857009887697,22.49870109558134],[74.08644866943354,22.505020141601676],[74.08526611328153,22.508518218994197],[74.08136749267578,22.508518218994197],[74.0739669799807,22.510599136352653],[74.06968688964861,22.50988006591814],[74.06188964843767,22.511260986328352],[74.05879974365229,22.5105495452882],[74.05455780029325,22.50139808654808],[74.0499114990235,22.49998283386236],[74.04640960693376,22.497159957885856],[74.04566955566423,22.49294281005882],[74.04293823242216,22.490829467773438],[74.03708648681658,22.49151039123541],[74.03466796875006,22.50836944580078],[74.03893280029325,22.514001846313533],[74.04358673095703,22.516820907593058],[74.04315948486322,22.523849487304915],[74.04078674316429,22.530160903930664],[74.04231262207054,22.537189483642692],[74.04463958740263,22.54212188720703],[74.05004119873064,22.545650482177734],[74.05628204345732,22.547782897949332],[74.06674957275419,22.550899505615348],[74.0714624,22.5510536]]]}},{"type":"Feature","properties":{"state":"Madhya Pradesh","state_slug":"madhya_pradesh","district":"Balaghat","district_slug":"balaghat","district_as_supplied":"Balaghat","renamed_from_source":false,"layers":{"climate":true,"ndvi":true,"soil_moisture":true,"crop_des":true,"groundwater":true,"advisory":true},"climate_kind":"gee"},"geometry":{"type":"Polygon","coordinates":[[[80.8028631,21.7473963],[80.8030495,21.7520883],[80.801203,21.7578184],[80.802916,21.7594059],[80.8028289,21.761593],[80.8088958,21.7653678],[80.8070461,21.7711327],[80.8071103,21.7769282],[80.8033934,21.7770782],[80.8018315,21.7753921],[80.7973472,21.7762302],[80.7962502,21.7812454],[80.7929128,21.7878289],[80.7862461,21.7935398],[80.7870469,21.7969956],[80.7912135,21.8008562],[80.7892466,21.8056982],[80.7878802,21.8069638],[80.7868963,21.8110949],[80.7819484,21.8161611],[80.782173,21.8218283],[80.7789284,21.8239224],[80.7818564,21.8266353],[80.7837062,21.8301304],[80.7838763,21.8344338],[80.7795469,21.8377971],[80.7776385,21.8418412],[80.7728584,21.8419945],[80.7675596,21.8494105],[80.7638423,21.8494674],[80.7617629,21.8513936],[80.7658433,21.8577114],[80.7688324,21.8586578],[80.7718646,21.8617036],[80.7689674,21.8630708],[80.7687469,21.8753285],[80.7654372,21.8763765],[80.7662135,21.8844956],[80.7703802,21.8916791],[80.7685776,21.8945904],[80.769555,21.8986962],[80.7727394,21.89857],[80.7751771,21.8994244],[80.780272,21.8965201],[80.7817295,21.9011242],[80.7862135,21.9094956],[80.7912135,21.9127065],[80.78782,21.9204697],[80.7879429,21.9235634],[80.7838975,21.9277971],[80.7824998,21.9270133],[80.7816295,21.9242626],[80.7779551,21.9276672],[80.7753704,21.9369924],[80.778283,21.9379146],[80.7845339,21.9462655],[80.7807472,21.9498963],[80.7870469,21.9568119],[80.7819631,21.9595583],[80.7754454,21.9602983],[80.7723423,21.9631733],[80.7696372,21.9673622],[80.7629894,21.9651831],[80.7619541,21.9671402],[80.762195,21.9732144],[80.7583001,21.9750522],[80.7562461,21.9803289],[80.7537656,21.9814994],[80.753751,21.9837628],[80.7487612,21.9835979],[80.7462461,21.9853289],[80.7428802,21.9861305],[80.7401873,21.9954395],[80.7341758,22.0005368],[80.7319834,22.0037229],[80.732112,22.0069613],[80.7295806,22.0069636],[80.7296055,22.0092909],[80.7253021,22.0103159],[80.7230031,22.0127971],[80.719199,22.0111482],[80.7116665,22.0103467],[80.706113,22.0063495],[80.7025002,22.0108907],[80.696395,22.0138915],[80.6948944,22.0186305],[80.6855231,22.0168617],[80.6787262,22.0171311],[80.6658332,22.01618],[80.665021,22.0136143],[80.663334,22.0136812],[80.6607388,22.0081817],[80.6558332,22.0070133],[80.6536904,22.0036942],[80.6527931,22.0036585],[80.650508,22.0061254],[80.6464573,22.0062886],[80.6404194,22.0052372],[80.6378896,22.0085838],[80.6341665,22.00618],[80.6333657,22.0011482],[80.6283323,22.0003464],[80.6284658,21.9969822],[80.6246946,21.9952024],[80.6220799,21.9914024],[80.6205727,21.9871032],[80.6229206,21.9812787],[80.6214826,21.9752396],[80.6161831,21.9687286],[80.6181468,21.9650175],[80.6184552,21.9572387],[80.6168211,21.9525765],[80.6166022,21.9470418],[80.6175649,21.9461493],[80.6183665,21.9420101],[80.6184202,21.9356327],[80.6133657,21.9294816],[80.6104197,21.9280916],[80.6082908,21.9226235],[80.6050519,21.9196222],[80.6033323,21.9161777],[80.6025324,21.9061482],[80.5941665,21.9053467],[80.5937445,21.9044626],[80.5912661,21.904957],[80.5833332,21.9028467],[80.5824852,21.9010498],[80.5803725,21.9011335],[80.5788608,21.9016962],[80.5741481,21.91028],[80.5714751,21.910306],[80.5704128,21.9136622],[80.5686647,21.914487],[80.5669403,21.9199346],[80.5600164,21.925244],[80.5508958,21.9221985],[80.5470469,21.9252971],[80.5454917,21.928593],[80.5438149,21.9289746],[80.5382179,21.9255477],[80.5362127,21.9328004],[80.5362949,21.9348793],[80.5314121,21.9419758],[80.5296103,21.9570311],[80.5251803,21.9572106],[80.5236785,21.9586021],[80.5237469,21.9603283],[80.5220461,21.9611311],[80.5220037,21.9647237],[80.5270469,21.9709786],[80.5241607,21.9793606],[80.5282098,21.986563],[80.5262135,21.9894638],[80.5254038,22.0021257],[80.5220794,22.0061622],[80.5198146,22.0072309],[80.5183441,22.0103473],[80.5112745,22.0100999],[80.5072308,22.0144638],[80.5013092,22.0144816],[80.4987746,22.007422],[80.4937423,22.0097971],[80.4903802,22.0136305],[80.4878802,22.0186305],[80.4865708,22.0241287],[80.4740317,22.0296137],[80.4628623,22.0448676],[80.4623989,22.0485504],[80.457964,22.0516149],[80.4570794,22.0553289],[80.4545469,22.0586305],[80.4536362,22.0615087],[80.4479201,22.0668049],[80.4487542,22.0694797],[80.4464048,22.0788617],[80.4454128,22.0819956],[80.441526,22.084846],[80.4439284,22.0870715],[80.4395143,22.0911611],[80.4397227,22.0964299],[80.4370416,22.0981213],[80.4338143,22.095867],[80.4251854,22.0971254],[80.4226641,22.0957557],[80.4180231,22.0980444],[80.4128147,22.0961756],[80.4104128,22.0978289],[80.4021924,22.0993907],[80.4009067,22.1005818],[80.4026825,22.1039368],[80.4003989,22.1060519],[80.399306,22.1106434],[80.3958449,22.1140948],[80.3827015,22.1197704],[80.3795794,22.1244956],[80.3761305,22.1278742],[80.3738096,22.1327934],[80.3694953,22.1328245],[80.3664797,22.1344203],[80.3572344,22.1362333],[80.3536053,22.1378484],[80.3505641,22.1411305],[80.3480062,22.139064],[80.3437347,22.142003],[80.3379132,22.1400787],[80.3336558,22.1437591],[80.3279108,22.1436654],[80.3255714,22.1484247],[80.320377,22.1535726],[80.319929,22.1563751],[80.3177931,22.1587909],[80.3128973,22.1586123],[80.3112213,22.160063],[80.3092064,22.1578074],[80.3058258,22.1570208],[80.3031989,22.1551856],[80.295748,22.1577971],[80.2932363,22.1578074],[80.2917064,22.1544741],[80.2898957,22.153643],[80.2854122,22.1536653],[80.2854705,22.1584392],[80.283771,22.1625899],[80.2753802,22.1644638],[80.2745794,22.1661622],[80.272772,22.1670151],[80.2700579,22.1699445],[80.2606124,22.1686011],[80.2595794,22.1761622],[80.2585312,22.1771328],[80.2599375,22.1824971],[80.2544549,22.189672],[80.2514683,22.1926549],[80.2437152,22.1927299],[80.2371877,22.1994443],[80.2347113,22.2006131],[80.2322084,22.2077809],[80.2328802,22.2128289],[80.2351898,22.2149687],[80.2370469,22.2184786],[80.2341172,22.2226535],[80.2312461,22.2240088],[80.2330015,22.2287248],[80.2455833,22.2280094],[80.2474098,22.2310979],[80.2537461,22.2319638],[80.2560565,22.2344581],[80.2602338,22.2356618],[80.2612101,22.2398952],[80.2610583,22.2438975],[80.2566187,22.248011],[80.2566698,22.2488677],[80.2582236,22.2507433],[80.2636663,22.2524664],[80.2641592,22.2555737],[80.2620794,22.2601453],[80.2661395,22.2636481],[80.2715732,22.2646855],[80.2770794,22.2694638],[80.2812135,22.2786622],[80.2845412,22.2802324],[80.2895469,22.2878289],[80.2957131,22.2904238],[80.2987135,22.2936622],[80.3019989,22.2957837],[80.3024925,22.3002317],[80.295495,22.3013777],[80.2914414,22.3110099],[80.2897614,22.3123051],[80.2845402,22.3119939],[80.2836159,22.3158726],[80.2773991,22.3179497],[80.2787135,22.3211622],[80.2803802,22.3227065],[80.27896439761365,22.32565779699839],[80.28502655029303,22.329080581664982],[80.29548645019548,22.338911056518555],[80.29971313476568,22.341720581054744],[80.30690765380876,22.344970703125057],[80.31234741210943,22.346250534057674],[80.31871795654291,22.345859527588004],[80.32469177246094,22.343151092529354],[80.32750701904314,22.340578079223633],[80.33190155029314,22.333360671997298],[80.33801269531267,22.329599380493278],[80.33685302734392,22.322490692138672],[80.32929992675787,22.3064994812014],[80.32935333251982,22.3030300140382],[80.33470153808622,22.299570083618164],[80.36067199707026,22.302381515502987],[80.36457824707037,22.303617477416935],[80.36904144287138,22.306829452514762],[80.37609863281278,22.308740615844954],[80.38049316406261,22.3087100982666],[80.39041900634777,22.306480407715128],[80.3951263427735,22.301269531250227],[80.39904785156267,22.294071197509766],[80.4124603271485,22.2814998626709],[80.41327667236357,22.277111053466797],[80.4129867553711,22.269218444824446],[80.40960693359398,22.256219863891545],[80.40899658203125,22.25095939636242],[80.41145324707048,22.24648094177269],[80.42417144775402,22.24665069580078],[80.42896270751947,22.245981216430664],[80.43157958984403,22.247289657592887],[80.4404373168947,22.248430252075366],[80.44184875488304,22.250101089477653],[80.4448318481447,22.264430999756144],[80.45607757568376,22.264909744262752],[80.4570388793947,22.268329620361328],[80.45799255371111,22.28006935119629],[80.47157287597662,22.279199600219954],[80.47767639160162,22.277700424194506],[80.47905731201178,22.274211883544922],[80.48425292968761,22.27213287353527],[80.49099731445312,22.272769927978572],[80.49996185302734,22.275592803955078],[80.50395965576189,22.272529602051065],[80.50551605224615,22.26898956298828],[80.50903320312528,22.265541076660327],[80.51357269287115,22.264099121093807],[80.51973724365246,22.26358032226574],[80.52043151855491,22.248929977416992],[80.52200317382841,22.245491027831974],[80.52500915527366,22.243150711059798],[80.52912139892595,22.24143981933622],[80.54415130615246,22.237358093261946],[80.57633972167997,22.231309890747298],[80.58618927001953,22.232669830322266],[80.59082031250006,22.234359741210994],[80.5949478149414,22.232809066772745],[80.59733581542997,22.230079650878906],[80.60323333740263,22.228378295898438],[80.62200164794939,22.22693061828636],[80.63986968994169,22.227260589599723],[80.64734649658197,22.22336959838873],[80.6516723632813,22.222219467163086],[80.6556930541995,22.222471237182674],[80.66116333007818,22.220790863037053],[80.66644287109392,22.216449737548828],[80.67056274414091,22.21450042724615],[80.67751312255876,22.213029861450252],[80.68258666992216,22.213319778442383],[80.69274902343744,22.205410003662337],[80.69921875000011,22.204530715942326],[80.7042465209961,22.206092834472884],[80.71627807617193,22.216672897339038],[80.72104644775396,22.218009948730582],[80.72175598144548,22.221530914306754],[80.71750640869169,22.233848571777287],[80.71198272705107,22.2359428405764],[80.70968627929716,22.23763084411621],[80.69742584228538,22.251260757446232],[80.69625854492193,22.257310867309684],[80.69712829589838,22.26979064941429],[80.69876098632835,22.273250579833984],[80.70340728759777,22.27359962463396],[80.70715332031273,22.27252006530756],[80.71241760253923,22.274202346801758],[80.71958923339872,22.280780792236385],[80.73507690429699,22.283939361572266],[80.73850250244152,22.291948318481445],[80.74720764160179,22.303329467773438],[80.75319671630871,22.30830001831083],[80.76651000976591,22.315370559692553],[80.77057647705095,22.315490722656193],[80.78050231933611,22.31345939636236],[80.78616333007841,22.326890945434627],[80.78483581542997,22.346939086914176],[80.78586578369158,22.3519611358642],[80.79186248779303,22.3629608154298],[80.79209899902355,22.366729736328182],[80.78790283203136,22.372341156005916],[80.78650665283226,22.3760604858399],[80.7905883789062,22.380420684814567],[80.79178619384766,22.384170532226562],[80.78864288330107,22.394109725952376],[80.78952026367193,22.39648246765148],[80.79219055175787,22.397661209106502],[80.80445098876959,22.398609161376953],[80.80531311035173,22.393381118774585],[80.80689239501959,22.390420913696346],[80.81429290771484,22.389102935791243],[80.82068634033232,22.385429382324332],[80.83685302734398,22.381969451904297],[80.83809661865251,22.38310050964367],[80.83773040771501,22.388280868530387],[80.84117126464861,22.387470245361442],[80.84626770019543,22.384340286254996],[80.85182952880876,22.37928009033226],[80.854736328125,22.379190444946403],[80.85707855224632,22.377878189087028],[80.85874938964844,22.364931106567326],[80.86048889160162,22.361440658569506],[80.86638641357428,22.358699798583984],[80.87181854248075,22.35803985595703],[80.88379669189459,22.3516902923584],[80.88552856445341,22.349821090698242],[80.8753509521485,22.34630012512207],[80.87383270263678,22.343019485473633],[80.87281799316423,22.336481094360636],[80.87523651123075,22.33327293396019],[80.8863830566408,22.333940505981673],[80.8895111083985,22.335750579834098],[80.89443206787115,22.340669631958292],[80.89704895019548,22.341859817504826],[80.89982604980497,22.34200096130371],[80.90734863281267,22.34012031555187],[80.91596221923828,22.336050033569336],[80.92201995849626,22.3311004638673],[80.92479705810553,22.32740020751976],[80.92170715332037,22.325920104980582],[80.91371154785162,22.328510284424112],[80.90907287597673,22.32867050170904],[80.90708160400419,22.32325172424339],[80.9025192260745,22.317739486694336],[80.90242767333984,22.314910888671818],[80.90402984619169,22.310501098632926],[80.90289306640653,22.307050704955998],[80.89800262451189,22.302871704101676],[80.89700317382824,22.295249938964957],[80.89850616455107,22.29183006286621],[80.90487670898455,22.288600921630916],[80.90722656250006,22.28153991699213],[80.90909576416016,22.278760910034293],[80.91934204101557,22.277439117431584],[80.92614746093778,22.2780895233156],[80.92906188964838,22.279592514038086],[80.93245697021513,22.286020278930664],[80.94158172607428,22.28353118896507],[80.94787597656256,22.279499053955362],[80.9557418823245,22.282270431518555],[80.963920593262,22.28046035766613],[80.9708404541015,22.281230926513786],[80.98072052001982,22.289230346679688],[80.98406219482422,22.29059982299799],[80.99286651611334,22.288669586181754],[81.00377655029325,22.28220939636259],[81.02033233642584,22.270612716674748],[81.0236892700197,22.263011932373274],[81.02655029296892,22.259130477905558],[81.03160858154303,22.25695037841797],[81.0349426269533,22.2545108795166],[81.04043579101574,22.240570068359375],[81.03631591796875,22.237718582153263],[81.01944732666044,22.229190826416016],[81.01570892333984,22.220211029052678],[81.01579284667997,22.21410942077648],[81.01922607421903,22.207790374755973],[81.02349090576189,22.202829360961914],[81.02575683593761,22.197690963745174],[81.02477264404325,22.19313049316429],[81.0251159667971,22.188821792602596],[81.02150726318365,22.18703079223627],[81.0155105590822,22.18840980529808],[81.01169586181658,22.184009552002124],[81.01328277587913,22.177490234375227],[81.01715087890653,22.171039581299],[81.01905059814482,22.165260314941634],[81.01761627197266,22.15384864807129],[81.01740264892595,22.140279769897518],[81.01579284667997,22.132709503173828],[81.00517272949213,22.132722854614315],[80.9867019653322,22.130870819091854],[80.97342681884788,22.12368965148943],[80.9717559814456,22.12148094177246],[80.97081756591808,22.114650726318416],[80.97226715087896,22.111890792846964],[80.97432708740234,22.111360549926815],[80.97666931152366,22.11280822753929],[80.98020935058611,22.11280822753929],[80.98725128173845,22.110651016235636],[80.99027252197277,22.10907936096197],[80.9928207397461,22.105190277099723],[81.00006866455078,22.100830078125057],[81.00369262695312,22.096889495849837],[81.00395202636724,22.094451904297046],[80.99991607666021,22.089651107788086],[80.99742889404303,22.080869674682788],[81.0042724609375,22.07002067565918],[80.99916076660162,22.061500549316634],[80.9928207397461,22.057661056518782],[80.9911727905274,22.058080673217887],[80.98972320556635,22.056497573852653],[80.98808288574224,22.052209854126204],[80.98776245117216,22.04847908020031],[80.98259735107428,22.04895973205589],[80.97885131835932,22.04831123352045],[80.97364044189482,22.051771163940487],[80.97181701660173,22.054290771484432],[80.96341705322283,22.058361053467024],[80.96208953857439,22.061929702759016],[80.96573638916016,22.079170227050724],[80.96553802490251,22.08197975158714],[80.9575271606447,22.09715080261236],[80.9505233764649,22.113010406494254],[80.94552612304688,22.11748123168968],[80.93891906738287,22.119010925293082],[80.91715240478538,22.120889663696516],[80.91084289550787,22.1191596984865],[80.90608978271507,22.114440917968864],[80.89817047119135,22.10132980346691],[80.89475250244158,22.076509475708292],[80.89122772216803,22.065959930419922],[80.888442993164,22.06241035461437],[80.88498687744152,22.060710906982536],[80.87895965576172,22.060600280761776],[80.87663269042986,22.05678939819353],[80.87735748291027,22.050712585449503],[80.87011718750011,22.038589477539062],[80.868949890137,22.03359031677246],[80.86950683593778,22.016500473022575],[80.86859893798822,22.011209487915266],[80.8593368530274,22.000129699707088],[80.85929870605486,21.997760772705192],[80.85312652587919,21.983480453491268],[80.85169219970703,21.97512054443382],[80.84851074218756,21.970010757446516],[80.84577178955078,21.960899353027457],[80.84336090087896,21.958410263061694],[80.83938598632841,21.957740783691634],[80.83178710937494,21.957941055298022],[80.824516296387,21.956840515136776],[80.82168579101557,21.958198547363565],[80.82022094726562,21.958131790161303],[80.81844329833979,21.95679092407238],[80.8222198486331,21.948350906372184],[80.82338714599621,21.94732093811058],[80.83184814453125,21.947441101074446],[80.83338928222662,21.946640014648608],[80.83561706542986,21.937030792236328],[80.8365631103515,21.93565940856945],[80.83589935302757,21.92793083190918],[80.8245315551759,21.908430099487305],[80.82544708251982,21.903881072998274],[80.82380676269548,21.897880554199276],[80.82456207275408,21.89470863342291],[80.8240585327149,21.889360427856502],[80.82543945312528,21.886650085449276],[80.83406066894543,21.882499694824332],[80.83959197998058,21.87540054321306],[80.83967590332031,21.87158012390148],[80.8366622924807,21.867019653320426],[80.8370208740235,21.862480163574332],[80.84117126464861,21.85645294189453],[80.84041595459001,21.85276031494135],[80.8343276977539,21.850698471069563],[80.83168029785162,21.84618949890165],[80.8336868286134,21.834791183471623],[80.8358764648438,21.83214950561546],[80.83709716796903,21.831760406494368],[80.83767700195341,21.829851150512752],[80.83380126953148,21.820209503174112],[80.83183288574236,21.810571670532283],[80.83170318603538,21.804809570312557],[80.82797241210932,21.796821594238395],[80.8255004882812,21.794500350952433],[80.8211059570312,21.78697967529297],[80.81918334960949,21.77815818786621],[80.8144607543947,21.768320083618107],[80.81156158447277,21.763990402221964],[80.81063079834001,21.761030197143555],[80.81033325195318,21.755380630493335],[80.81166839599615,21.750829696655558],[80.81120300292986,21.747491836548136],[80.8029206019276,21.74595147746996],[80.8028631,21.7473963]]]}},{"type":"Feature","properties":{"state":"Madhya Pradesh","state_slug":"madhya_pradesh","district":"Barwani","district_slug":"barwani","district_as_supplied":"Barwani","renamed_from_source":false,"layers":{"climate":true,"ndvi":true,"soil_moisture":true,"crop_des":true,"groundwater":true,"advisory":true},"climate_kind":"gee"},"geometry":{"type":"MultiPolygon","coordinates":[[[[75.5829328,21.4761971],[75.5769141,21.4759586],[75.5715401,21.4795414],[75.5633006,21.479516],[75.56337135816736,21.48129971667914],[75.5709533691408,21.48064041137718],[75.58415222167969,21.477359771728516],[75.58591767768378,21.476078851646466],[75.5829328,21.4761971]]],[[[75.4641901,21.5253959],[75.4633653,21.5236482],[75.4616669,21.5228467],[75.4608258,21.5203055],[75.4569104,21.5193727],[75.4525604,21.5195453],[75.4505148,21.5184627],[75.4330251,21.5183705],[75.4212661,21.5239089],[75.4191964,21.5228137],[75.4060118,21.5226225],[75.405032,21.52368],[75.3991669,21.5244816],[75.3972499,21.5261563],[75.4042643,21.5336478],[75.4016986,21.53868],[75.4000309,21.5403479],[75.3888505,21.5407238],[75.3855998,21.5457578],[75.3839539,21.5469816],[75.3783828,21.5450289],[75.369985,21.5405853],[75.3666986,21.5428467],[75.3628144,21.5440765],[75.3607756,21.5462768],[75.3350179,21.5470141],[75.3241679,21.5470807],[75.3208653,21.5436482],[75.3172176,21.5419266],[75.3144747,21.5420355],[75.3132495,21.5484527],[75.3057365,21.5512329],[75.3059809,21.5573989],[75.3030131,21.5587994],[75.2934798,21.5584216],[75.2916563,21.5612457],[75.2858472,21.562018],[75.2765108,21.5595156],[75.2725161,21.5616294],[75.270023,21.5603102],[75.2657276,21.5612089],[75.2615623,21.5610437],[75.2617888,21.5667562],[75.2607662,21.5696736],[75.2554621,21.5685638],[75.244619,21.5689937],[75.2433653,21.5703467],[75.2381321,21.5715932],[75.2253534,21.5702616],[75.2241986,21.5678149],[75.2204008,21.5650293],[75.2129328,21.5632475],[75.2090843,21.5666859],[75.2102659,21.5690572],[75.2099795,21.5738627],[75.2041205,21.5726111],[75.1991431,21.5729077],[75.188197,21.570569],[75.1825395,21.5745208],[75.1791594,21.5753074],[75.1730178,21.5811407],[75.1683374,21.5794612],[75.164845,21.5820418],[75.1649811,21.5871692],[75.1616661,21.5869716],[75.1583307,21.5878047],[75.1560161,21.5890625],[75.1533283,21.5920707],[75.1504712,21.5919004],[75.1462661,21.5896152],[75.1429564,21.591414],[75.1368193,21.5910482],[75.1333439,21.5886206],[75.1320994,21.5900134],[75.1300761,21.587749],[75.1271428,21.5897979],[75.1209404,21.5894283],[75.1150395,21.5869741],[75.1099927,21.5861875],[75.1089714,21.5850445],[75.1025043,21.5861938],[75.095826,21.5845208],[75.0925395,21.5819741],[75.0870431,21.5794513],[75.0765288,21.5778542],[75.0736737,21.5803074],[75.0635936,21.5781537],[75.0611727,21.5757527],[75.0593567,21.5777852],[75.0558728,21.5795208],[75.0454332,21.5812815],[75.0433728,21.5845208],[75.040826,21.5853074],[75.0400395,21.5895208],[75.0362655,21.5922597],[75.0325826,21.5902584],[75.024727,21.5947394],[75.0175395,21.5919741],[75.0123621,21.5911875],[75.0095071,21.5943827],[75.0064464,21.5957875],[75.0031716,21.5935001],[75.0017062,21.5903074],[74.99928358221442,21.589025488274576],[74.98353576660156,21.59517288208002],[74.95252990722685,21.602350234985465],[74.92595672607428,21.610652923584155],[74.91680145263678,21.61437988281267],[74.9117505096384,21.617473593547803],[74.9147256,21.6209879],[74.9099927,21.6228074],[74.9094223,21.6236873],[74.9124132,21.6256186],[74.9141594,21.631407],[74.9116594,21.6336407],[74.9107434,21.6356362],[74.910965,21.6393516],[74.9099927,21.6411407],[74.9092062,21.6470208],[74.9048521,21.6505641],[74.9017904,21.6582664],[74.8976394,21.6601715],[74.8932475,21.6585958],[74.8891616,21.6586381],[74.8858728,21.6620208],[74.877712,21.6628937],[74.8760625,21.666676],[74.8795747,21.6683335],[74.8831521,21.6769348],[74.8742217,21.6827788],[74.8758148,21.6871614],[74.8697208,21.692147],[74.870965,21.6946433],[74.8708177,21.6971146],[74.866437,21.6991251],[74.8667568,21.7044899],[74.8733926,21.7057568],[74.8762837,21.708877],[74.8798206,21.7097195],[74.8776259,21.716924],[74.8822456,21.7214498],[74.8867601,21.7214271],[74.8856977,21.7256647],[74.8881812,21.7282918],[74.8848393,21.7312778],[74.8800373,21.7309916],[74.8778992,21.7333844],[74.8712997,21.7247772],[74.8686186,21.7269741],[74.8649048,21.7243799],[74.8622583,21.7245377],[74.855826,21.7311407],[74.8536634,21.734541],[74.8505917,21.7343579],[74.8492062,21.7328074],[74.8457493,21.7320031],[74.8442062,21.7286407],[74.8416594,21.7278542],[74.8408728,21.7261407],[74.8380178,21.7236875],[74.8344202,21.7277142],[74.8199927,21.7303074],[74.8179202,21.7315887],[74.8227562,21.7347116],[74.8241594,21.740553],[74.8181385,21.7404179],[74.815826,21.7428074],[74.8139718,21.7473191],[74.8122349,21.7488708],[74.8067835,21.7485459],[74.805706,21.7566009],[74.8091075,21.7648871],[74.805826,21.7669741],[74.8029641,21.7718898],[74.7999927,21.7728074],[74.7958684,21.7792924],[74.7950135,21.7829663],[74.7925305,21.7851847],[74.7907752,21.7895674],[74.7855738,21.7895388],[74.7770191,21.793858],[74.7653573,21.7940659],[74.7642062,21.7953542],[74.7549927,21.7969741],[74.7511699,21.7996443],[74.747981,21.7985001],[74.7454796,21.7957007],[74.7397054,21.793459],[74.7256802,21.7927903],[74.7199302,21.786355],[74.7198558,21.7826547],[74.7164732,21.7811021],[74.6932737,21.7818687],[74.6865408,21.7759963],[74.6827053,21.774236],[74.6817062,21.7753542],[74.6708494,21.7770259],[74.6611507,21.7751886],[74.6577303,21.7753924],[74.6533163,21.7784759],[74.6546149,21.7810593],[74.6519027,21.7886183],[74.6437529,21.7868772],[74.6418028,21.7911261],[74.6387844,21.7930458],[74.6341594,21.7944741],[74.6333728,21.7986875],[74.6268394,21.799907],[74.6233856,21.8037726],[74.617981,21.8018335],[74.6158728,21.7994741],[74.6123344,21.7986875],[74.6087352,21.8060878],[74.5982034,21.8095119],[74.5967062,21.8111875],[74.5896253,21.8129653],[74.5866683,21.8213102],[74.5842283,21.8234902],[74.5833728,21.8253542],[74.5778404,21.8286407],[74.5713611,21.8251198],[74.5696578,21.8232135],[74.5665755,21.8280599],[74.5643659,21.8300339],[74.5620958,21.8386407],[74.5558415,21.8369655],[74.5526549,21.8386973],[74.5487018,21.8388169],[74.5458681,21.8403568],[74.5427444,21.8401705],[74.5405823,21.8413454],[74.5362425,21.8401831],[74.5332766,21.8403599],[74.5334984,21.8440808],[74.530826,21.8453074],[74.5300395,21.8495208],[74.5249844,21.8577138],[74.525094,21.8595538],[74.5232491,21.862949],[74.520118,21.8627624],[74.5171857040589,21.86366930590181],[74.51843261718778,21.89011001586914],[74.52146911621122,21.895509719848746],[74.52746582031267,21.903450012207145],[74.52749633789062,21.908781051635856],[74.52398681640636,21.913061141968],[74.51735687255876,21.91755104064964],[74.51464080810558,21.92246818542492],[74.51560974121088,21.927871704101847],[74.5155563354495,21.933919906616325],[74.49678039550781,21.946411132812443],[74.49233245849604,21.945461273193587],[74.48985290527338,21.9471492767334],[74.4934005737307,21.954490661621094],[74.48928833007807,21.956760406494254],[74.48568725585955,21.957532882690487],[74.48449707031261,21.96075057983404],[74.48293304443388,21.9624404907226],[74.47785949707048,21.961549758911133],[74.47512054443388,21.962709426880053],[74.47218322753906,21.965520858764876],[74.46732330322294,21.964799880981616],[74.46415710449219,21.963211059570312],[74.45996856689453,21.962831497192667],[74.45170593261713,21.967500686645508],[74.44863891601574,21.971130371093807],[74.44718170166016,21.976270675659464],[74.44303894042991,21.98306846618675],[74.44262695312506,21.993629455566463],[74.44107818603516,21.996440887451456],[74.43627929687517,21.999481201171875],[74.43621826171903,22.002229690551985],[74.44573211669928,22.006851196289176],[74.44995117187528,22.005462646484432],[74.45391845703148,22.002269744873047],[74.45381927490251,22.006170272827205],[74.44451904296875,22.015991210937784],[74.44255828857416,22.021600723266715],[74.44603729248047,22.026519775390568],[74.43945312500028,22.026519775390568],[74.435546875,22.030998229980696],[74.4498901367188,22.037330627441463],[74.47083282470703,22.04294967651373],[74.48863220214866,22.0464706420899],[74.50608062744158,22.046449661254883],[74.52115631103533,22.048011779785213],[74.53009033203136,22.05150985717796],[74.53823089599615,22.050800323486612],[74.54326629638666,22.045192718506087],[74.551811218262,22.031839370727596],[74.55724334716797,22.027620315551985],[74.56382751464872,22.024110794067383],[74.57351684570318,22.02198982238764],[74.59018707275385,22.022680282592773],[74.60957336425787,22.026170730590934],[74.64131927490251,22.03807258605957],[74.6673202514649,22.035219192504883],[74.67855834960938,22.03590965271019],[74.68630981445307,22.04151916503912],[74.69407653808622,22.048521041870174],[74.7153930664063,22.0548095703125],[74.7367172241211,22.06249809265148],[74.76542663574247,22.074380874633846],[74.78056335449236,22.079269409179744],[74.79141235351557,22.080640792846623],[74.80226898193371,22.076400756836165],[74.81543731689447,22.06933975219721],[74.83212280273443,22.062280654907227],[74.8775024414063,22.077630996704215],[74.90661621093744,22.084600448608512],[74.93144226074236,22.08531951904297],[74.9516067504884,22.084890365600586],[74.96288299560541,22.086170196533203],[74.98365783691418,22.086610794067667],[75.00141143798822,22.088270187377873],[75.01851654052763,22.08821868896507],[75.01992034912126,22.089450836181868],[75.02670288085943,22.090349197387923],[75.05031585693365,22.092372894287223],[75.0662918090822,22.096500396728743],[75.09793853759783,22.097562789917106],[75.11113739013672,22.096500396728743],[75.13539886474615,22.101989746093807],[75.14391326904314,22.104749679565657],[75.15059661865251,22.105520248413313],[75.18073272705095,22.106359481811808],[75.19058227539091,22.105680465698242],[75.19995117187511,22.10723114013689],[75.20900726318365,22.113479614257926],[75.22210693359392,22.119779586792163],[75.23207092285156,22.123191833496378],[75.2457580566408,22.126510620117188],[75.25470733642572,22.12771987915039],[75.27069091796903,22.128349304199332],[75.29281616210966,22.127010345458984],[75.30766296386724,22.1302108764649],[75.32002258300787,22.136341094970703],[75.32096862792974,22.13088035583519],[75.32338714599626,22.127969741821346],[75.32788085937506,22.126140594482706],[75.33664703369146,22.127691268920955],[75.34394073486357,22.126419067382926],[75.34703063964861,22.12392807006853],[75.34807586669945,22.121629714966048],[75.35295867919939,22.1180801391601],[75.35610961914068,22.118240356445426],[75.35919189453153,22.11362075805681],[75.35878753662138,22.11141014099121],[75.35955810546903,22.108882904052734],[75.3611831665039,22.105899810791072],[75.36235046386724,22.10522270202648],[75.37280273437517,22.104650497436637],[75.37937164306646,22.10596847534174],[75.38416290283232,22.10350990295433],[75.39189147949219,22.095489501953182],[75.3933715820312,22.09453010559082],[75.39752960205107,22.094020843506087],[75.39910125732439,22.090990066528434],[75.39900207519554,22.08907127380388],[75.39701080322283,22.08625984191906],[75.39801025390625,22.084020614624137],[75.40342712402372,22.081111907959098],[75.4033279418947,22.07884979248047],[75.3984298706057,22.076692581177042],[75.39129638671892,22.076160430908317],[75.38849639892584,22.07555007934576],[75.38704681396513,22.07440948486328],[75.39469909667963,22.072471618652457],[75.40397644042974,22.06800079345726],[75.40627288818365,22.069009780884016],[75.41819763183611,22.066730499267578],[75.4248428344726,22.06706809997587],[75.45083618164062,22.072420120239485],[75.45607757568388,22.07168960571289],[75.45820617675793,22.06796073913597],[75.45787811279314,22.065019607544002],[75.45317840576195,22.060489654541072],[75.44316101074236,22.061880111694393],[75.43048095703148,22.061782836914176],[75.42273712158197,22.061611175537337],[75.41677093505888,22.060169219970817],[75.41567993164057,22.055240631103516],[75.41661834716808,22.042190551757983],[75.41828155517584,22.036029815673828],[75.42093658447288,22.030290603637923],[75.42473602294928,22.027759552001896],[75.42785644531278,22.027919769287394],[75.43506622314459,22.030580520629826],[75.44361877441412,22.030031204223803],[75.44584655761736,22.026889801025618],[75.43678283691412,22.02032279968273],[75.42774963378906,22.0162410736084],[75.41908264160185,22.00777053833025],[75.41561889648443,22.005920410156193],[75.40718078613287,22.00560188293457],[75.407485961914,22.003900527954272],[75.40039062500028,21.992500305175838],[75.39789581298857,21.990449905395565],[75.39302062988298,21.989299774169922],[75.38770294189453,21.989589691162223],[75.38410949707037,21.990711212158317],[75.36354064941412,21.989860534668253],[75.35954284667974,21.98896026611328],[75.35646057128912,21.984609603882063],[75.35463714599621,21.983261108398608],[75.35632324218778,21.97779083251976],[75.3550796508789,21.97517967224121],[75.35563659667986,21.972610473632812],[75.35526275634783,21.961000442504883],[75.3517608642581,21.956760406494254],[75.34337615966808,21.951860427856445],[75.33978271484392,21.950731277466048],[75.34011077880888,21.938848495483455],[75.34166717529308,21.930711746216048],[75.337387084961,21.923530578613224],[75.33692932128923,21.915210723877067],[75.33796691894554,21.914119720459155],[75.3343429565432,21.912071228027457],[75.32089233398432,21.909521102905558],[75.31696319580084,21.909290313720817],[75.30871582031267,21.91110992431652],[75.30648803710943,21.912750244140852],[75.3029327392581,21.922870635986328],[75.30137634277372,21.925331115722884],[75.29677581787132,21.927120208740234],[75.29283905029308,21.92541122436546],[75.2868270874024,21.917530059814453],[75.28598785400385,21.911430358886776],[75.28732299804682,21.90577125549322],[75.29091644287138,21.898969650268782],[75.29051208496122,21.896669387817496],[75.28219604492205,21.891691207885742],[75.2806701660158,21.889490127563477],[75.28089904785156,21.877780914306697],[75.28190612792974,21.8739395141601],[75.28524780273455,21.870990753173828],[75.29527282714872,21.868812561035327],[75.30069732666033,21.865770339965934],[75.30352020263683,21.86005020141613],[75.30348205566435,21.856370925903377],[75.3099288940432,21.846731185913143],[75.31101989746094,21.84146118164074],[75.30967712402361,21.837480545044002],[75.30634307861357,21.837039947509766],[75.29792022705101,21.830690383911076],[75.29576873779297,21.82646942138689],[75.29573059082048,21.82336997985857],[75.29695892334007,21.820802688598803],[75.29675292968756,21.816539764404354],[75.29236602783209,21.81454086303711],[75.29126739501982,21.810110092163143],[75.28868103027361,21.809280395507756],[75.28096771240263,21.80898284912132],[75.27870941162138,21.806310653686637],[75.27736663818388,21.801519393920955],[75.27813720703153,21.798538208007926],[75.28359985351568,21.789688110351562],[75.28629302978521,21.782312393188704],[75.28469848632812,21.778041839599723],[75.27700805664074,21.771240234375057],[75.277153015137,21.769399642944506],[75.27452087402355,21.765228271484375],[75.27448272705107,21.759950637817553],[75.27710723876959,21.75245857238781],[75.28286743164068,21.744140625000227],[75.28037261962913,21.742269515991325],[75.27041625976568,21.744848251343],[75.26552581787138,21.747730255127237],[75.25399017333984,21.74308013916027],[75.24791717529303,21.746561050415153],[75.23964691162126,21.74616050720215],[75.23356628417986,21.74454116821289],[75.21929168701172,21.738250732421932],[75.21061706542997,21.731760025024414],[75.21029663085955,21.725891113281534],[75.21219635009783,21.711521148681584],[75.2151489257813,21.70615959167486],[75.21926116943376,21.70388031005882],[75.22213745117188,21.697429656982422],[75.24915313720714,21.69094085693365],[75.26616668701189,21.685880661010742],[75.26957702636713,21.682979583740234],[75.26670074462902,21.676282882690373],[75.2743377685548,21.67484092712425],[75.27668762207031,21.670860290527344],[75.27455139160173,21.66455078125],[75.27599334716803,21.661159515380973],[75.28241729736328,21.657480239868278],[75.28723907470726,21.65343093872093],[75.29110717773466,21.648071289062784],[75.29308319091814,21.637821197509822],[75.29792785644537,21.63659095764183],[75.3090133666995,21.643341064453068],[75.31758117675787,21.653049468994368],[75.32063293457037,21.658880233764762],[75.32948303222673,21.66440010070818],[75.33651733398449,21.66481018066412],[75.3413162231447,21.668859481811523],[75.37670898437506,21.677320480346907],[75.39256286621122,21.680250167846964],[75.42189025878929,21.681699752807845],[75.43508911132841,21.68102073669462],[75.44127655029314,21.678270339965934],[75.44377136230469,21.674980163574332],[75.44444274902372,21.670141220093058],[75.44222259521501,21.662460327148438],[75.44278717041033,21.659589767456282],[75.44602203369158,21.657552719116495],[75.45008850097662,21.65302085876459],[75.45298004150413,21.64829254150385],[75.45352172851568,21.642948150634993],[75.46293640136747,21.638328552246207],[75.46824645996116,21.633289337158487],[75.47191619873075,21.62757110595703],[75.4827270507813,21.623920440673942],[75.5016632080081,21.619911193847827],[75.50567626953153,21.61655044555664],[75.49944305419939,21.611480712890568],[75.49386596679699,21.60222053527849],[75.48977661132818,21.601438522338924],[75.48322296142595,21.584430694580135],[75.48432159423857,21.570222854614485],[75.47538757324213,21.56685066223156],[75.47100830078142,21.562692642212028],[75.46581268310575,21.55295944213873],[75.46315002441435,21.545450210571346],[75.4626693725586,21.53257942199707],[75.46499093344634,21.525649447054885],[75.4641901,21.5253959]]]]}},{"type":"Feature","properties":{"state":"Madhya Pradesh","state_slug":"madhya_pradesh","district":"Betul","district_slug":"betul","district_as_supplied":"Betul","renamed_from_source":false,"layers":{"climate":true,"ndvi":true,"soil_moisture":true,"crop_des":true,"groundwater":true,"advisory":true},"climate_kind":"gee"},"geometry":{"type":"Polygon","coordinates":[[[78.3404806,22.0653667],[78.3358364,22.0653479],[78.332982,22.0641754],[78.3330365,22.0617533],[78.3308329,22.0601971],[78.320182,22.0577813],[78.3188461,22.058628],[78.2858368,22.0603479],[78.2811094,22.058691],[78.2779644,22.0585663],[78.2745367,22.0611949],[78.2605479,22.0610366],[78.2567894,22.0644816],[78.2482099,22.0568137],[78.2418577,22.0542045],[78.2330764,22.0528058],[78.2241986,22.0478149],[78.2084312,22.041273],[78.2067064,22.0380135],[78.2066364,22.0362471],[78.2101068,22.0328385],[78.2075002,22.0320133],[78.1991986,22.0269816],[78.1939395,22.0243444],[78.1902375,22.0261198],[78.1741986,22.0186482],[78.1658653,22.0163253],[78.1666669,22.0136482],[78.1687942,22.0116772],[78.1667938,22.0095184],[78.1634137,22.0095444],[78.1608323,22.0061784],[78.1610281,22.001238],[78.1591339,21.9994826],[78.1592833,21.9957141],[78.1579446,21.9914858],[78.154894,21.9893868],[78.1438332,21.9892689],[78.140956,21.9919816],[78.1357729,21.9894179],[78.1325991,21.9895436],[78.1293573,21.9861875],[78.1228103,21.9853732],[78.1204701,21.9878986],[78.1152999,21.9878255],[78.1112038,21.9891455],[78.1068748,21.9844732],[78.1016669,21.98368],[78.0986688,21.9795927],[78.0946631,21.9794339],[78.0894586,21.9834653],[78.0875466,21.9794136],[78.0850023,21.9795145],[78.0791079,21.977634],[78.0792755,21.9734027],[78.0758336,21.97118],[78.074138,21.9622996],[78.068369,21.9595768],[78.0682998,21.9578308],[78.070032,21.9570133],[78.0758686,21.9502673],[78.0833913,21.9484753],[78.083301,21.9461954],[78.0850645,21.9436328],[78.0849392,21.9404732],[78.0880443,21.9362398],[78.0958653,21.93368],[78.0966669,21.9269816],[78.0992324,21.9261692],[78.1004303,21.9208768],[78.0925576,21.9132672],[78.0921049,21.9099545],[78.0885134,21.9104704],[78.0861594,21.9091571],[78.081699,21.9106732],[78.0805679,21.9032493],[78.0709023,21.9008355],[78.0674852,21.898695],[78.0665935,21.8966968],[78.0645819,21.901205],[78.0560484,21.8988234],[78.0519467,21.896535],[78.0493866,21.8987409],[78.0472182,21.9036004],[78.0366211,21.9017131],[78.032831,21.9036332],[78.0339582,21.8978513],[78.0358804,21.896195],[78.0373611,21.8928768],[78.0412653,21.8929163],[78.0445783,21.8919187],[78.0461025,21.8868556],[78.0522835,21.8878896],[78.055543,21.8854858],[78.0619818,21.8836342],[78.0615957,21.8729986],[78.0659438,21.8693209],[78.0698696,21.8675691],[78.0700495,21.8653308],[78.0701154,21.8628428],[78.0674852,21.861195],[78.0650519,21.8528037],[78.0640762,21.8519631],[78.0614447,21.8447982],[78.0632119,21.8419712],[78.0597663,21.8405886],[78.0574372,21.8379819],[78.0531009,21.8382404],[78.0505008,21.8329064],[78.0472663,21.831422],[78.0466085,21.8285939],[78.0423676,21.8288468],[78.040873,21.8336875],[78.0391836,21.8351969],[78.0330858,21.8335638],[78.0307001,21.8273582],[78.0286868,21.8261875],[78.0271438,21.8295497],[78.0243288,21.8293819],[78.0178416,21.8325103],[78.0165265,21.8367696],[78.0096564,21.8394106],[78.0049925,21.8370208],[78.0034735,21.8353208],[77.9971149,21.8344704],[77.993345,21.8279948],[77.9867064,21.8261407],[77.9792625,21.825145],[77.9769664,21.8287555],[77.9706854,21.8286295],[77.9692064,21.8269741],[77.9622732,21.8236875],[77.9581012,21.8259548],[77.9550397,21.8211407],[77.9508258,21.8186875],[77.9497281,21.816189],[77.9496414,21.8118235],[77.9433258,21.8103542],[77.9374722,21.8073179],[77.937108,21.7979314],[77.9314899,21.7961967],[77.9291999,21.7936334],[77.9240574,21.7945473],[77.9225397,21.7978542],[77.9190367,21.799613],[77.9156387,21.7994104],[77.912709,21.7964697],[77.9075312,21.7978564],[77.901039,21.7974697],[77.8992064,21.7995208],[77.8941124,21.8010937],[77.8858706,21.8087896],[77.8793288,21.8085486],[77.8775348,21.8095235],[77.8717458,21.809377],[77.8708576,21.8103713],[77.8689577,21.809339],[77.8631053,21.8105894],[77.8567218,21.8102089],[77.8546344,21.813491],[77.8524925,21.8144741],[77.8516685,21.8171435],[77.8470071,21.8218827],[77.8434772,21.8235028],[77.8425397,21.8295208],[77.8408258,21.8319741],[77.8400421,21.8361839],[77.8383258,21.8386407],[77.8363043,21.8459804],[77.8312567,21.8524937],[77.8179511,21.8517006],[77.8132359,21.8478542],[77.8116665,21.8512742],[77.8067629,21.8535248],[77.8042039,21.8563889],[77.7991913,21.8560901],[77.7964252,21.8604396],[77.7932929,21.8602529],[77.7883258,21.8628074],[77.7875397,21.8645208],[77.7790367,21.8687797],[77.7742039,21.8685909],[77.7733616,21.8695337],[77.7708661,21.8686383],[77.7631883,21.8690958],[77.760786,21.8704016],[77.7591616,21.8703047],[77.7571287,21.8725797],[77.7522732,21.8736407],[77.7475515,21.8710748],[77.7441046,21.8744342],[77.7441854,21.8765377],[77.7459239,21.8778308],[77.7455106,21.8847644],[77.748522,21.8878519],[77.7484699,21.8977675],[77.745641,21.9023143],[77.7482778,21.9063643],[77.7494725,21.9140307],[77.748227,21.9163228],[77.742792,21.9190031],[77.740873,21.9220208],[77.7300153,21.9237127],[77.7289903,21.9225659],[77.7235688,21.9203542],[77.7219969,21.9254447],[77.7170502,21.9241196],[77.7156256,21.9196404],[77.7057363,21.9184818],[77.6987344,21.9199778],[77.6968288,21.9178452],[77.6941592,21.9170208],[77.6911725,21.9132527],[77.6892039,21.9154563],[77.6827057,21.9150689],[77.6817064,21.9161875],[77.6741592,21.9169741],[77.6699925,21.9186407],[77.6693606,21.9201037],[77.6766784,21.924758],[77.676698,21.9301694],[77.6846987,21.9382475],[77.6817089,21.9419296],[77.6831146,21.9446987],[77.6781952,21.9503074],[77.6766909,21.9486236],[77.6733258,21.9503074],[77.6690851,21.9566068],[77.6693235,21.9606065],[77.6708856,21.9636641],[77.6692064,21.9670208],[77.6674901,21.9678086],[77.6679425,21.9754014],[77.6641592,21.9778074],[77.6619,21.9803361],[77.6459524,21.9818327],[77.6424925,21.9836407],[77.6393964,21.9871059],[77.6328201,21.9849408],[77.6299107,21.9879984],[77.6192304,21.9877095],[77.6132127,21.9860978],[77.6028335,21.9867165],[77.5986888,21.9889689],[77.5966828,21.9912138],[77.595873,21.9903074],[77.5895579,21.988468],[77.5852688,21.9887235],[77.5831106,21.9934255],[77.5808258,21.9944741],[77.5804328,21.9982475],[77.5757465,21.9965027],[77.5662934,22.0039056],[77.560375,22.000907],[77.557451,22.002889],[77.5508083,22.0028912],[77.550884,22.0066135],[77.5441909,22.0103391],[77.5375076,22.0128731],[77.5345661,22.0128131],[77.5329246,22.0094295],[77.525766,22.0094533],[77.5229882,22.0034955],[77.5230422,21.9983052],[77.5183482,21.9995082],[77.5157115,21.9986057],[77.5133576,21.9961554],[77.5100556,21.9961395],[77.5073297,21.9970725],[77.5010285,22.0036308],[77.4975047,22.0044899],[77.4983234,22.0120225],[77.4921157,22.0137829],[77.4823411,22.011781],[77.4761261,22.00926],[77.475008,22.0069551],[77.4708901,22.0070392],[77.4670909,22.0044637],[77.4631871,22.0045432],[77.4591645,22.0066154],[77.4540932,22.0078224],[77.4504832,22.0059629],[77.4432937,22.0086712],[77.4416246,22.0104085],[77.4400242,22.0153395],[77.4367702,22.015273],[77.4311225,22.0181321],[77.4285203,22.0154236],[77.4272059,22.0090711],[77.4204767,22.0068876],[77.4158576,22.0003224],[77.3949579,21.9986544],[77.3933576,21.9969891],[77.3825039,21.9946765],[77.3815819,21.9910217],[77.36663578306292,21.991154679414844],[77.36950683593756,21.994211196899414],[77.37687683105469,21.994819641113565],[77.38256072998064,21.99821281433134],[77.39150238037104,21.999309539795206],[77.39343261718767,22.00270271301281],[77.38741302490257,22.0111923217774],[77.38610076904303,22.018592834472884],[77.38694763183611,22.022350311279354],[77.38952636718756,22.02511978149431],[77.39359283447277,22.027660369873274],[77.39820861816423,22.028930664062557],[77.40367126464872,22.027540206909237],[77.41774749755882,22.026020050048942],[77.43183135986334,22.02766990661621],[77.43901062011736,22.026689529419002],[77.45301055908209,22.02725982666027],[77.48398590087919,22.03300094604515],[77.49472045898455,22.036159515380803],[77.49569702148438,22.041019439697493],[77.49500274658209,22.04535102844261],[77.49828338623075,22.058130264282454],[77.49513244628906,22.060951232910384],[77.4940719604495,22.06419181823742],[77.4992065429688,22.07923126220703],[77.496597290039,22.08084106445341],[77.48219299316412,22.08103942871122],[77.47743225097662,22.082380294799805],[77.4714660644533,22.086139678955078],[77.46553802490251,22.087141036987305],[77.46071624755888,22.08708000183117],[77.45511627197271,22.084369659424112],[77.45314025878923,22.084659576416016],[77.45108795166021,22.08813095092796],[77.4509963989259,22.09090042114252],[77.45123291015642,22.093679428100586],[77.45381164550787,22.096511840820426],[77.45455169677757,22.099002838134993],[77.45401763916044,22.107789993286417],[77.45511627197271,22.1110782623291],[77.46286773681658,22.119421005249023],[77.46389770507835,22.12408256530773],[77.45654296874994,22.1365203857423],[77.4602279663086,22.154680252075252],[77.4635772705081,22.16405105590826],[77.46292114257818,22.169998168945312],[77.4558715820313,22.174640655517578],[77.4490509033206,22.176610946655444],[77.43686676025419,22.175769805908146],[77.434379577637,22.176639556884822],[77.41664886474638,22.17589187622076],[77.4126663208009,22.177692413330078],[77.40455627441412,22.19156837463379],[77.40096282959007,22.196670532226562],[77.3964920043947,22.199840545654467],[77.39286041259783,22.20662117004389],[77.38677978515642,22.209049224853743],[77.37690734863287,22.217849731445312],[77.37185668945307,22.22109031677246],[77.359130859375,22.221149444580192],[77.35605621337908,22.228441238403548],[77.35378265380876,22.23752021789545],[77.35292816162138,22.2520694732666],[77.36102294921892,22.252620697021598],[77.3657608032226,22.251510620117244],[77.37597656250023,22.251100540161303],[77.37912750244158,22.232599258423022],[77.38198089599626,22.229299545288313],[77.38941955566423,22.228080749511832],[77.39652252197266,22.227880477905387],[77.40260314941423,22.228651046752873],[77.4076690673831,22.228122711181868],[77.41913604736357,22.220769882202205],[77.4240417480471,22.22024154663103],[77.4397430419923,22.221841812134073],[77.4452667236331,22.22577095031761],[77.4475021362307,22.22987937927269],[77.44834136962885,22.234741210937557],[77.4471130371096,22.247049331665153],[77.45009613037126,22.25230979919428],[77.46148681640636,22.252410888671875],[77.4687805175783,22.25551986694336],[77.47592926025396,22.261650085449332],[77.47602081298845,22.267429351806697],[77.4779891967774,22.272808074951286],[77.48027801513678,22.274831771850586],[77.48416900634794,22.27552032470726],[77.48722076416044,22.27863121032709],[77.49687957763678,22.28301811218256],[77.49878692626959,22.286020278930664],[77.49456024169922,22.29059982299799],[77.4937973022461,22.292161941528548],[77.49391174316418,22.29567909240734],[77.49664306640642,22.310430526733512],[77.49964141845714,22.315580368042106],[77.50347900390642,22.316549301147745],[77.5081405639649,22.323650360107422],[77.51059722900396,22.329151153564624],[77.51355743408214,22.332901000976562],[77.51950073242205,22.33329963684099],[77.52426147460932,22.335769653320312],[77.52776336669928,22.3403911590579],[77.53351593017601,22.34537124633806],[77.54038238525413,22.357900619506893],[77.54331207275402,22.359340667724837],[77.54554748535162,22.355979919433594],[77.54473114013672,22.34534072875971],[77.54490661621094,22.342800140380973],[77.54598236083996,22.34118080139183],[77.5490264892581,22.33984184265148],[77.56070709228533,22.343631744384766],[77.57240295410162,22.343900680541992],[77.57916259765653,22.345851898193473],[77.58300018310541,22.345558166503963],[77.5854110717774,22.3431205749514],[77.5885391235351,22.335649490356673],[77.59474182128929,22.33453941345232],[77.59654235839838,22.332059860229663],[77.59922027587885,22.33118057251005],[77.61083984375011,22.334341049194336],[77.61331176757824,22.33304977416998],[77.61370086669933,22.328599929809798],[77.6163177490235,22.324649810791072],[77.6248626708985,22.32423973083513],[77.62815856933622,22.32186126709007],[77.631576538086,22.315490722656193],[77.63407135009794,22.312759399414176],[77.64366912841814,22.311000823974553],[77.64640808105474,22.309129714966048],[77.6586532592774,22.312931060791016],[77.67035675048822,22.313299179077433],[77.67269134521501,22.315210342407227],[77.67354583740263,22.320922851562727],[77.6762084960938,22.324909210205192],[77.68010711669939,22.325998306274528],[77.68723297119146,22.325799942016886],[77.70382690429693,22.323209762573356],[77.71541595459001,22.320449829101506],[77.71724700927763,22.32143974304222],[77.71626281738287,22.315429687500114],[77.71903228759783,22.315008163452262],[77.722427368164,22.315771102905387],[77.72460937500006,22.320560455322266],[77.72718048095714,22.32188987731962],[77.72965240478544,22.322290420532454],[77.73869323730469,22.32118034362793],[77.74579620361334,22.32602119445795],[77.747543334961,22.329450607300032],[77.74386596679693,22.336170196533317],[77.73719024658209,22.33876991272001],[77.73483276367182,22.341560363769645],[77.74051666259794,22.346990585327376],[77.74324035644548,22.347978591918945],[77.7470169067384,22.347330093383903],[77.75480651855497,22.343799591064567],[77.76731872558594,22.33179092407221],[77.7762527465822,22.329700469970646],[77.7811126708985,22.330030441284407],[77.79087829589872,22.33153915405279],[77.79682922363298,22.33437156677246],[77.79879760742193,22.340681076049805],[77.8145828247072,22.343990325927848],[77.81909942626982,22.346071243286133],[77.83345031738298,22.359649658203182],[77.84020996093756,22.360719680786246],[77.85253143310564,22.358640670776595],[77.85452270507835,22.35671043396019],[77.85732269287126,22.348680496216105],[77.85341644287138,22.321781158447493],[77.85428619384766,22.315280914306868],[77.85247802734403,22.30212020874046],[77.85346984863276,22.287071228027287],[77.852836608887,22.283229827881087],[77.85729980468767,22.282430648803825],[77.87135314941435,22.28259086608915],[77.87502288818354,22.2833194732666],[77.88777923583996,22.299169540405387],[77.89169311523443,22.30299758911127],[77.90148162841825,22.307939529419116],[77.91687774658209,22.322549819946573],[77.92228698730497,22.324050903320426],[77.9282531738283,22.32696914672863],[77.93165588378918,22.329771041870288],[77.93356323242199,22.335569381713924],[77.93583679199247,22.336919784545955],[77.93978118896507,22.33776283264166],[77.94178771972673,22.336549758911303],[77.94368743896479,22.334672927856445],[77.94567108154303,22.329612731933594],[77.95833587646513,22.32918930053711],[77.96331787109386,22.328239440918082],[77.96994781494169,22.323530197143782],[77.97470092773443,22.323799133300838],[77.97984313964866,22.320880889892862],[77.98381805419928,22.320150375366325],[77.99635314941423,22.332309722900504],[78.00372314453153,22.335020065307674],[78.013687133789,22.33492088317888],[78.03159332275402,22.332599639892578],[78.03868865966814,22.335250854492244],[78.04670715332048,22.33854293823265],[78.06739807128912,22.351671218872298],[78.0881958007813,22.361360549926758],[78.11398315429716,22.36927986145048],[78.1478271484375,22.38872909545921],[78.15818023681663,22.39104080200201],[78.17489624023455,22.397939682006893],[78.18672943115234,22.400491714477766],[78.19651031494163,22.40033912658697],[78.20582580566412,22.39863014221197],[78.21940612792991,22.3980007171632],[78.24104309082026,22.399192810058707],[78.24849700927751,22.3988418579101],[78.26380157470703,22.4009494781497],[78.26832580566423,22.404809951782227],[78.27046203613281,22.403671264648438],[78.27455902099638,22.39876937866228],[78.27609252929716,22.394309997558594],[78.27820587158232,22.375579833984375],[78.2782363891601,22.354959487915153],[78.27130889892607,22.351760864257983],[78.26611328125006,22.34747123718273],[78.26361846923834,22.34518051147478],[78.25966644287115,22.339389801025675],[78.24714660644526,22.329441070556697],[78.24418640136724,22.325529098510856],[78.24511718750006,22.320478439331282],[78.25498199462908,22.303792953491325],[78.25607299804716,22.2998104095459],[78.25685119628918,22.281238555908317],[78.25958251953142,22.273130416870288],[78.26174163818382,22.26950073242199],[78.27243804931646,22.266349792480696],[78.27707672119152,22.267339706421183],[78.28289031982428,22.266111373901595],[78.28758239746088,22.263200759887752],[78.29012298583984,22.255741119384766],[78.28527832031261,22.24738121032732],[78.28262329101557,22.244569778442496],[78.27581787109375,22.24067115783714],[78.27146148681646,22.236608505249137],[78.26515197753912,22.229410171509016],[78.26246643066406,22.2248592376709],[78.26423645019537,22.22360038757347],[78.26477050781256,22.220872879028434],[78.26407623291044,22.217250823974837],[78.26109313964861,22.21148109436058],[78.2614974975586,22.204469680786246],[78.25942993164068,22.19481086730957],[78.26062011718756,22.191442489624137],[78.26322937011719,22.17370033264183],[78.2632904052735,22.16395187377924],[78.26711273193388,22.156850814819393],[78.26702880859375,22.153141021728516],[78.26538085937506,22.149400711059513],[78.26548767089861,22.14476013183605],[78.27227783203153,22.133220672607536],[78.27231597900385,22.121200561523665],[78.27043151855486,22.110559463500977],[78.27307891845697,22.10202026367216],[78.27258300781256,22.09762954711914],[78.27339172363287,22.09362983703619],[78.27493286132841,22.091619491577205],[78.28098297119146,22.091791152954215],[78.29608917236334,22.09543037414545],[78.314926147461,22.10333824157709],[78.32435607910185,22.10882949829096],[78.33761596679688,22.113079071044922],[78.34018707275419,22.11258125305187],[78.33721923828125,22.10605049133312],[78.33529663085955,22.098367691040266],[78.33538055419928,22.09482955932623],[78.33761596679688,22.088520050048885],[78.34204101562523,22.080780029297102],[78.3404806,22.0653667]]]}},{"type":"Feature","properties":{"state":"Madhya Pradesh","state_slug":"madhya_pradesh","district":"Bhopal","district_slug":"bhopal","district_as_supplied":"Bhopal","renamed_from_source":false,"layers":{"climate":false,"ndvi":true,"soil_moisture":true,"crop_des":true,"groundwater":true,"advisory":true},"climate_kind":"imd_village"},"geometry":{"type":"MultiPolygon","coordinates":[[[[77.2823699,23.1235487],[77.2849209,23.1249347],[77.2899237,23.1214402],[77.2917064,23.1178542],[77.2934303,23.1106419],[77.29747766394856,23.108648794054915],[77.2941284179688,23.10614013671875],[77.29016113281256,23.10506057739275],[77.28465270996122,23.104900360107422],[77.2826232910158,23.10576820373535],[77.28209686279303,23.10768127441429],[77.28327941894554,23.112030029297046],[77.28344726562506,23.117109298706055],[77.28175307206625,23.12358543663348],[77.2823699,23.1235487]]],[[[77.307084,23.1121474],[77.310036,23.1119714],[77.3135476,23.1144245],[77.3152065,23.1125682],[77.3186888,23.1138177],[77.3247634,23.1134557],[77.32575073657759,23.111304229486873],[77.3233489990235,23.112030029297046],[77.30501928417844,23.111199792676494],[77.307084,23.1121474]]]]}},{"type":"Feature","properties":{"state":"Madhya Pradesh","state_slug":"madhya_pradesh","district":"Burhanpur","district_slug":"burhanpur","district_as_supplied":"Burhanpur","renamed_from_source":false,"layers":{"climate":true,"ndvi":true,"soil_moisture":true,"crop_des":true,"groundwater":true,"advisory":true},"climate_kind":"gee"},"geometry":{"type":"MultiPolygon","coordinates":[[[[76.6716746,21.5678391],[76.6691909,21.5661558],[76.6657135,21.565308],[76.6636021,21.5653511],[76.66295139516299,21.567356398569054],[76.67335832687652,21.56865594977566],[76.6716746,21.5678391]]],[[[76.6397527,21.5689293],[76.632508,21.5661725],[76.6300242,21.5644891],[76.6258413,21.5636725],[76.620916,21.5581881],[76.6172317,21.5600858],[76.6150857,21.5578521],[76.6034296,21.5520007],[76.5904865,21.5500757],[76.5883511,21.5511759],[76.5858568,21.550322],[76.5781745,21.5501998],[76.5766693,21.5486332],[76.5733576,21.5503391],[76.5683413,21.5511558],[76.5650242,21.5553391],[76.5633238,21.5561641],[76.5633909,21.5594417],[76.5621259,21.5618974],[76.54725,21.5575386],[76.5283901,21.5577891],[76.5258576,21.5595058],[76.519975,21.5603224],[76.5192544,21.5588372],[76.518284,21.5586767],[76.5174979,21.5519723],[76.5125722,21.5520729],[76.5116909,21.5511554],[76.5075556,21.5511395],[76.502508,21.5528224],[76.5016909,21.5553391],[76.497252,21.5617336],[76.4944468,21.5630947],[76.4926642,21.5667686],[76.4861318,21.5689605],[76.4804987,21.5675169],[76.4783254,21.5652547],[76.4732746,21.5653578],[76.4646605,21.5713242],[76.46049638510647,21.580561196020092],[76.46836853027344,21.582080841064453],[76.48369598388678,21.579561233520565],[76.50528717041021,21.565099716186523],[76.51077270507818,21.563560485839957],[76.52742004394543,21.56375122070324],[76.55121612548834,21.569250106811637],[76.56233215332043,21.5677108764649],[76.58113861083984,21.56791114807129],[76.5932006835938,21.571220397949332],[76.61586761474615,21.575929641723633],[76.62866210937506,21.569030761718807],[76.64016283606536,21.569774571820226],[76.6397527,21.5689293]]],[[[76.4559381,21.580898],[76.4482436,21.5820225],[76.4441995,21.5855417],[76.4415892,21.5853204],[76.4350441,21.5821725],[76.4236412,21.5846185],[76.42324499456873,21.586648185926123],[76.42605590820312,21.586160659789982],[76.43253326416016,21.59108161926281],[76.43421173095697,21.59700965881359],[76.43814086914068,21.59699058532715],[76.45326232910168,21.583641052246037],[76.45762919967473,21.581476837340578],[76.4559381,21.580898]]],[[[76.4199932,21.5895339],[76.4184162,21.5903684],[76.4093899,21.5885897],[76.4058633,21.5903479],[76.3875991,21.5902846],[76.3850307,21.5928479],[76.3810171,21.5944816],[76.37470015207013,21.593041944493958],[76.37523651123058,21.598350524902344],[76.40125274658203,21.598899841308537],[76.41786193847656,21.60007286071783],[76.4214155377233,21.588781217606783],[76.4199932,21.5895339]]],[[[76.3606074,21.5772808],[76.3606071,21.57728],[76.36038436915054,21.57667257268842],[76.36032826901155,21.57726972481443],[76.3606074,21.5772808]]],[[[76.346869,21.567905],[76.3447825,21.5669106],[76.3417894,21.56368],[76.3400401,21.5651469],[76.33907768814854,21.56918752266867],[76.34827199612175,21.56864740201718],[76.346869,21.567905]]],[[[76.3058653,21.5753149],[76.3025194,21.5736415],[76.2927895,21.5763818],[76.2891986,21.5744816],[76.2848896,21.5734552],[76.2816986,21.5704984],[76.2830774,21.5665312],[76.2791942,21.5629333],[76.2779128,21.5590011],[76.275644,21.5565097],[76.2756037,21.5554914],[76.2796548,21.551738],[76.2709471,21.5457153],[76.2705415,21.5405805],[76.2720502,21.5398684],[76.2700234,21.5314906],[76.262532,21.5269816],[76.2549136,21.5244189],[76.2492271,21.5244167],[76.2459231,21.5278503],[76.2434324,21.527877],[76.2398782,21.5243154],[76.228067,21.517727],[76.2260321,21.5095344],[76.2208653,21.5078985],[76.2214407,21.5038826],[76.2222563,21.5031271],[76.2202212,21.4991097],[76.2255236,21.4959923],[76.2256558,21.4926612],[76.2200877,21.488577],[76.2186721,21.4780378],[76.2163756,21.4755209],[76.2163772,21.4698133],[76.2222741,21.466994],[76.2213497,21.4595634],[76.2191669,21.4603149],[76.2161831,21.4635353],[76.2041669,21.4628467],[76.2026227,21.46118],[76.1968504,21.4636482],[76.1950002,21.4620133],[76.1940205,21.4582504],[76.1883653,21.4536482],[76.1821226,21.4516717],[76.1800307,21.4494142],[76.1725991,21.4494513],[76.1692894,21.4528149],[76.162532,21.4494816],[76.1575002,21.44868],[76.1508336,21.44618],[76.1500006,21.4444155],[76.1467141,21.4445457],[76.1441986,21.4428149],[76.1391669,21.4420133],[76.1380276,21.4395996],[76.1341669,21.43868],[76.1333051,21.43775],[76.1308352,21.4378479],[76.1225613,21.4318097],[76.1197789,21.4246653],[76.1162746,21.4235559],[76.1177243,21.4197904],[76.1133612,21.4186472],[76.1098301,21.4177441],[76.106144,21.4227695],[76.0983641,21.4227158],[76.094525,21.4268593],[76.092499,21.4278155],[76.0926207,21.430888],[76.0891669,21.4319816],[76.0883653,21.4370145],[76.0858547,21.4369151],[76.0845189,21.4411342],[76.0799286,21.4410451],[76.0800946,21.4452282],[76.078373,21.4484814],[76.0784239,21.453457],[76.077532,21.4553467],[76.0703432,21.4573506],[76.0672158,21.4635162],[76.0626076,21.4649752],[76.0614447,21.4686482],[76.052855,21.4630975],[76.0441669,21.4644816],[76.040576,21.4663818],[76.0371055,21.4651654],[76.0275604,21.465283],[76.0258441,21.4661914],[76.0240839,21.4644364],[76.0221629,21.4603664],[76.0175023,21.4603479],[76.0118358,21.4582057],[76.0097488,21.4520365],[76.00643645547555,21.45189147033255],[76.00685882568365,21.454730987548885],[76.01029968261724,21.460231781005916],[76.01242828369146,21.466510772705135],[76.01228332519543,21.469642639160156],[76.00881195068371,21.479330062866268],[76.00422668457037,21.483661651611328],[75.98979949951166,21.48764038085949],[75.98623657226562,21.48587989807129],[75.97647857666016,21.488040924072266],[75.97159576416021,21.48323059082037],[75.96219635009766,21.48258018493658],[75.95923614501964,21.485410690307617],[75.95609283447266,21.48340988159174],[75.94831848144537,21.483280181884766],[75.95186614990234,21.500999450683707],[75.95247650146484,21.511240005493164],[75.95146942138672,21.538061141967773],[75.95376586914062,21.547000885009822],[75.95781707763672,21.549100875854492],[75.96250152587902,21.550270080566406],[75.9997024536134,21.554269790649528],[76.01904296875,21.553060531616325],[76.02835845947266,21.550609588623047],[76.04138183593756,21.56191825866705],[76.05605316162115,21.568489074707088],[76.06694030761724,21.572490692138672],[76.07878875732428,21.574558258056754],[76.09127807617188,21.574859619140568],[76.12590026855474,21.588840484619254],[76.12784576416027,21.59608078002941],[76.13125610351568,21.59103012084961],[76.13890075683605,21.59073066711437],[76.15016174316418,21.579589843750114],[76.1481094360351,21.565578460693473],[76.15178680419922,21.558000564575195],[76.15479278564453,21.554630279541072],[76.15659332275396,21.551111221313477],[76.16767120361334,21.547769546508903],[76.17737579345709,21.54323005676281],[76.19597625732416,21.550479888916072],[76.19793701171875,21.561901092529354],[76.21243286132812,21.560960769653434],[76.21282958984375,21.571100234985295],[76.23367309570318,21.57697105407715],[76.24758148193365,21.583709716796932],[76.2638931274414,21.58669090270996],[76.2823104858399,21.58497810363781],[76.28655242919933,21.586679458618278],[76.28958892822277,21.596099853515625],[76.29634857177734,21.594240188598633],[76.2916030883789,21.5812606811524],[76.29387664794922,21.57806968688965],[76.3058653,21.5753149]]]]}},{"type":"Feature","properties":{"state":"Madhya Pradesh","state_slug":"madhya_pradesh","district":"Chhindwara","district_slug":"chhindwara","district_as_supplied":"Chhindwara","renamed_from_source":false,"layers":{"climate":true,"ndvi":true,"soil_moisture":true,"crop_des":true,"groundwater":true,"advisory":true},"climate_kind":"gee"},"geometry":{"type":"Polygon","coordinates":[[[79.1952781,22.4397203],[79.1900865,22.4360938],[79.1805528,22.4343143],[79.1730397,22.4278742],[79.1609969,22.4255043],[79.1572099,22.429257],[79.1571197,22.4343375],[79.1516798,22.4436286],[79.143788,22.4436707],[79.1412136,22.4426307],[79.1370152,22.4358317],[79.1334434,22.4341923],[79.131649,22.426479],[79.125045,22.4205783],[79.1239354,22.4158099],[79.1216852,22.4137996],[79.1203058,22.4078692],[79.1129279,22.4056819],[79.1093756,22.4000969],[79.0959849,22.3907151],[79.0975523,22.3878308],[79.0953538,22.3837849],[79.091699,22.3821075],[79.090873,22.3803074],[79.0875397,22.3786407],[79.0799925,22.3761875],[79.0775223,22.3744618],[79.0750161,22.3745719],[79.0727509,22.3696368],[79.0665562,22.3686714],[79.0648428,22.3667539],[79.0483934,22.3589061],[79.0476236,22.357512],[79.0464201,22.357893],[79.0437766,22.3613108],[79.0454115,22.3644847],[79.041238,22.366988],[79.032055,22.3678047],[79.0274323,22.369907],[79.0088499,22.3693035],[79.0069911,22.3712384],[78.9972015,22.3710386],[78.9938227,22.3731054],[78.9899266,22.3711453],[78.9794493,22.3701037],[78.9735419,22.3672602],[78.971688,22.3702782],[78.9641762,22.3702116],[78.9424013,22.3723864],[78.9460186,22.3758618],[78.9440382,22.3819649],[78.9404759,22.3828149],[78.9315935,22.3778119],[78.9233348,22.3779139],[78.9209438,22.3753336],[78.9175002,22.3745133],[78.9151317,22.3722987],[78.9102455,22.3771879],[78.8975826,22.3744478],[78.8937152,22.3766884],[78.8933018,22.3794463],[78.8837217,22.3803047],[78.8821987,22.3827195],[78.8784739,22.3786995],[78.8749647,22.376946],[78.8578934,22.376999],[78.8557168,22.3788405],[78.8462465,22.3785361],[78.8453871,22.38206],[78.8376943,22.3817238],[78.8288371,22.3767327],[78.82622,22.3819249],[78.8262559,22.3836724],[78.8195705,22.3836299],[78.8148093,22.3854925],[78.8129046,22.3903214],[78.8104046,22.3928214],[78.8032244,22.3955297],[78.7987978,22.3952],[78.7956202,22.3935185],[78.7930207,22.3946957],[78.7901931,22.3937048],[78.7852289,22.3938374],[78.7815188,22.3912843],[78.7767731,22.3861624],[78.7621328,22.381897],[78.7520916,22.3824065],[78.7501833,22.3848792],[78.7434621,22.3843533],[78.742532,22.3794816],[78.7413298,22.3787295],[78.7360882,22.3818205],[78.7316986,22.3803149],[78.7241669,22.3795133],[78.7181826,22.3769545],[78.7147003,22.3773904],[78.7074302,22.3761304],[78.7048306,22.3718562],[78.6999798,22.3723963],[78.6965696,22.3706389],[78.6879661,22.3694631],[78.6801325,22.3693534],[78.6719501,22.3664855],[78.6685447,22.3631649],[78.6672178,22.3506957],[78.6633336,22.3478467],[78.6624396,22.3431646],[78.6572581,22.3401263],[78.6449323,22.3406149],[78.6391669,22.33868],[78.6341649,22.3357857],[78.6267037,22.3343613],[78.6209918,22.3354946],[78.612322,22.3342017],[78.6030662,22.3309576],[78.6012653,22.3290136],[78.5920453,22.3311482],[78.5881378,22.3250914],[78.5800926,22.3254103],[78.5772366,22.3234449],[78.563701,22.3181741],[78.562477,22.3143083],[78.5583531,22.3104872],[78.5566986,22.3069816],[78.555032,22.3053149],[78.5498318,22.3045213],[78.5426858,22.3007401],[78.5415387,22.2983093],[78.526557,22.2970038],[78.5233633,22.2953137],[78.5195087,22.2954665],[78.5122924,22.2935013],[78.5109496,22.2923617],[78.5111822,22.2889395],[78.508778,22.287474],[78.5086955,22.2862115],[78.505032,22.2830686],[78.5139915,22.2792177],[78.5158336,22.2753149],[78.5183987,22.2736584],[78.5182966,22.2710829],[78.5162661,22.2690808],[78.5083629,22.2677187],[78.5058183,22.2627155],[78.4995783,22.2619306],[78.4985085,22.263085],[78.4879115,22.2626978],[78.4862457,22.2644956],[78.4787139,22.2652971],[78.4761355,22.2699727],[78.4663409,22.2704446],[78.4625299,22.268647],[78.4512154,22.2686291],[78.4464866,22.2719816],[78.4342519,22.2666611],[78.4191669,22.2653467],[78.4175299,22.2644804],[78.405131,22.2628849],[78.4013327,22.2627343],[78.3969565,22.2644638],[78.395032,22.2628149],[78.3916986,22.2617596],[78.3965249,22.255569],[78.3966083,22.2463712],[78.398063,22.2432892],[78.403314,22.2408109],[78.4034007,22.2386198],[78.4008653,22.2362707],[78.4029674,22.2337642],[78.4064923,22.2326483],[78.4076072,22.2283925],[78.4066628,22.2211495],[78.4184308,22.2153043],[78.4182733,22.2113228],[78.4234056,22.2054931],[78.4232017,22.2003532],[78.4285972,22.2001366],[78.4302194,22.2018869],[78.432532,22.20118],[78.4359528,22.196853],[78.4419647,22.1970584],[78.4441885,22.1936149],[78.4489066,22.193769],[78.4500002,22.1903149],[78.4518944,22.189421],[78.4542055,22.1828275],[78.4525397,22.1796801],[78.4525356,22.1777569],[78.4501589,22.175555],[78.4483653,22.1711482],[78.4458848,22.1699776],[78.4458323,22.1686489],[78.4477497,22.1677439],[78.4549046,22.1602197],[78.462149,22.16114],[78.4640963,22.1632415],[78.4757587,22.157204],[78.4759495,22.1523848],[78.4744888,22.1454012],[78.47904,22.1453749],[78.4808653,22.1445133],[78.4825332,22.1428456],[78.4824665,22.141159],[78.4875214,22.1395585],[78.4883336,22.1361482],[78.4909202,22.1353294],[78.4928693,22.1311997],[78.4975159,22.1312139],[78.4990741,22.1279126],[78.502532,22.12618],[78.5050047,22.1237667],[78.5083336,22.1175152],[78.5071507,22.115498],[78.4975023,22.1153479],[78.4889972,22.1125671],[78.4868744,22.1106002],[78.4856525,22.1042008],[78.4794331,22.1020209],[78.4759235,22.1054158],[78.4725303,22.1028137],[78.4633799,22.1029451],[78.4618732,22.0997528],[78.4474685,22.099681],[78.4366535,22.0977118],[78.4342381,22.0954738],[78.4342304,22.0912136],[78.4277995,22.0887413],[78.4218504,22.0911482],[78.4182469,22.0894189],[78.4137661,22.0895965],[78.4125316,22.0869804],[78.4059821,22.08724],[78.4041986,22.0853149],[78.4015802,22.0844859],[78.3992271,22.0819462],[78.3970689,22.0820316],[78.3955833,22.0788845],[78.3923594,22.0777545],[78.3885061,22.0779071],[78.3860141,22.0770338],[78.3835732,22.0778894],[78.3779704,22.0777002],[78.3762226,22.0791937],[78.3683669,22.0776939],[78.3633938,22.0727134],[78.3493313,22.0732708],[78.3416669,22.0703467],[78.34077159188494,22.066588262494328],[78.34204101562523,22.080780029297102],[78.33761596679688,22.088520050048885],[78.33538055419928,22.09482955932623],[78.33529663085955,22.098367691040266],[78.33721923828125,22.10605049133312],[78.34018707275419,22.11258125305187],[78.33761596679688,22.113079071044922],[78.32435607910185,22.10882949829096],[78.314926147461,22.10333824157709],[78.29608917236334,22.09543037414545],[78.28098297119146,22.091791152954215],[78.27493286132841,22.091619491577205],[78.27339172363287,22.09362983703619],[78.27258300781256,22.09762954711914],[78.27307891845697,22.10202026367216],[78.27043151855486,22.110559463500977],[78.27231597900385,22.121200561523665],[78.27227783203153,22.133220672607536],[78.26548767089861,22.14476013183605],[78.26538085937506,22.149400711059513],[78.26702880859375,22.153141021728516],[78.26711273193388,22.156850814819393],[78.2632904052735,22.16395187377924],[78.26322937011719,22.17370033264183],[78.26062011718756,22.191442489624137],[78.25942993164068,22.19481086730957],[78.2614974975586,22.204469680786246],[78.26109313964861,22.21148109436058],[78.26407623291044,22.217250823974837],[78.26477050781256,22.220872879028434],[78.26423645019537,22.22360038757347],[78.26246643066406,22.2248592376709],[78.26515197753912,22.229410171509016],[78.27146148681646,22.236608505249137],[78.27581787109375,22.24067115783714],[78.28262329101557,22.244569778442496],[78.28527832031261,22.24738121032732],[78.29012298583984,22.255741119384766],[78.28758239746088,22.263200759887752],[78.28289031982428,22.266111373901595],[78.27707672119152,22.267339706421183],[78.27243804931646,22.266349792480696],[78.26174163818382,22.26950073242199],[78.25958251953142,22.273130416870288],[78.25685119628918,22.281238555908317],[78.25607299804716,22.2998104095459],[78.25498199462908,22.303792953491325],[78.24511718750006,22.320478439331282],[78.24418640136724,22.325529098510856],[78.24714660644526,22.329441070556697],[78.25966644287115,22.339389801025675],[78.26361846923834,22.34518051147478],[78.26611328125006,22.34747123718273],[78.27130889892607,22.351760864257983],[78.2782363891601,22.354959487915153],[78.27820587158232,22.375579833984375],[78.27609252929716,22.394309997558594],[78.27455902099638,22.39876937866228],[78.27046203613281,22.403671264648438],[78.26832580566423,22.404809951782227],[78.2725601196289,22.412218093872184],[78.27831268310553,22.417160034179688],[78.28208923339861,22.41912078857422],[78.2876892089846,22.42009925842285],[78.29586791992193,22.41728019714367],[78.30365753173828,22.41863059997553],[78.3077011108399,22.42076110839855],[78.31204223632812,22.42555809020996],[78.31611633300787,22.427061080932617],[78.33481597900396,22.4232311248781],[78.3472976684572,22.423070907592773],[78.35269927978521,22.421720504760742],[78.35813903808605,22.42247009277355],[78.37465667724632,22.42204093933117],[78.37802886962908,22.421209335327205],[78.3901062011721,22.414930343627987],[78.40294647216825,22.403551101684798],[78.41165161132818,22.392131805419922],[78.41690826416033,22.387649536132812],[78.42016601562517,22.38593292236328],[78.43448638916033,22.383501052856445],[78.45610809326195,22.382539749145508],[78.46438598632807,22.3837127685548],[78.47759246826189,22.386962890625114],[78.48219299316406,22.389089584350756],[78.48911285400396,22.394309997558594],[78.49205017089838,22.398469924927042],[78.49798583984392,22.404209136962947],[78.51133728027361,22.408390045166072],[78.51593780517578,22.413419723510856],[78.51973724365251,22.419651031494197],[78.52234649658232,22.42107963562023],[78.5270385742188,22.422630310058707],[78.53164672851568,22.421039581298942],[78.53460693359392,22.4190998077392],[78.5496292114259,22.422580718994084],[78.55612945556635,22.425830841064396],[78.55693054199236,22.430839538574503],[78.55565643310553,22.436161041259936],[78.55281066894554,22.440841674804688],[78.55188751220732,22.445711135864485],[78.54920959472685,22.450582504272518],[78.54956817626976,22.452371597290266],[78.54872131347673,22.456260681152344],[78.54588317871094,22.459779739379883],[78.54273223876982,22.460039138794002],[78.53450012207054,22.464040756225586],[78.53034210205107,22.46325111389183],[78.5281829833985,22.460559844970703],[78.52540588378918,22.460998535156364],[78.52466583251947,22.462799072265625],[78.524223327637,22.470630645752067],[78.51664733886713,22.47464942932129],[78.51492309570324,22.47694015502924],[78.51175689697266,22.479070663452262],[78.50929260253912,22.482589721679688],[78.50929260253912,22.486480712890852],[78.51248931884783,22.491279602050838],[78.51534271240251,22.49386024475109],[78.52321624755865,22.49648094177263],[78.53099822998064,22.500661849975586],[78.53602600097679,22.505582809448356],[78.53723144531261,22.507801055908487],[78.5364532470706,22.51842117309593],[78.54136657714866,22.528450012207088],[78.54313659667997,22.53479957580572],[78.54254150390653,22.53950119018549],[78.53942871093756,22.545101165771484],[78.53520202636719,22.549722671509073],[78.52297210693376,22.560060501098576],[78.519096374512,22.566240310669173],[78.51708984375,22.57146072387701],[78.51478576660173,22.57439994812023],[78.50936126709013,22.57795906066906],[78.50316619873047,22.58459091186546],[78.49711608886741,22.59295082092308],[78.49494171142595,22.598632812500227],[78.49526214599638,22.606410980224894],[78.49748992919945,22.61594963073736],[78.4956665039062,22.632720947265625],[78.49444580078148,22.637130737304688],[78.49537658691412,22.640159606933594],[78.4983901977539,22.64588165283203],[78.50048065185564,22.652750015258732],[78.5073318481447,22.659429550171126],[78.51573181152361,22.663270950317553],[78.5175399780274,22.66706085205078],[78.52169799804693,22.66802978515625],[78.5274276733399,22.666620254516715],[78.53292083740234,22.662839889526595],[78.53862762451189,22.660728454589844],[78.54647827148443,22.66271018981945],[78.55290985107439,22.661430358886832],[78.5575180053711,22.661460876464957],[78.56453704834001,22.663560867309627],[78.5783309936524,22.664190292358626],[78.58361053466814,22.662139892578352],[78.5965728759765,22.65381813049322],[78.60105895996116,22.652931213379077],[78.60578155517578,22.653142929077205],[78.6093063354495,22.65479087829607],[78.61215209960966,22.658290863037394],[78.61752319335966,22.67482948303234],[78.62216186523455,22.680740356445256],[78.63182067871122,22.68638038635254],[78.65923309326195,22.693149566650447],[78.6637115478515,22.697469711303825],[78.6643676757813,22.699399948120117],[78.6679077148437,22.701580047607536],[78.67434692382841,22.7021999359132],[78.67418670654308,22.699581146240234],[78.67531585693388,22.695421218872184],[78.6760177612307,22.67374992370611],[78.67925262451178,22.662099838257063],[78.68123626708996,22.65928077697754],[78.68469238281244,22.6565074920656],[78.69040679931635,22.65579032897972],[78.70439147949219,22.656351089477653],[78.71163177490234,22.653608322143498],[78.71849060058611,22.647159576416243],[78.72370910644554,22.640171051025675],[78.72731781005865,22.632980346679744],[78.7305526733399,22.629470825195483],[78.73594665527372,22.626541137695597],[78.74333953857428,22.624969482421932],[78.7546081542971,22.624170303344897],[78.76671600341814,22.62627983093273],[78.77392578125028,22.6289901733399],[78.77847290039091,22.631759643554858],[78.77831268310575,22.63373184204096],[78.7732772827149,22.646102905273665],[78.77319335937494,22.64888954162609],[78.77427673339872,22.650640487671126],[78.78076171875028,22.652799606323356],[78.80027008056635,22.655221939087028],[78.81304168701183,22.658220291137752],[78.82633972167974,22.66659927368164],[78.82923126220732,22.67086982727045],[78.83515167236357,22.685270309448185],[78.84295654296903,22.68696975708025],[78.85127258300787,22.68324089050293],[78.85550689697288,22.683521270751953],[78.86023712158209,22.68234825134283],[78.87239074707048,22.68132019042963],[78.88537597656267,22.681030273437727],[78.89508819580095,22.679340362549],[78.90518951416033,22.675680160522575],[78.91117858886724,22.670709609985522],[78.91266632080078,22.668411254882812],[78.9134292602539,22.65300178527832],[78.91543579101591,22.648691177368278],[78.92426300048845,22.639570236206282],[78.93888092041044,22.629501342773438],[78.94505310058611,22.627721786499023],[78.95752716064459,22.622369766235465],[78.96362304687506,22.624940872192553],[78.97175598144548,22.624980926513842],[78.97381591796903,22.62426185607916],[78.97931671142607,22.62426948547369],[78.98838806152344,22.620780944824276],[78.99104309082048,22.62155914306652],[78.99240112304688,22.62499046325695],[78.99447631835955,22.62667083740257],[79.00479888916016,22.63142013549816],[79.00499725341797,22.634199142456055],[79.00331878662132,22.6382999420166],[79.00315093994146,22.641059875488395],[79.00155639648438,22.641532897949446],[78.99990844726568,22.644092559814453],[79.00167083740246,22.646852493286133],[79.00447082519554,22.649219512939453],[79.00955963134766,22.649248123169002],[79.01303863525396,22.65108108520502],[79.0134963989259,22.654800415039006],[79.00731658935553,22.659919738769815],[79.00875091552729,22.66398239135748],[79.0122680664063,22.667110443115178],[79.01235198974621,22.67077064514183],[79.010726928711,22.675239562988452],[79.00644683837902,22.68166160583496],[79.00659179687528,22.683580398559627],[79.0098419189456,22.685091018676815],[79.01152038574241,22.687549591064624],[79.01001739501959,22.690620422363565],[79.00109100341825,22.691221237182788],[79.00026702880882,22.69304084777832],[79.00109863281261,22.696781158447322],[79.0091781616211,22.7017307281497],[79.01709747314482,22.703470230102653],[79.01922607421886,22.705078125000057],[79.02124023437506,22.71084976196289],[79.01422119140653,22.71322059631342],[79.0084228515625,22.719392776489485],[79.00740051269543,22.728610992431868],[79.01048278808611,22.729499816894588],[79.01937103271513,22.729450225830192],[79.02176666259766,22.73217964172386],[79.01812744140642,22.734560012817496],[79.01058959960943,22.736850738525447],[79.00891876220714,22.73936271667486],[79.01119995117216,22.742122650146484],[79.02339935302763,22.748661041259822],[79.02897644042986,22.75398063659668],[79.03325653076178,22.755910873413086],[79.03875732421875,22.761510848999137],[79.04606628417974,22.759170532226733],[79.05631256103521,22.760030746460075],[79.05957794189459,22.758619308471737],[79.06122589111345,22.75500106811552],[79.0641098022461,22.75162124633789],[79.06832122802734,22.752380371093807],[79.06849670410156,22.74880981445324],[79.07080078125,22.74637985229498],[79.07557678222662,22.748249053955305],[79.07814788818388,22.74831962585455],[79.08201599121111,22.746051788330192],[79.084716796875,22.74711990356468],[79.08815002441406,22.752500534057845],[79.08972167968773,22.756719589233455],[79.0937118530274,22.760269165039176],[79.11618041992188,22.767959594726562],[79.1204223632813,22.776279449463118],[79.12293243408209,22.784660339355753],[79.13149261474632,22.790769577026367],[79.13677978515625,22.79108810424799],[79.14443206787115,22.790319442749137],[79.15519714355497,22.794460296630973],[79.15963745117205,22.79433059692377],[79.16723632812511,22.789148330688477],[79.17209625244146,22.788612365722713],[79.18286132812528,22.798618316650618],[79.18694305419922,22.798969268798828],[79.18768310546892,22.80778121948248],[79.21293640136741,22.813591003418196],[79.22339630126959,22.817632675171012],[79.22519683837919,22.815761566162337],[79.22654724121105,22.809600830078182],[79.23475646972668,22.80162048339855],[79.23500061035173,22.79819107055664],[79.23383331298845,22.79680061340332],[79.23394775390653,22.79225921630865],[79.23900604248064,22.778190612793082],[79.2385711669923,22.773492813110295],[79.23674011230469,22.76964950561529],[79.23594665527361,22.7652397155764],[79.23976898193376,22.754190444946573],[79.24259948730486,22.75119972229021],[79.25388336181658,22.744899749755973],[79.2558517456057,22.741979598999023],[79.25480651855486,22.73612022399908],[79.24909210205095,22.73055076599144],[79.23886871337896,22.723329544067326],[79.23825073242188,22.720600128174055],[79.24106597900385,22.716800689697322],[79.24941253662138,22.709102630615405],[79.25237274169922,22.704210281372355],[79.25406646728533,22.699190139770735],[79.25408172607422,22.693149566650447],[79.25888824462896,22.69057083129877],[79.25968170166021,22.688070297241268],[79.26843261718756,22.694732666015625],[79.27445983886736,22.695520401000977],[79.27867126464861,22.694810867309798],[79.28322601318376,22.691410064697493],[79.29022979736357,22.6834201812747],[79.2891082763673,22.67784118652372],[79.28672027587896,22.67522048950201],[79.2809219360351,22.671421051025447],[79.27848815917986,22.65641975402832],[79.27897644042997,22.653221130371207],[79.28262329101574,22.648950576782227],[79.29545593261736,22.650470733642862],[79.29928588867188,22.647832870483512],[79.29933166503912,22.642601013183537],[79.29828643798822,22.638820648193473],[79.29213714599638,22.626329421997298],[79.29164886474626,22.622610092163313],[79.29281616210938,22.620399475097713],[79.31949615478533,22.61791038513212],[79.32047271728516,22.6143608093264],[79.33799743652361,22.61792945861839],[79.34716796875,22.61379051208496],[79.35103607177757,22.61092185974138],[79.36125183105486,22.608470916748104],[79.36525726318376,22.605899810791016],[79.36812591552751,22.601409912109375],[79.36812591552751,22.5982608795166],[79.3587188720706,22.597871780395508],[79.35317230224638,22.593059539795206],[79.35098266601562,22.592069625854492],[79.3484497070312,22.58881950378418],[79.35085296630865,22.583919525146598],[79.3501586914062,22.582239151000977],[79.34751892089861,22.580270767211857],[79.34451293945318,22.57491111755394],[79.34101104736322,22.57410240173357],[79.33978271484398,22.58008956909208],[79.33767700195335,22.579931259155387],[79.33644866943376,22.57644081115734],[79.3360671997072,22.569391250610465],[79.33448791503935,22.568641662597656],[79.32875823974638,22.56993103027338],[79.32802581787121,22.566259384155217],[79.33215332031273,22.55979919433605],[79.33287811279303,22.556650161743335],[79.33133697509766,22.55536842346214],[79.32746124267572,22.555498123168945],[79.324760437012,22.554389953613338],[79.31645202636719,22.544570922851562],[79.31511688232422,22.541208267212085],[79.31479644775413,22.530490875244254],[79.32308959960955,22.527051925659407],[79.32492828369169,22.524829864501953],[79.32337951660179,22.516450881958235],[79.32522583007812,22.51016998291027],[79.32939910888689,22.50835037231451],[79.33664703369158,22.508029937744084],[79.34044647216814,22.494831085205362],[79.3404617309572,22.49099159240734],[79.3390426635745,22.487791061401424],[79.33583831787121,22.48517036438011],[79.31550598144531,22.481601715088118],[79.29959869384777,22.48517036438011],[79.29321289062506,22.48488044738781],[79.28489685058622,22.481410980224837],[79.27275085449236,22.48050117492687],[79.26040649414068,22.47668075561529],[79.2499008178711,22.476100921630916],[79.24588775634766,22.474710464477596],[79.23649597167986,22.47587966918968],[79.23149108886747,22.475481033325252],[79.22692108154325,22.47162818908714],[79.22189331054693,22.462909698486555],[79.21765899658203,22.458209991455362],[79.216537475586,22.455070495605753],[79.20519256591808,22.452169418335075],[79.20295715332048,22.452978134155273],[79.19996643066429,22.452869415283487],[79.19370269775419,22.450138092041243],[79.1977081298831,22.44176101684576],[79.19779110466388,22.440873668241316],[79.1952781,22.4397203]]]}},{"type":"Feature","properties":{"state":"Madhya Pradesh","state_slug":"madhya_pradesh","district":"Damoh","district_slug":"damoh","district_as_supplied":"Damoh","renamed_from_source":false,"layers":{"climate":true,"ndvi":true,"soil_moisture":true,"crop_des":true,"groundwater":true,"advisory":true},"climate_kind":"gee"},"geometry":{"type":"MultiPolygon","coordinates":[[[[79.3279189,23.1669664],[79.332547,23.1653618],[79.3345845,23.1629972],[79.3403262,23.1638233],[79.3430068,23.1669346],[79.3458804,23.1677998],[79.3466518,23.1720284],[79.3483804,23.1727998],[79.3505312,23.1752966],[79.3542137,23.1761331],[79.3582632,23.1783923],[79.3608266,23.1769621],[79.3641201,23.1772268],[79.36916,23.1752954],[79.3708494,23.1754312],[79.3719183,23.1730361],[79.3735283,23.1722765],[79.3792208,23.1772659],[79.3828336286883,23.177770273471126],[79.35839843750017,23.162900924682788],[79.343070983887,23.155490875244197],[79.32801055908232,23.15043067932129],[79.32376098632835,23.150300979614315],[79.32345581054682,23.15349006652832],[79.32694244384766,23.15860939025896],[79.32726287841808,23.161029815673885],[79.32279097727272,23.16508316093165],[79.3279189,23.1669664]]],[[[79.4067965,23.1897765],[79.4088038,23.1917052],[79.41017497869578,23.190999196955197],[79.406661253156,23.189635856525506],[79.4067965,23.1897765]]],[[[79.4209632,23.1990245],[79.4192359,23.2026491],[79.4193132,23.2064423],[79.4183104,23.2086474],[79.4209632,23.2164431],[79.4231084,23.2172602],[79.43158630944603,23.21236825692861],[79.4239120483399,23.204450607299748],[79.4209632,23.1990245]]],[[[79.4476254,23.2238414],[79.4484787,23.2273408],[79.4518128,23.2322602],[79.4527491,23.2360989],[79.4559795,23.2414269],[79.4584546,23.2477013],[79.4609795,23.2489269],[79.4643262,23.2548375],[79.4693628,23.2598465],[79.471069,23.2651036],[79.4751539,23.2664293],[79.4742853,23.2683941],[79.4742961,23.2714431],[79.4759795,23.2722602],[79.4776132,23.2756269],[79.4816395,23.2794949],[79.4834957,23.2823261],[79.4834343,23.2853307],[79.4890971,23.2876036],[79.4960132,23.2956261],[79.4959811,23.2989936],[79.498088,23.3010175],[79.500114,23.298909],[79.5018128,23.2989439],[79.5043742,23.2972472],[79.5068458,23.2947765],[79.508748,23.2986982],[79.5109314,23.296426],[79.5152629,23.2965139],[79.5170883,23.2984142],[79.5205835,23.2997602],[79.5222295,23.2963674],[79.5300818,23.2963593],[79.5318209,23.29817],[79.5343128,23.2955764],[79.5418128,23.2956106],[79.5426299,23.2939269],[79.5510283,23.2914431],[79.5575969,23.2966539],[79.5559304,23.3017288],[79.5543148,23.3148448],[79.5633851,23.314809],[79.5713489,23.3130496],[79.5757239,23.3131391],[79.5776893,23.3181765],[79.5828642,23.3215693],[79.589347,23.3206114],[79.5909632,23.3297765],[79.5951461,23.3314269],[79.6009632,23.3372773],[79.6034156,23.3372268],[79.6068128,23.3389269],[79.6130083,23.3440408],[79.6151848,23.3473611],[79.6217489,23.3472268],[79.6251461,23.3489269],[79.6300871,23.3546373],[79.6314564,23.3574604],[79.6334953,23.3564098],[79.637522,23.3563951],[79.6434156,23.3572268],[79.6490678,23.3592548],[79.6530408,23.3657376],[79.6517505,23.3708581],[79.6518144,23.3739936],[79.6542965,23.3772765],[79.6568604,23.378109],[79.6601925,23.3814708],[79.6617965,23.3847765],[79.6693295,23.3872936],[79.6701498,23.3957604],[79.6751474,23.4005618],[79.6762029,23.4045787],[79.6777422,23.4029763],[79.6851299,23.4031269],[79.6867807,23.401409],[79.6935962,23.4015481],[79.7001457,23.4005911],[79.7016659,23.4068264],[79.6976213,23.4151909],[79.6976205,23.4177013],[79.7010629,23.4198806],[79.7026596,23.4231708],[79.7075684,23.4280805],[79.7110881,23.4298408],[79.7159632,23.4372765],[79.718488,23.4385021],[79.721589,23.4432319],[79.7201427,23.4489628],[79.7223056,23.4521536],[79.7209811,23.4565017],[79.7382345,23.4642548],[79.7403463,23.4684817],[79.7459217,23.4738382],[79.7507671,23.4827574],[79.7516746,23.5010926],[79.742508,23.5019891],[79.7401553,23.503201],[79.738893,23.5070905],[79.7334529,23.5151162],[79.7336093,23.5227688],[79.7351498,23.52727],[79.7341102,23.5296134],[79.7352275,23.5305935],[79.7408468,23.5281098],[79.7417965,23.5339431],[79.7434799,23.5347602],[79.743512,23.5405138],[79.752035,23.5415554],[79.7559241,23.5456033],[79.7609795,23.5464269],[79.7618449,23.5482099],[79.7618433,23.5529186],[79.7661658,23.5539724],[79.7713408,23.5566376],[79.7758413,23.5699618],[79.767637,23.5809647],[79.7675812,23.5847557],[79.7634243,23.5874809],[79.762253,23.5922843],[79.7669629,23.5922228],[79.7701461,23.5889098],[79.7744007,23.5889244],[79.7834449,23.5907766],[79.7815285,23.5965828],[79.7950428,23.6062128],[79.7918128,23.6215009],[79.7987541,23.6248684],[79.8060096,23.6266368],[79.8058039,23.6313225],[79.8017214,23.6352446],[79.8026775,23.6399124],[79.8026661,23.6515628],[79.8043699,23.655111],[79.8032439,23.6578998],[79.8059884,23.6606017],[79.8044127,23.6629177],[79.8038767,23.6656289],[79.8055298,23.6688373],[79.8143555,23.6714635],[79.8163717,23.6756188],[79.8202243,23.6764757],[79.8250981,23.6763764],[79.8264987,23.6778339],[79.8326404,23.6797822],[79.8409717,23.6722521],[79.8417965,23.6731098],[79.8494989,23.673784],[79.8533053,23.669822],[79.8576461,23.6681098],[79.8594821,23.666199],[79.8627243,23.667309],[79.8664824,23.6672325],[79.8704969,23.6645112],[79.8833659,23.668323],[79.8936076,23.6660191],[79.9009156,23.6572757],[79.9035747,23.6564122],[79.9059632,23.6539269],[79.9082398,23.6528217],[79.9108584,23.6470662],[79.912275,23.6464431],[79.9160368,23.6489936],[79.9179021,23.652838],[79.9212907,23.6551174],[79.9227788,23.661221],[79.9259799,23.6622602],[79.9259815,23.6656936],[79.929268,23.6688504],[79.9322954,23.6739505],[79.93470672736736,23.67390105179102],[79.93530273437528,23.67229270935087],[79.94548797607439,23.66756820678711],[79.9493179321289,23.659320831298828],[79.94750213623075,23.65479850769043],[79.94156646728521,23.650672912597656],[79.9391326904298,23.64681053161621],[79.93807220458984,23.640251159668026],[79.93884277343756,23.63421058654791],[79.94708251953148,23.623130798340128],[79.9426498413086,23.621498107910156],[79.93752288818365,23.62297058105463],[79.93492889404325,23.622457504272518],[79.9311065673831,23.61822128295904],[79.9275970458985,23.611549377441406],[79.9236602783206,23.607490539551065],[79.92221069335955,23.598400115966854],[79.9208221435548,23.59502983093273],[79.914047241211,23.587680816650618],[79.90248107910185,23.586240768432674],[79.89906311035185,23.584840774536417],[79.89601135253935,23.578781127929688],[79.88819885253935,23.57221031188965],[79.87193298339866,23.55228233337408],[79.86873626709013,23.54565238952648],[79.86843872070312,23.541442871093807],[79.86527252197271,23.535400390625114],[79.85443878173857,23.523420333862305],[79.84379577636736,23.508188247680778],[79.83748626708979,23.50621032714872],[79.83323669433622,23.510299682617188],[79.8278427124024,23.51333045959484],[79.82161712646513,23.515220642089844],[79.81421661376947,23.509870529174805],[79.81192016601574,23.50621986389166],[79.80874633789062,23.503639221191406],[79.80480957031256,23.501831054687614],[79.80885314941435,23.494150161743164],[79.80822753906273,23.4902400970459],[79.80165100097673,23.48231124877924],[79.79559326171875,23.46870994567894],[79.78830718994158,23.46570968627924],[79.78468322753923,23.463310241699332],[79.7817993164062,23.458820343017692],[79.77997589111334,23.453830718994254],[79.77668762207048,23.45125961303711],[79.76956176757841,23.449359893798828],[79.76708221435575,23.447910308837947],[79.76380920410185,23.444869995117188],[79.76203155517584,23.441671371460075],[79.75361633300781,23.43523979187006],[79.73758697509783,23.431531906127987],[79.7331085205081,23.436489105224894],[79.73155975341803,23.43526268005371],[79.73178100585966,23.42935943603527],[79.73089599609392,23.426950454711857],[79.72509002685575,23.427089691162337],[79.72287750244158,23.42571067810053],[79.71849060058611,23.420549392700423],[79.72129058837919,23.41979026794428],[79.72740936279325,23.420101165771598],[79.72334289550804,23.41263008117687],[79.72045135498053,23.409748077392635],[79.71720886230474,23.403230667114315],[79.71288299560575,23.39814949035639],[79.71370697021479,23.394130706787223],[79.7102508544923,23.390991210937614],[79.69764709472685,23.38857078552246],[79.69565582275396,23.384639739990348],[79.69300079345709,23.368980407714844],[79.68842315673834,23.35885047912592],[79.67688751220697,23.347749710083292],[79.67064666748047,23.34311294555664],[79.66628265380865,23.337940216064453],[79.66007232666044,23.33683013916044],[79.6537628173831,23.33436012268072],[79.63359069824213,23.32259941101097],[79.62584686279303,23.317190170288086],[79.61286163330078,23.312000274658203],[79.60662078857445,23.307399749755803],[79.58683776855497,23.295391082763615],[79.55838012695318,23.280790328979492],[79.55143737792969,23.275119781494254],[79.53320312500006,23.263921737671183],[79.52710723876982,23.262430191040266],[79.5244827270509,23.26690292358404],[79.51978302001953,23.2685604095459],[79.51348876953125,23.268541336059798],[79.50517272949247,23.267860412597827],[79.48506927490234,23.2599906921389],[79.48217010498064,23.256019592285156],[79.48043823242182,23.251260757446403],[79.4783172607423,23.248872756958235],[79.45691680908232,23.231159210205078],[79.45301818847656,23.226970672607422],[79.44590642257678,23.222189746694625],[79.4476254,23.2238414]]]]}},{"type":"Feature","properties":{"state":"Madhya Pradesh","state_slug":"madhya_pradesh","district":"Dewas","district_slug":"dewas","district_as_supplied":"Dewas","renamed_from_source":false,"layers":{"climate":true,"ndvi":true,"soil_moisture":true,"crop_des":true,"groundwater":true,"advisory":true},"climate_kind":"gee"},"geometry":{"type":"MultiPolygon","coordinates":[[[[76.1932099,22.6888185],[76.1976683,22.6832954],[76.19951446296005,22.6797117419135],[76.1967086791995,22.682519912719727],[76.19252834761063,22.689149158973805],[76.1932099,22.6888185]]],[[[76.1997156,22.6766313],[76.2001297,22.6733954],[76.19425132072425,22.665222434248967],[76.19119262695324,22.664449691772745],[76.18802642822266,22.66567039489746],[76.18844604492193,22.667940139770565],[76.19211578369169,22.67246818542492],[76.19980920528926,22.677310770678634],[76.1997156,22.6766313]]],[[[76.2286611,22.675469],[76.2366799,22.6753054],[76.2409841,22.6804881],[76.2450609,22.6778153],[76.2474583,22.6728731],[76.2525242,22.6703391],[76.255577,22.6631074],[76.2541996,22.6577328],[76.257508,22.6544891],[76.2600242,22.6536725],[76.2637295,22.6509288],[76.265008,22.6469891],[76.2699803,22.6453754],[76.2710161,22.6438992],[76.2738192,22.6352607],[76.2701463,22.6289269],[76.2659217,22.6268769],[76.2584137,22.6171747],[76.2584756,22.6141432],[76.2616746,22.6069891],[76.2783576,22.6028391],[76.2849591,22.5953391],[76.2887287,22.5972054],[76.2961977,22.5928492],[76.3037722,22.5938881],[76.3061802,22.5926477],[76.310366,22.5940804],[76.3154494,22.5924308],[76.3166897,22.5886083],[76.3187828,22.5865975],[76.3202688,22.5820178],[76.3273069,22.5818742],[76.3306069,22.5840378],[76.3320905,22.5916376],[76.3370832,22.5966318],[76.3399746,22.5936221],[76.3461802,22.5965307],[76.3492226,22.5995561],[76.3549075,22.5995377],[76.3583053,22.5970408],[76.3657644,22.5969737],[76.3633576,22.6031691],[76.365008,22.6070058],[76.3682282,22.6102558],[76.374221,22.6121996],[76.3742011,22.6158153],[76.370963,22.6189269],[76.3699248,22.6231855],[76.3653119,22.6293116],[76.3667405,22.632085],[76.3666722,22.635435],[76.3704494,22.6390641],[76.373171,22.6457438],[76.3700242,22.655143],[76.3741746,22.6628391],[76.3803774,22.6670853],[76.3900246,22.6686559],[76.3899107,22.6742543],[76.3933413,22.6828391],[76.3958413,22.6870058],[76.3983576,22.6878224],[76.3999412,22.6894704],[76.4091429,22.6895561],[76.410565,22.6880757],[76.4134052,22.6895389],[76.4166433,22.6894727],[76.428227,22.6928224],[76.4325242,22.6920058],[76.4353005,22.6905757],[76.4374652,22.6928287],[76.4413442,22.6937744],[76.442508,22.6961725],[76.4441909,22.6969891],[76.4466447,22.7003371],[76.4442007,22.7035979],[76.4433319,22.7103955],[76.4474001,22.7143042],[76.4484605,22.7229833],[76.4504653,22.7271159],[76.4575385,22.7269715],[76.4625132,22.7286744],[76.4710738,22.7272622],[76.4765578,22.7327857],[76.480008,22.7328561],[76.4816386,22.7312075],[76.4890318,22.7312546],[76.4930601,22.7291794],[76.4966909,22.7311558],[76.5033588,22.7377907],[76.5057101,22.7433688],[76.5032571,22.7458417],[76.5058469,22.7564617],[76.5000615,22.7572691],[76.5000389,22.7626959],[76.4988406,22.7674578],[76.5064631,22.7760438],[76.5030813,22.7797388],[76.5045986,22.7875113],[76.5075242,22.7903224],[76.5084821,22.7962039],[76.5196047,22.7959769],[76.5240163,22.7981172],[76.52557324421151,22.80148456040574],[76.52655029296892,22.799589157104492],[76.52851104736334,22.799850463867415],[76.53144818095964,22.801688449295213],[76.5329678,22.800991],[76.5349925,22.7978074],[76.5364138,22.7970208],[76.5406517,22.7999811],[76.54603955350613,22.799659970043702],[76.54664611816412,22.797941207885856],[76.54625701904303,22.792779922485522],[76.55195617675781,22.79286003112793],[76.55429602627295,22.791433361314922],[76.5542557,22.789459],[76.55764254396858,22.78893120129495],[76.5572586059572,22.787420272827205],[76.550048828125,22.78191947937023],[76.54878997802763,22.778841018676758],[76.54927825927734,22.77652168273937],[76.55194854736328,22.777660369873104],[76.55594635009766,22.783340454101676],[76.55783081054705,22.783138275146484],[76.56616973876982,22.778381347656364],[76.56809234619152,22.775608062744254],[76.56816864013672,22.769639968872355],[76.56608581542974,22.767290115356673],[76.5617065429688,22.76827049255388],[76.5623321533206,22.765611648559684],[76.56407928466808,22.76429939270048],[76.56653594970732,22.764169692993335],[76.57005310058611,22.76583290100109],[76.5742263793947,22.77017974853527],[76.57601313451327,22.77364417838662],[76.5825202,22.771366],[76.5907286,22.7758265],[76.5916592,22.7778542],[76.5948,22.7798517],[76.6061404,22.7823283],[76.6084129,22.7810934],[76.6101801,22.7811987],[76.61428629102086,22.78598968009091],[76.62335968017607,22.78858947753929],[76.62475585937494,22.790870666504134],[76.62209320068376,22.79213142395031],[76.61475747724573,22.790013673987392],[76.6149925,22.7920208],[76.6165233,22.7933882],[76.6201622,22.7945119],[76.6216592,22.7961875],[76.6242064,22.7969741],[76.6262348,22.798964],[76.6355414,22.7984093],[76.638533,22.8004987],[76.6382811,22.8052289],[76.63967895507812,22.809049606323356],[76.6414184570313,22.809070587158203],[76.6446533203125,22.807270050048942],[76.64495086669933,22.80280113220232],[76.6473922729495,22.801200866699276],[76.64550018310575,22.793809890747127],[76.64768218994158,22.792150497436523],[76.65222167968744,22.790531158447266],[76.65277099609386,22.788511276245117],[76.65571594238281,22.788200378418196],[76.6577529907226,22.792169570922965],[76.66390991210938,22.79166984558134],[76.67487335205107,22.788150787353572],[76.67735290527372,22.79427146911644],[76.69172668457048,22.796369552612532],[76.70030212402361,22.79671287536621],[76.70192718505865,22.797660827636662],[76.7013702392581,22.808389663696232],[76.70205688476562,22.814018249511832],[76.69780731201166,22.814790725708065],[76.69180297851585,22.814359664917276],[76.69053649902355,22.815618515014876],[76.69365692138672,22.818450927734318],[76.69393157959013,22.8199596405031],[76.69249725341814,22.820400238037223],[76.68842315673857,22.819660186767862],[76.68775177001953,22.821277618408203],[76.68843841552746,22.82303047180187],[76.69061279296875,22.82491111755371],[76.70179313273903,22.82629024925261],[76.7041592,22.8211407],[76.7054364,22.8203542],[76.7127655,22.8223172],[76.71350233293072,22.823922745647067],[76.71868133544928,22.822181701660213],[76.71219635009771,22.82117080688488],[76.70941162109403,22.819982528686523],[76.71203613281256,22.817871093750114],[76.72950744628923,22.821151733398608],[76.73410892169417,22.823007413395032],[76.735858,22.8202568],[76.7382497,22.8203993],[76.7424925,22.8236875],[76.74834584519857,22.825455185245914],[76.7508773803711,22.821540832519702],[76.75286865234403,22.820690155029297],[76.75652707734666,22.821568573532623],[76.7590526,22.818661],[76.7640965,22.8161875],[76.7657559464815,22.82050443194747],[76.76743316650408,22.821960449218977],[76.76720204552437,22.823083224432303],[76.7744208,22.825448],[76.776509,22.8277852],[76.788326,22.8336876],[76.7915587,22.8346858],[76.79489,22.8325405],[76.7975397,22.8353074],[76.8016771,22.8418185],[76.8044883,22.8514191],[76.8092882,22.851133],[76.8125397,22.8536407],[76.8135024,22.8608408],[76.82065933388601,22.8627944695585],[76.82292938232416,22.862379074096737],[76.82323571431826,22.863598310243134],[76.8254115,22.8645545],[76.82344189666873,22.866446849443513],[76.82334337512387,22.867869726900576],[76.8256574,22.8699374],[76.8289061,22.8755173],[76.82983726874102,22.87501136164822],[76.8294677734375,22.87108993530296],[76.83290100097656,22.869211196899528],[76.83701324462919,22.868160247802734],[76.84069824218767,22.870029449463004],[76.8453903198245,22.870161056518555],[76.8470306396485,22.87078094482422],[76.84674072265653,22.871988296509016],[76.84284183054962,22.874492081875903],[76.8434715,22.8745296],[76.84333690671137,22.876791512465037],[76.8472290039063,22.87636947631853],[76.84739685058594,22.877420425415153],[76.84494018554693,22.880830764770792],[76.84475708007818,22.882730484008903],[76.8484075471296,22.882752823727404],[76.85391998291021,22.875368118286303],[76.85929107666021,22.87277984619169],[76.85874938964872,22.876260757446573],[76.85579681396484,22.880529403686637],[76.85542297363287,22.882320404052734],[76.85558319091814,22.883079528808878],[76.85756683349615,22.883060455322266],[76.85900115966814,22.884830474853743],[76.85941314697266,22.889730453491325],[76.86100006103521,22.889989852905273],[76.86502075195341,22.8810195922851],[76.86857604980469,22.875770568847884],[76.8703231811524,22.875221252441463],[76.8720321655274,22.876649856567496],[76.87628936767607,22.876478195190657],[76.87428283691406,22.880411148071346],[76.87059783935558,22.884250640869368],[76.86965942382807,22.886800765991268],[76.87037658691435,22.891941070556925],[76.87499999999994,22.895910263061523],[76.87616729736345,22.89558029174816],[76.8765869140625,22.887670516967944],[76.88134765625,22.887271881103516],[76.88609313964861,22.884250640869368],[76.88759613037126,22.892139434814737],[76.89006042480463,22.893920898437557],[76.89399719238287,22.893749237060547],[76.8944473266601,22.8927001953125],[76.89151000976585,22.888179779052734],[76.89392089843767,22.88150978088379],[76.88816833496111,22.87652969360346],[76.88949584960932,22.875270843506087],[76.8907318115235,22.87487983703619],[76.8977966308596,22.876609802246207],[76.90480041503906,22.882390975952376],[76.90598297119146,22.882181167602653],[76.90674591064459,22.878570556640796],[76.90606689453136,22.872730255126953],[76.90059661865251,22.871511459350813],[76.89923858642595,22.867530822753906],[76.89982604980486,22.866430282593058],[76.90139770507818,22.866970062255973],[76.90347290039062,22.86565971374523],[76.9071807861331,22.866100311279297],[76.91191101074241,22.87372016906761],[76.9139633178711,22.874090194702262],[76.91478729248053,22.873291015625227],[76.90779113769543,22.850320816040323],[76.90777587890653,22.848512649536133],[76.91181945800798,22.841909408569336],[76.912162780762,22.83993911743181],[76.90973663330095,22.83868980407715],[76.904052734375,22.838670730590934],[76.90289306640625,22.8365612030031],[76.90467071533226,22.83431053161644],[76.91256713867182,22.834762573242415],[76.91574859619146,22.83387184143072],[76.91861724853544,22.83162117004423],[76.91948699951172,22.831689834594897],[76.91974639892584,22.8332710266115],[76.91771697998041,22.84070014953636],[76.91513061523443,22.845109939575423],[76.91191101074241,22.848390579223746],[76.91165924072283,22.850259780884016],[76.9160461425783,22.866359710693416],[76.91726684570318,22.867589950561637],[76.91854095458984,22.866258621216048],[76.91893768310553,22.861898422241154],[76.92000579833979,22.860340118408203],[76.9222030639649,22.862388610839844],[76.91996002197294,22.871450424194336],[76.92308044433611,22.870359420776595],[76.92542266845709,22.86752128601097],[76.92672729492205,22.867929458618335],[76.92611694335932,22.871179580688647],[76.92192077636713,22.876407623291016],[76.9220733642581,22.877439498901595],[76.92592620849604,22.879791259765682],[76.930473327637,22.880590438842717],[76.93144989013666,22.872631072998104],[76.93309020996116,22.869960784912166],[76.93470764160173,22.86995124816906],[76.93496704101568,22.87272071838379],[76.93379211425781,22.876159667968807],[76.93945312500011,22.882408142089844],[76.94193267822277,22.883518218994197],[76.94396972656256,22.882139205932788],[76.94410705566406,22.880920410156477],[76.94364166259777,22.877801895141715],[76.9414672851563,22.87294006347662],[76.94207000732428,22.869979858398608],[76.94419097900419,22.868499755859602],[76.94727325439464,22.875629425048828],[76.94815826416038,22.875368118286303],[76.95076751708984,22.8709201812747],[76.95469665527372,22.87203979492199],[76.95565032959013,22.870590209960938],[76.95551300048845,22.867811203002873],[76.95738220214855,22.866680145263672],[76.95976257324224,22.867870330810604],[76.96087646484375,22.870929718017635],[76.96570587158226,22.87214279174799],[76.96803283691435,22.876550674438477],[76.97161865234398,22.879167556762695],[76.97339630126964,22.879518508911246],[76.98195648193388,22.874929428100586],[76.9832382202149,22.875940322876147],[76.98031616210955,22.88154029846214],[76.98089599609392,22.8832302093507],[76.99244689941435,22.876171112060547],[76.99569702148466,22.875709533691577],[76.99693298339844,22.87193107604986],[76.99707031249994,22.854270935058878],[76.99877929687494,22.850610733032227],[76.99794006347679,22.84758949279808],[77.00263214111345,22.837280273437614],[77.00061035156273,22.830690383911246],[77.00131225585938,22.823930740356673],[77.00598144531278,22.81540107727062],[77.00744628906256,22.806730270386026],[77.00728607177757,22.799819946289062],[77.01213073730463,22.79803085327171],[77.01503753662126,22.797969818115234],[77.02126312255888,22.788160324096907],[77.02410888671903,22.77876091003435],[77.02462768554693,22.770750045776538],[77.02205657958979,22.76517105102556],[77.01624298095726,22.761680603027344],[77.0137329101563,22.759170532226733],[77.01355743408209,22.75546264648449],[77.01596832275408,22.74949073791521],[77.01644897460943,22.74090957641613],[77.01937103271496,22.737260818481445],[77.02697753906278,22.736980438232422],[77.03263092041021,22.73584938049322],[77.03367614746105,22.719890594482536],[77.03592681884794,22.713819503784237],[77.03862762451183,22.70918083190918],[77.03740692138678,22.704771041870117],[77.03357696533209,22.702680587768555],[77.02854156494135,22.701911926269474],[77.02556610107428,22.699649810791072],[77.02659606933622,22.693679809570597],[77.03791809082048,22.675157546997298],[77.04049682617216,22.67975044250494],[77.04603576660185,22.684450149536303],[77.04889678955107,22.685621261596964],[77.05194091796903,22.685501098632926],[77.05693054199247,22.672250747680664],[77.05973052978538,22.669759750366268],[77.06254577636719,22.668149948120117],[77.07715606689464,22.663600921630916],[77.08077239990263,22.661281585693587],[77.08508300781256,22.656940460205192],[77.08537292480463,22.65236091613781],[77.08106231689459,22.64353179931652],[77.082015991211,22.636621475219954],[77.08162689208984,22.629060745239542],[77.08500671386736,22.626091003418196],[77.09449005126982,22.621772766113565],[77.10118103027372,22.612550735473633],[77.10441589355497,22.610071182250977],[77.10769653320307,22.608869552612532],[77.11096191406267,22.60548019409191],[77.11532592773432,22.60314941406267],[77.11907196044928,22.60285949707037],[77.11923217773443,22.594181060791072],[77.12439727783226,22.58217048645031],[77.12345123291021,22.57929039001465],[77.11691284179688,22.571258544921818],[77.11589050292963,22.567670822143782],[77.11682128906278,22.564348220825423],[77.11862182617188,22.562091827392805],[77.12034606933594,22.562749862670955],[77.11646270751947,22.55759239196783],[77.11234283447271,22.554241180419922],[77.08455657959013,22.52547264099138],[77.06741333007841,22.51527023315441],[77.0424880981447,22.506719589233512],[77.03330993652338,22.505161285400504],[77.02565002441435,22.50292015075695],[77.0076522827149,22.503021240234375],[76.99726104736322,22.501380920410213],[76.98767852783232,22.498359680176065],[76.97558593750006,22.496980667114258],[76.93766021728538,22.497789382934627],[76.93313598632841,22.496351242065657],[76.92610168457043,22.49627113342291],[76.91755676269548,22.49489974975603],[76.90445709228521,22.490919113159123],[76.89834594726568,22.489910125732365],[76.89409637451189,22.488359451293945],[76.87657165527344,22.478702545166016],[76.85225677490263,22.461179733276367],[76.8393783569336,22.456499099731445],[76.81770324707037,22.45121192932129],[76.80819702148466,22.44494056701683],[76.80661010742193,22.442600250244254],[76.79866790771513,22.439090728759822],[76.78704833984386,22.431909561157397],[76.78636169433594,22.423128128051758],[76.78881835937517,22.415279388427848],[76.78914642333996,22.40674972534174],[76.78219604492193,22.38857078552269],[76.77993774414068,22.379310607910213],[76.77961730957043,22.376529693603572],[76.78235626220703,22.36512947082514],[76.78076171875011,22.353389739990234],[76.76815032959013,22.324529647827205],[76.76187896728527,22.31922912597662],[76.7548828125,22.315780639648494],[76.75092315673834,22.31259918212902],[76.7415618896485,22.300359725952262],[76.73766326904291,22.299560546875227],[76.73574829101574,22.300579071044922],[76.73414611816429,22.30816078186035],[76.73118591308588,22.308940887451342],[76.72759246826189,22.308660507202376],[76.72511291503923,22.314950942993278],[76.72164154052729,22.316410064697266],[76.71817016601591,22.31591033935547],[76.71618652343756,22.316869735718],[76.71392822265648,22.31521987915039],[76.70952606201178,22.314239501953352],[76.69330596923834,22.305919647216797],[76.68971252441429,22.305070877075366],[76.68371582031267,22.305221557617358],[76.67855072021501,22.309030532837028],[76.66573333740263,22.324829101562443],[76.65795135498064,22.332740783691634],[76.65499114990257,22.33780097961437],[76.66121673584001,22.34177017211914],[76.66165161132818,22.34369087219244],[76.66062927246111,22.346517562866325],[76.66079711914057,22.349189758300895],[76.6634674072265,22.3523597717288],[76.66253662109392,22.35484123229986],[76.65515899658209,22.359041213989258],[76.65394592285173,22.361400604248047],[76.65271759033209,22.36847114562994],[76.65110778808611,22.369489669800032],[76.64366912841814,22.36812019348156],[76.64170074462919,22.36882972717308],[76.63479614257818,22.373159408569393],[76.62932586669916,22.377971649169922],[76.62274932861334,22.379571914672965],[76.62129974365246,22.381338119507063],[76.61561584472673,22.39949035644554],[76.60349273681663,22.41127967834467],[76.59475708007841,22.412839889526424],[76.58566284179705,22.41213989257824],[76.57955169677729,22.409440994262695],[76.57421875000017,22.409599304199446],[76.56939697265653,22.411170959472713],[76.5667266845706,22.410970687866325],[76.55790710449241,22.40660095214855],[76.55487823486334,22.40586853027355],[76.55062103271484,22.407030105590934],[76.54599761962908,22.410619735717717],[76.53608703613298,22.41380119323742],[76.52481079101557,22.416770935058537],[76.50850677490257,22.41829109191906],[76.5041198730471,22.417879104614315],[76.49410247802729,22.414899826050032],[76.47885894775408,22.408372879028434],[76.46376800537104,22.39863014221197],[76.44441986084007,22.388660430908374],[76.4432983398438,22.382560729980526],[76.43828582763678,22.373611450195426],[76.43791198730474,22.371049880981445],[76.44081115722662,22.362461090088175],[76.44753265380888,22.35308074951172],[76.44657135009794,22.350290298461914],[76.4296112060548,22.346509933471793],[76.42495727539068,22.34279060363781],[76.40708160400419,22.34346008300787],[76.40000152587896,22.34149169921875],[76.37777709960955,22.328510284424112],[76.36221313476585,22.323238372802905],[76.3423690795899,22.30826950073248],[76.32083892822271,22.3016109466555],[76.30101776123075,22.297941207885742],[76.28041076660162,22.297800064086857],[76.254692077637,22.29524040222168],[76.25186157226557,22.295721054077205],[76.24851226806646,22.29944038391119],[76.24304962158232,22.30253982543951],[76.24069976806646,22.307268142700252],[76.23549652099626,22.311349868774414],[76.23432922363298,22.316040039062614],[76.23190307617188,22.317848205566634],[76.22812652587913,22.318660736084155],[76.22267150878918,22.32125282287592],[76.21666717529303,22.326150894165096],[76.2121963500976,22.332620620727596],[76.21502685546903,22.335510253906193],[76.21676635742182,22.339141845703068],[76.21634674072294,22.343349456787166],[76.21353149414057,22.347501754760742],[76.20620727539068,22.35473823547369],[76.20510101318388,22.357112884521598],[76.20620727539068,22.35851097106962],[76.2125091552735,22.360702514648438],[76.21775817871111,22.35951042175293],[76.22152709960949,22.360111236572493],[76.22438812255871,22.36461067199707],[76.22502136230469,22.36821937561035],[76.22941589355469,22.372520446777287],[76.23208618164062,22.377439498901367],[76.23700714111345,22.392999649048022],[76.23684692382812,22.395732879638672],[76.22370147705078,22.41200065612793],[76.21407318115263,22.421361923217773],[76.20936584472673,22.422790527343807],[76.1986465454101,22.423030853271484],[76.18805694580084,22.429109573364485],[76.17845153808611,22.4315128326416],[76.170951843262,22.436429977416992],[76.16075897216797,22.440050125122355],[76.1562194824221,22.443742752075366],[76.14956665039068,22.44745063781744],[76.1340560913086,22.460018157958984],[76.13133239746111,22.461069107055607],[76.12449645996111,22.461540222168082],[76.12081146240246,22.4626407623291],[76.1148529052735,22.466239929199446],[76.11360931396501,22.47040176391613],[76.10418701171903,22.47384071350092],[76.10087585449224,22.479360580444563],[76.09426116943388,22.504129409790323],[76.09311676025419,22.519029617309684],[76.08576965332048,22.55058097839384],[76.09362030029297,22.558200836181584],[76.09925079345732,22.558240890502873],[76.10502624511736,22.56193923950201],[76.10540771484392,22.5629825592041],[76.10325622558622,22.565378189087028],[76.08847045898438,22.568040847778434],[76.0841827392581,22.569881439208984],[76.08016967773466,22.57259178161621],[76.07958984375028,22.574489593506087],[76.07533264160162,22.576690673828352],[76.07186889648438,22.581331253051815],[76.06310272216797,22.587560653686637],[76.06410217285179,22.589250564575195],[76.07356262207048,22.58675956726097],[76.0860214233399,22.58562850952177],[76.08838653564464,22.586830139160213],[76.08838653564464,22.590541839599666],[76.08413696289068,22.598541259765568],[76.08215332031267,22.603780746460075],[76.08220672607428,22.605989456177042],[76.08455657959013,22.605390548706225],[76.08744049072277,22.601560592651367],[76.09142303466825,22.60144805908203],[76.09346771240257,22.59591102600092],[76.0951004028322,22.595529556274357],[76.0990676879884,22.597629547119254],[76.100326538086,22.596670150757063],[76.10028076171875,22.59428977966303],[76.10140228271501,22.591920852661133],[76.10340118408209,22.590570449829045],[76.10604858398443,22.592359542846793],[76.10626983642584,22.594150543213118],[76.10888671875006,22.594959259033317],[76.11184692382824,22.59007072448742],[76.11215972900413,22.58648109436041],[76.11347961425787,22.584131240844727],[76.1154174804688,22.5864200592041],[76.11797332763666,22.586980819702205],[76.1165466308596,22.59165954589855],[76.11985778808605,22.595489501953068],[76.11795043945324,22.597841262817383],[76.1092529296875,22.60220909118675],[76.10856628417997,22.6033096313476],[76.1115493774414,22.60428047180187],[76.11474609375017,22.6040496826173],[76.11814117431652,22.60713005065918],[76.12407684326166,22.59909820556652],[76.125717163086,22.598091125488338],[76.12755584716797,22.598339080810774],[76.1278610229495,22.600200653076172],[76.12668609619169,22.604150772094897],[76.12757873535162,22.60542106628418],[76.13049316406256,22.602920532226506],[76.1327133178711,22.603530883789233],[76.13391113281273,22.604780197143498],[76.13581848144554,22.60434913635254],[76.13894653320307,22.594829559326172],[76.14173889160162,22.593242645263786],[76.14315795898455,22.593271255493335],[76.14314270019526,22.598079681396484],[76.1399993896485,22.60621833801264],[76.14633178710966,22.60736083984375],[76.14269256591803,22.612350463867415],[76.14843750000028,22.614709854126033],[76.15323638916027,22.611829757690543],[76.15551757812528,22.612039566040096],[76.15817260742216,22.610870361328182],[76.16401672363287,22.604120254516545],[76.16609954833984,22.606170654296818],[76.16580200195341,22.61249923706066],[76.1583099365235,22.618530273437784],[76.15759277343778,22.620780944824276],[76.16269683837896,22.621208190918082],[76.162162780762,22.624750137329272],[76.15824127197283,22.6268310546875],[76.15159606933594,22.62828063964855],[76.15075683593761,22.6350612640382],[76.1571273803711,22.633020401001033],[76.1583175659182,22.636398315429915],[76.16500854492193,22.632221221923828],[76.16822814941412,22.63128089904808],[76.17069244384771,22.63289070129406],[76.17201232910156,22.635650634765682],[76.17408752441423,22.636259078979435],[76.17749023437517,22.641010284424],[76.18192291259766,22.640968322754134],[76.18760681152361,22.643028259277344],[76.18901062011724,22.641139984130973],[76.18701934814447,22.63796997070324],[76.18595886230474,22.636800765991325],[76.17912292480474,22.633609771728743],[76.17220306396484,22.62553977966337],[76.17079162597668,22.62117004394537],[76.17134857177763,22.619039535522575],[76.17459106445341,22.617990493774528],[76.17720794677757,22.618381500244197],[76.18067169189482,22.620580673218058],[76.18186950683588,22.620370864868164],[76.1819915771485,22.616140365600643],[76.18495941162126,22.615142822265625],[76.18653869628912,22.61359977722168],[76.18785858154303,22.61054039001482],[76.18218231201178,22.607429504394588],[76.17900848388666,22.607099533081225],[76.17646026611334,22.60571098327648],[76.17695617675781,22.603981018066463],[76.17823028564464,22.603071212768498],[76.18733215332037,22.59974288940458],[76.1907577514649,22.602170944213867],[76.19243621826178,22.605171203613565],[76.19400787353521,22.62212944030773],[76.19847869873064,22.628299713134822],[76.20778656005871,22.626190185546818],[76.21227264404303,22.625959396362248],[76.21349334716825,22.62222099304222],[76.21665191650396,22.619190216064737],[76.22492218017607,22.619390487670955],[76.22899627685564,22.620370864868164],[76.23264312744158,22.623460769653548],[76.23423767089866,22.62713050842291],[76.23602294921886,22.637769699096793],[76.23889923095697,22.642349243164176],[76.24363708496122,22.64579010009777],[76.24389648437517,22.646839141845817],[76.23976898193382,22.64967918396019],[76.23867797851591,22.65326118469244],[76.22966003417991,22.65357971191412],[76.2264099121096,22.655670166015682],[76.22741699218778,22.658990859985465],[76.23036193847656,22.662517547607536],[76.23065185546903,22.66995048522955],[76.22813308587843,22.67525481622638],[76.2286611,22.675469]]],[[[76.7211359,22.8265978],[76.7213548,22.8266763],[76.72333215825377,22.825966818220536],[76.71920165226693,22.82590373408618],[76.7211359,22.8265978]]]]}},{"type":"Feature","properties":{"state":"Madhya Pradesh","state_slug":"madhya_pradesh","district":"Dhar","district_slug":"dhar","district_as_supplied":"Dhar","renamed_from_source":false,"layers":{"climate":true,"ndvi":true,"soil_moisture":true,"crop_des":true,"groundwater":true,"advisory":true},"climate_kind":"gee"},"geometry":{"type":"Polygon","coordinates":[[[74.7488434,22.5613177],[74.7523088,22.5600744],[74.7540088,22.5619519],[74.7605473,22.5650895],[74.76161076454824,22.5671900481609],[74.76399993896484,22.56810188293474],[74.767412281958,22.57091401916909],[74.771542,22.5701801],[74.77918243408214,22.575099945068416],[74.7830590805378,22.579936995653533],[74.7920364,22.5794019],[74.789642,22.5856527],[74.7914303,22.5878659],[74.7960637,22.5911024],[74.798286,22.5912348],[74.8029735,22.5886875],[74.8055147,22.5896549],[74.8054582,22.5924172],[74.8077893,22.5937553],[74.8099927,22.5978542],[74.8137611,22.5990179],[74.817956,22.6031175],[74.8174821,22.6078466],[74.8229979,22.6126856],[74.8276742,22.6137645],[74.8382463,22.612725],[74.8400979,22.613758],[74.8432044,22.6135084],[74.8460728,22.6155422],[74.856317,22.6132227],[74.8569861,22.6086951],[74.8527084,22.6028816],[74.8522272,22.5996254],[74.8543587,22.59798],[74.8530607,22.595828],[74.8551879,22.594149],[74.855718,22.5950968],[74.8564488,22.594366],[74.85552,22.5937909],[74.8558185,22.5927998],[74.8636111,22.586918],[74.8716539,22.5871626],[74.8739449,22.5820285],[74.8767637,22.5846584],[74.8796489,22.5844265],[74.8869125,22.58888],[74.8915839,22.5885046],[74.8931496,22.5902998],[74.8983804,22.5895285],[74.8992637,22.5885032],[74.9024343,22.588758],[74.9042646,22.5877369],[74.9080394,22.5880402],[74.9108588,22.5856111],[74.912558,22.5818032],[74.9171116,22.5801309],[74.924206,22.5803661],[74.9259312,22.5794036],[74.9283694,22.5794624],[74.9387838,22.5821299],[74.9457685,22.5822923],[74.9474852,22.5802998],[74.9498865,22.5792282],[74.9511239,22.5751185],[74.9565479,22.5755543],[74.9574852,22.5744664],[74.9617137,22.5736951],[74.9625971,22.5726699],[74.9657676,22.5729247],[74.972547,22.5703618],[74.9750063,22.5686181],[74.9787561,22.5699952],[74.9833694,22.5703659],[74.9892137,22.5686951],[74.9966219,22.5652102],[75.0006309,22.5612168],[75.0058242,22.5577953],[75.0087925,22.5576947],[75.008998,22.5622144],[75.0117646,22.563758],[75.0131232,22.5636489],[75.0137769,22.5657658],[75.0166551,22.5688329],[75.0216697,22.5706744],[75.0284115,22.5691427],[75.0364026,22.5658072],[75.0382145,22.5678751],[75.0438561,22.5674218],[75.0456496,22.5694664],[75.0491596,22.5677955],[75.0586595,22.5674376],[75.0604952,22.5690192],[75.060359,22.5713057],[75.0637769,22.5751945],[75.0656792,22.5760434],[75.0683185,22.5803618],[75.0735708,22.5811621],[75.0783185,22.5845285],[75.082305,22.5860412],[75.0867772,22.5913407],[75.0913021,22.5933598],[75.0921076,22.5974302],[75.0953502,22.6032115],[75.0979328,22.6049141],[75.1016718,22.6038169],[75.1025733,22.6017384],[75.104395,22.600225],[75.1074709,22.6005385],[75.1109485,22.5985468],[75.1133169,22.5987882],[75.1160616,22.5960583],[75.1182522,22.5962816],[75.1261994,22.5997585],[75.130811,22.5977922],[75.138275,22.5971173],[75.1408592,22.5952575],[75.1423883,22.5970985],[75.1454328,22.5959546],[75.1488607,22.5972426],[75.153832,22.5967359],[75.1558362,22.5978838],[75.159196,22.5969445],[75.1611094,22.5980403],[75.1664305,22.5965527],[75.1676211,22.5951195],[75.1762002,22.5909026],[75.1865033,22.5921901],[75.1893453,22.5956115],[75.1990064,22.5958649],[75.1999776,22.5936256],[75.210882,22.5920432],[75.2116443,22.5911256],[75.2155736,22.5902543],[75.2191502,22.5859485],[75.2217049,22.5862089],[75.2275546,22.584536],[75.2291828,22.582576],[75.231424,22.585274],[75.2369932,22.5831813],[75.2410097,22.5863601],[75.2447536,22.5862647],[75.2474776,22.5903693],[75.2517212,22.5911256],[75.2532339,22.5929464],[75.2585746,22.5945136],[75.2624778,22.5982796],[75.263338,22.6021583],[75.2673025,22.6038776],[75.26837,22.6063388],[75.2717212,22.6077922],[75.2767515,22.6117391],[75.2770994,22.6140808],[75.2898096,22.613776],[75.2967774,22.6110952],[75.3005742,22.6113216],[75.3049028,22.6003542],[75.3075395,22.6011407],[75.316732,22.6068203],[75.3191594,22.6036407],[75.3229328,22.6032475],[75.3225556,22.6004684],[75.3241594,22.5969741],[75.3292591,22.5953602],[75.3292902,22.5932758],[75.3319588,22.5851709],[75.333326,22.5836407],[75.3377832,22.5818161],[75.3444019,22.5835887],[75.3442571,22.5785533],[75.345826,22.5769741],[75.3488981,22.5760254],[75.3501308,22.5733397],[75.3550472,22.5687695],[75.3550021,22.5654061],[75.3583706,22.5653568],[75.3665654,22.558845],[75.3741478,22.5588358],[75.3751146,22.5547447],[75.3775977,22.5525263],[75.3775597,22.5497049],[75.3794566,22.5488046],[75.3833706,22.5444242],[75.386506,22.5446111],[75.3884198,22.5429011],[75.3945893,22.5260999],[75.3958891,22.5192266],[75.4012661,22.5199141],[75.4025893,22.5186431],[75.4026235,22.5166093],[75.4041116,22.5140023],[75.4108134,22.5157972],[75.4092838,22.5106326],[75.4118791,22.508935],[75.4126638,22.5005846],[75.4113608,22.4969534],[75.4143545,22.4969624],[75.4142902,22.4932759],[75.4153087,22.4902151],[75.4133907,22.4858884],[75.4166124,22.4794272],[75.4268368,22.4753542],[75.4283386,22.4770351],[75.4330095,22.4750924],[75.4350389,22.4719013],[75.4407583,22.4750093],[75.443062,22.4810019],[75.4520994,22.4793958],[75.457923,22.4804307],[75.4615757,22.480213],[75.4683346,22.4820232],[75.4722054,22.4817925],[75.4745758,22.4830805],[75.480257,22.4827419],[75.4897052,22.4837455],[75.4909675,22.4864958],[75.489527,22.4882233],[75.4916594,22.4961875],[75.4942088,22.4994774],[75.4941109,22.5011183],[75.4983273,22.5078569],[75.5018286,22.506882],[75.5054206,22.507096],[75.5081267,22.5113512],[75.5156437,22.5113257],[75.5179456,22.5163409],[75.5218,22.5153626],[75.5243075,22.5195645],[75.5261072,22.5194573],[75.5295144,22.5161875],[75.5325794,22.5196179],[75.5350373,22.5194714],[75.5366195,22.5212423],[75.5433728,22.5228074],[75.5480703,22.5273595],[75.5533401,22.5226508],[75.5534611,22.5200585],[75.5558246,22.5157095],[75.55689239501953,22.507839202880803],[75.5536727905274,22.500850677490234],[75.55438995361345,22.497631072998274],[75.55739593505854,22.494722366333235],[75.56391143798845,22.49076080322277],[75.56603240966797,22.48507118225109],[75.56505584716814,22.47425079345726],[75.57016754150402,22.46274948120123],[75.57182312011724,22.456140518188647],[75.56546783447266,22.446092605591048],[75.56452941894537,22.442779541015852],[75.56505584716814,22.43341064453125],[75.5624694824221,22.42574119567871],[75.55708312988281,22.420740127563533],[75.55293273925804,22.41911125183111],[75.54534912109403,22.413328170776367],[75.54593658447277,22.409299850463867],[75.54854583740257,22.408121109009016],[75.55040740966797,22.404851913452433],[75.55046844482428,22.400230407714844],[75.54573822021513,22.39651107788086],[75.54808044433611,22.39549827575695],[75.551811218262,22.395959854126033],[75.55310821533209,22.39402008056652],[75.55364990234375,22.389631271362248],[75.55311584472679,22.386499404907227],[75.55911254882807,22.37780952453636],[75.55697631835966,22.371990203857536],[75.55432891845714,22.36968994140642],[75.53855895996111,22.360771179199446],[75.53643798828142,22.36045074462902],[75.53697204589855,22.366699218750227],[75.53288269042974,22.3663005828858],[75.52540588378906,22.363149642944506],[75.52311706542969,22.36510086059576],[75.52314758300787,22.36775016784668],[75.52606964111357,22.374511718750227],[75.52555847167986,22.375770568847656],[75.51985168457048,22.377250671387003],[75.51168823242188,22.374111175537223],[75.50948333740263,22.37401962280296],[75.50553894042986,22.372051239013672],[75.50364685058611,22.365552902221793],[75.50894165039074,22.348859786987305],[75.50965881347685,22.345680236816406],[75.50895690917963,22.343059539794922],[75.49720001220709,22.33917999267578],[75.4919815063476,22.330600738525504],[75.49469757080078,22.328218460083235],[75.50517272949236,22.32831954956083],[75.50843811035156,22.324390411377124],[75.50846862792974,22.322589874267692],[75.51069641113298,22.31939125061035],[75.5104293823245,22.317592620849666],[75.51525878906267,22.312641143798885],[75.51632690429693,22.309410095215014],[75.51354980468767,22.301631927490348],[75.51496887207054,22.294080734252873],[75.51552581787115,22.284191131592024],[75.53058624267584,22.274080276489315],[75.53372192382841,22.26765060424816],[75.53382110595709,22.262620925903377],[75.53080749511741,22.254020690918082],[75.53012847900385,22.249620437622298],[75.53338623046892,22.24232101440441],[75.53584289550776,22.22877120971691],[75.5224990844726,22.208900451660327],[75.52059173583979,22.20141029357916],[75.5210189819336,22.19552040100126],[75.52014160156256,22.191061019897575],[75.51822662353521,22.188360214233512],[75.52009582519537,22.18070030212408],[75.51838684082037,22.17558097839367],[75.51066589355463,22.17152976989769],[75.5105590820313,22.164140701293945],[75.50495147705072,22.160400390625114],[75.47361755371122,22.155950546264933],[75.46185302734392,22.15570831298828],[75.45124053955084,22.15364074707054],[75.44093322753912,22.153289794921932],[75.40896606445341,22.141082763671932],[75.40428161621111,22.14032173156761],[75.400199890137,22.14001083374046],[75.39338684082048,22.140830993652344],[75.38549041748075,22.14381980895996],[75.37998962402372,22.144359588623047],[75.37651062011724,22.145690917969034],[75.3723068237307,22.144050598144702],[75.36667633056658,22.145460128784464],[75.3416290283206,22.14174079895048],[75.33309173583979,22.141260147094727],[75.3241958618164,22.139009475708235],[75.30766296386724,22.1302108764649],[75.29281616210966,22.127010345458984],[75.27069091796903,22.128349304199332],[75.25470733642572,22.12771987915039],[75.2457580566408,22.126510620117188],[75.23207092285156,22.123191833496378],[75.22210693359392,22.119779586792163],[75.20900726318365,22.113479614257926],[75.19995117187511,22.10723114013689],[75.19058227539091,22.105680465698242],[75.18073272705095,22.106359481811808],[75.15059661865251,22.105520248413313],[75.14391326904314,22.104749679565657],[75.13539886474615,22.101989746093807],[75.11113739013672,22.096500396728743],[75.09793853759783,22.097562789917106],[75.0662918090822,22.096500396728743],[75.05031585693365,22.092372894287223],[75.02670288085943,22.090349197387923],[75.01992034912126,22.089450836181868],[75.01851654052763,22.08821868896507],[75.00141143798822,22.088270187377873],[74.98365783691418,22.086610794067667],[74.96288299560541,22.086170196533203],[74.9516067504884,22.084890365600586],[74.93144226074236,22.08531951904297],[74.90661621093744,22.084600448608512],[74.8775024414063,22.077630996704215],[74.83212280273443,22.062280654907227],[74.81543731689447,22.06933975219721],[74.80226898193371,22.076400756836165],[74.79141235351557,22.080640792846623],[74.78056335449236,22.079269409179744],[74.76542663574247,22.074380874633846],[74.7367172241211,22.06249809265148],[74.7153930664063,22.0548095703125],[74.69407653808622,22.048521041870174],[74.68630981445307,22.04151916503912],[74.67855834960938,22.03590965271019],[74.6673202514649,22.035219192504883],[74.64131927490251,22.03807258605957],[74.60957336425787,22.026170730590934],[74.59018707275385,22.022680282592773],[74.57351684570318,22.02198982238764],[74.56382751464872,22.024110794067383],[74.55724334716797,22.027620315551985],[74.551811218262,22.031839370727596],[74.54326629638666,22.045192718506087],[74.53823089599615,22.050800323486612],[74.53009033203136,22.05150985717796],[74.52115631103533,22.048011779785213],[74.50608062744158,22.046449661254883],[74.4998626708985,22.05699157714855],[74.49598693847673,22.065420150757006],[74.4986801147461,22.072441101074332],[74.50372314453153,22.078760147094783],[74.5083465576173,22.082981109619368],[74.51300811767584,22.08929061889654],[74.51766204834013,22.091400146484546],[74.51725769042974,22.101930618286133],[74.50599670410162,22.10053062438965],[74.49710083007807,22.101930618286133],[74.48741149902361,22.097730636596737],[74.48118591308616,22.09633064270031],[74.47965240478521,22.099140167236328],[74.47926330566412,22.103351593017578],[74.47458648681652,22.109670639038256],[74.47457885742199,22.11248970031761],[74.47651672363298,22.114580154419173],[74.49552917480497,22.113870620727653],[74.53740692138672,22.116678237915266],[74.54207611084013,22.11948966979986],[74.5420532226563,22.122301101684684],[74.53781127929693,22.126510620117188],[74.53507995605486,22.127910614013672],[74.53275299072277,22.13072967529297],[74.53082275390653,22.138452529907283],[74.53040313720726,22.1447811126709],[74.5276870727539,22.14829063415533],[74.51917266845732,22.149690628051985],[74.50595855712896,22.156730651855526],[74.50206756591791,22.163049697876033],[74.49933624267607,22.169370651245288],[74.49933624267607,22.175689697265625],[74.50203704834013,22.181320190429744],[74.50630187988298,22.18552970886242],[74.51212310791044,22.183420181274414],[74.51251220703153,22.186929702758903],[74.50978851318365,22.191852569580078],[74.5183181762697,22.20238113403343],[74.52063751220709,22.208698272705135],[74.51946258544939,22.21361160278343],[74.51597595214855,22.217140197754134],[74.51596832275402,22.22136116027832],[74.51869201660173,22.2248592376709],[74.52565765380888,22.23047256469755],[74.52799987792963,22.236801147461165],[74.53070831298845,22.238901138305664],[74.53729248046903,22.237489700317667],[74.54428863525396,22.238901138305664],[74.54856872558622,22.23608970642084],[74.5501174926759,22.23047256469755],[74.5516662597658,22.22836112976097],[74.55206298828142,22.224840164184798],[74.55635070800787,22.220621109009016],[74.56178283691423,22.220621109009016],[74.5652694702149,22.224140167236385],[74.56566619873053,22.22906112670921],[74.56488800048834,22.235370635986555],[74.56331634521501,22.239591598510742],[74.56487274169922,22.244510650634993],[74.56836700439459,22.246610641479663],[74.57456970214861,22.24379920959484],[74.58194732666044,22.24238014221214],[74.59204101562528,22.2437801361084],[74.59552764892572,22.253610610961914],[74.60639953613276,22.256410598754826],[74.60835266113281,22.259929656982422],[74.60098266601568,22.26485061645502],[74.60058593750023,22.26765060424816],[74.604057312012,22.270458221435774],[74.64173889160156,22.272529602051065],[74.64951324462908,22.274620056152457],[74.65416717529303,22.279529571533146],[74.65728759765653,22.286550521850643],[74.66155242919939,22.290769577026424],[74.66467285156273,22.29779052734375],[74.6662216186524,22.306209564209098],[74.66078186035173,22.30763053894043],[74.65457153320335,22.305530548095703],[74.64485168457037,22.305540084838867],[74.6394119262697,22.310472488403548],[74.63552856445341,22.312580108642578],[74.63202667236334,22.322410583496094],[74.62815093994158,22.326641082763615],[74.6258087158206,22.331569671631144],[74.62464904785185,22.344900131225813],[74.62541198730497,22.34773063659668],[74.63321685791021,22.354030609130916],[74.63318634033209,22.35824012756359],[74.63474273681646,22.36455917358427],[74.6382293701173,22.367370605468693],[74.64447784423834,22.37018013000511],[74.65300750732428,22.372270584106673],[74.66195678710938,22.371561050415153],[74.6728286743164,22.368030548095646],[74.67788696289091,22.363098144531307],[74.68681335449224,22.36379051208519],[74.68953704833996,22.36730003356945],[74.6934432983399,22.367280960083008],[74.6953964233399,22.37009239196783],[74.69460296630865,22.37502098083519],[74.69538116455101,22.377832412719783],[74.69499969482445,22.381338119507063],[74.69577789306646,22.389070510864315],[74.69850158691418,22.398199081421012],[74.6926879882813,22.405229568481445],[74.69502258300787,22.40804100036644],[74.69345092773443,22.41576957702631],[74.70007324218767,22.42347908020031],[74.70511627197288,22.42629051208513],[74.71679687500028,22.42556953430187],[74.72029876709001,22.426961898803825],[74.72379302978521,22.431169509887695],[74.72574615478544,22.439592361450423],[74.72963714599626,22.44099998474121],[74.73432159423857,22.440280914306925],[74.74440765380882,22.436748504638672],[74.74870300292986,22.43674087524414],[74.74870300292986,22.440959930419922],[74.74559020996122,22.444480895996094],[74.74170684814459,22.446599960327205],[74.7401428222658,22.451520919800032],[74.73626708984386,22.455030441284293],[74.73120880126959,22.457860946655387],[74.72458648681646,22.459281921386832],[74.71563720703153,22.46561813354498],[74.71566009521513,22.470539093017805],[74.71486663818388,22.4733505249024],[74.70981597900408,22.47966957092291],[74.71021270751953,22.481790542602596],[74.71253967285162,22.484590530395508],[74.7117767333985,22.490219116210938],[74.7137069702149,22.49584007263212],[74.71604919433605,22.49934959411621],[74.7187805175783,22.50074005126953],[74.7222824096682,22.49933052062994],[74.72421264648466,22.50004005432129],[74.72734832763689,22.50213050842285],[74.72852325439453,22.505641937256087],[74.7250213623048,22.513380050659464],[74.72500610351591,22.517602920532454],[74.7199478149414,22.52885246276867],[74.71997070312506,22.533069610595703],[74.7300872802735,22.548509597778548],[74.73282623291044,22.55481910705572],[74.74613292352794,22.561156174512565],[74.7488434,22.5613177]]]}},{"type":"Feature","properties":{"state":"Madhya Pradesh","state_slug":"madhya_pradesh","district":"Dindori","district_slug":"dindori","district_as_supplied":"Dindori","renamed_from_source":false,"layers":{"climate":true,"ndvi":true,"soil_moisture":true,"crop_des":true,"groundwater":true,"advisory":true},"climate_kind":"gee"},"geometry":{"type":"Polygon","coordinates":[[[80.5459502,23.0438658],[80.5470309,23.046094],[80.55391,23.0477713],[80.5559966,23.0497765],[80.5559461,23.0547594],[80.5592973,23.053926],[80.5676445,23.053926],[80.5741622,23.054879],[80.5768209,23.0530764],[80.5797825,23.0531369],[80.5777487,23.0483906],[80.5836634,23.0455211],[80.5883818,23.0406098],[80.5949158,23.0418614],[80.5959803,23.0439277],[80.5959298,23.0463748],[80.5972213,23.0477192],[80.5992461,23.0456114],[80.6067723,23.0453391],[80.6176201,23.0484931],[80.6175289,23.0596804],[80.6218201,23.0630968],[80.6206956,23.0656048],[80.6222051,23.0689521],[80.6301136,23.0697431],[80.6343128,23.0714269],[80.6351404,23.0748196],[80.6376299,23.0772765],[80.6409803,23.0789024],[80.6409678,23.0822519],[80.6461561,23.0852501],[80.6491736,23.091107],[80.6441404,23.0945056],[80.6467965,23.1013455],[80.6459207,23.1010877],[80.6452505,23.1019891],[80.6408576,23.0986558],[80.6322239,23.0972503],[80.630825,23.0987061],[80.6283413,23.0986555],[80.624304,23.1018885],[80.6242802,23.1030439],[80.6265247,23.1064659],[80.6301128,23.1063927],[80.6316956,23.1110183],[80.6298959,23.1164824],[80.6341964,23.1163943],[80.6383777,23.1197561],[80.6450444,23.1222577],[80.6475818,23.1223098],[80.6498719,23.1211298],[80.6512366,23.130906],[80.6532345,23.132825],[80.648336,23.137587],[80.6505278,23.1387804],[80.6641907,23.1396772],[80.6675232,23.1419363],[80.6759632,23.1380935],[80.6826461,23.1372765],[80.6839564,23.1345763],[80.6892664,23.1373115],[80.698333,23.1371267],[80.7018551,23.1423229],[80.7034632,23.1472765],[80.7077055,23.1535354],[80.7075827,23.1595641],[80.7099978,23.1670064],[80.7130465,23.1643264],[80.7190158,23.1663699],[80.7242908,23.1664098],[80.7285755,23.1689244],[80.7325818,23.1730943],[80.7356556,23.1740921],[80.7367965,23.1764431],[80.7455221,23.1853209],[80.7568128,23.1831098],[80.7576299,23.1814269],[80.759797,23.1803754],[80.7613123,23.1741612],[80.7633482,23.1731738],[80.7634038,23.1693598],[80.7709721,23.1655886],[80.7759795,23.1680935],[80.7829432,23.1751712],[80.7875184,23.1766555],[80.7884632,23.1872765],[80.790505,23.1882669],[80.7936113,23.1934158],[80.7992965,23.198878],[80.7973135,23.2015335],[80.7926121,23.203072],[80.792629,23.2073082],[80.7943527,23.2089643],[80.7910084,23.2157816],[80.7917965,23.2231098],[80.7941037,23.2242296],[80.7959632,23.2289431],[80.7976469,23.2297602],[80.7976136,23.2313927],[80.7992802,23.2331277],[80.8017623,23.2330772],[80.8042819,23.2354983],[80.8053707,23.2388528],[80.8100102,23.2364635],[80.812638,23.2364098],[80.8138595,23.2389269],[80.8185543,23.2380968],[80.8221839,23.2362267],[80.82704619867513,23.23911305016345],[80.82711791992193,23.2323894500733],[80.82913959009743,23.23196754881877],[80.8292363,23.2301687],[80.8352243,23.2272634],[80.8391793,23.2231464],[80.8433103759179,23.22343543325873],[80.84808678067819,23.222081939418533],[80.8513139,23.219477],[80.8626795,23.2210631],[80.8664344,23.2228844],[80.8684738,23.2298196],[80.8709966,23.2322431],[80.873936,23.2383035],[80.8818128,23.2414269],[80.8855009,23.2439269],[80.8876461,23.2422765],[80.8884876,23.2405423],[80.8956946,23.2405479],[80.8972433,23.2453201],[80.9001787,23.2473098],[80.9040613,23.2472309],[80.9112684,23.248638],[80.9130628,23.2523359],[80.9176299,23.2522431],[80.9159331,23.2591311],[80.9158436,23.2680927],[80.916803,23.2739822],[80.919268,23.2763504],[80.9222767,23.2814187],[80.9268771,23.2814252],[80.930846,23.2855569],[80.9351461,23.285644],[80.9392168,23.2814073],[80.9417518,23.2814594],[80.9448548,23.2791598],[80.9433218,23.2761842],[80.9451493,23.2731055],[80.9451128,23.2647936],[80.9543128,23.2614431],[80.957472,23.2581554],[80.9618345,23.2564348],[80.9599484,23.2519745],[80.9626941,23.2505602],[80.9691837,23.250693],[80.969304,23.2448183],[80.9683747,23.2395168],[80.965754,23.2344322],[80.9696017,23.2325654],[80.9713294,23.2290042],[80.9759795,23.2289439],[80.9810313,23.2230609],[80.9774949,23.2160946],[80.9750609,23.2137558],[80.9749746,23.2061983],[80.9801722,23.2030976],[80.9817965,23.1980935],[80.983314,23.1966352],[80.9834251,23.1912202],[80.9809577,23.1888499],[80.9791909,23.1854205],[80.9864887,23.1797301],[80.9833576,23.1736558],[80.978928,23.1707516],[80.9813601,23.1657037],[80.9827861,23.1571349],[80.9871276,23.1550283],[80.9833974,23.1522631],[80.9833266,23.1462999],[80.9847815,23.140268],[80.9894601,23.133957],[81.0009974,23.1347252],[81.0009152,23.1387576],[81.0018161,23.1422708],[81.0002256,23.1456837],[81.0059795,23.1547602],[81.0068966,23.1575849],[81.0134469,23.162025],[81.0184713,23.1603054],[81.023455,23.1614098],[81.0277072,23.1639562],[81.0309502,23.1671992],[81.0328211,23.1710566],[81.0371269,23.1681375],[81.0401054,23.1680764],[81.0454318,23.1702371],[81.0491834,23.1665099],[81.0551445,23.1642361],[81.0607101,23.1575689],[81.061743,23.1464491],[81.0562498,23.1428475],[81.0540542,23.1383224],[81.0486619,23.1350905],[81.0558503,23.1274664],[81.0567957,23.1164024],[81.0601461,23.1147765],[81.0616891,23.1100222],[81.0666712,23.1087454],[81.0692477,23.1114269],[81.0738384,23.1079365],[81.0759167,23.1048698],[81.0759469,23.0998106],[81.0798849,23.0957123],[81.0823445,23.0945186],[81.0794349,23.0876435],[81.0834485,23.0855756],[81.0858476,23.0856244],[81.0925167,23.0823891],[81.0925584,23.0803548],[81.0908763,23.0787391],[81.0907941,23.0746886],[81.0930262,23.0697765],[81.0984127,23.0709386],[81.1067469,23.077934],[81.1146489,23.0759093],[81.1169552,23.07831],[81.1219471,23.0749262],[81.1278691,23.0734825],[81.1316085,23.0710305],[81.1330465,23.0680675],[81.1392632,23.0681944],[81.1417965,23.0639269],[81.1448849,23.0619013],[81.1466157,23.0585421],[81.1448973,23.0523644],[81.1377228,23.0506155],[81.1358413,23.0478391],[81.1348094,23.0414994],[81.1325234,23.0403221],[81.1253319,23.0389754],[81.126721,23.0334681],[81.1265216,23.0237051],[81.1277999,23.0172228],[81.1358973,23.0131749],[81.1392749,23.0089901],[81.1402055,23.0034605],[81.142685,23.0022575],[81.1410535,22.9896935],[81.145929,22.9897927],[81.1476299,22.9872602],[81.1515654,22.9859827],[81.1496719,22.9805207],[81.1518047,22.978922],[81.1550582,22.9805984],[81.1609485,22.9815571],[81.1609453,22.986457],[81.1638546,22.9963829],[81.1729912,22.9965188],[81.1800314,22.9951443],[81.180929,22.9872936],[81.1858403,22.9856131],[81.19499578801363,22.98645767050238],[81.19467926025396,22.984239578247184],[81.18672943115246,22.96649932861328],[81.18139648437511,22.95197105407715],[81.18451690673828,22.942211151123047],[81.18547058105469,22.93650817871105],[81.18525695800781,22.92918968200695],[81.19174194335938,22.91438102722168],[81.19642639160168,22.910469055175838],[81.20398712158209,22.912639617919922],[81.21215057373047,22.913070678710938],[81.21914672851574,22.908300399780273],[81.22564697265636,22.905790328979492],[81.22879791259771,22.90254020690918],[81.24983978271496,22.899362564087028],[81.2556762695313,22.895011901855526],[81.26352691650396,22.886260986328182],[81.272689819336,22.879060745239315],[81.28446960449219,22.878311157226676],[81.29399108886719,22.879060745239315],[81.30927276611334,22.874469757080078],[81.3180770874024,22.861930847168082],[81.34078979492193,22.856018066406364],[81.3534393310548,22.84991073608404],[81.3720321655274,22.85564041137701],[81.39897155761724,22.851390838623047],[81.40242004394543,22.84544944763195],[81.41921997070324,22.837619781494084],[81.42556762695312,22.83144950866705],[81.43163299560558,22.821470260620117],[81.43087768554699,22.812540054321403],[81.43181610107433,22.80542945861822],[81.43817138671875,22.797410964965877],[81.44358062744146,22.795040130615348],[81.44026947021484,22.78947067260748],[81.44436645507818,22.77997970581066],[81.44951629638678,22.77301979064947],[81.45581054687506,22.770690917968807],[81.46147918701178,22.764829635620117],[81.4688186645509,22.759679794311523],[81.47598266601568,22.75918006896967],[81.48033142089844,22.760549545288143],[81.49677276611334,22.762292861938477],[81.50212860107428,22.76450157165533],[81.50791168212902,22.76090049743658],[81.51368713378906,22.760141372680607],[81.51522064208984,22.754770278930778],[81.52253723144537,22.750850677490234],[81.53866577148438,22.75451087951666],[81.5441360473634,22.759378433227482],[81.55140686035168,22.76068115234375],[81.56012725830084,22.756719589233455],[81.5754013061524,22.7558212280274],[81.5807571411134,22.75819969177246],[81.5897064208985,22.75806045532238],[81.59687805175781,22.761751174926815],[81.60388946533197,22.767400741577205],[81.62017059326178,22.774480819702262],[81.62523651123058,22.77964973449707],[81.63047027587896,22.782209396362305],[81.63861083984375,22.7841796875],[81.64782714843756,22.78543090820324],[81.65611267089855,22.78374099731451],[81.67785644531261,22.78191947937023],[81.68489837646496,22.779100418090877],[81.685546875,22.76358985900879],[81.68936920166016,22.7579803466798],[81.6918716430664,22.75230026245123],[81.69653320312511,22.746099472046012],[81.69596099853527,22.738559722900447],[81.69667816162115,22.734889984130916],[81.69313049316418,22.728410720825252],[81.69079589843756,22.72026824951172],[81.68699645996105,22.713439941406307],[81.69429016113276,22.705970764160156],[81.72348022460932,22.6975994110108],[81.73182678222668,22.68910026550293],[81.72294616699219,22.676210403442326],[81.71962738037121,22.67002105712902],[81.71800231933594,22.66373062133789],[81.71411132812511,22.655630111694393],[81.70701599121105,22.649641036987305],[81.6988677978515,22.64588165283203],[81.6919171,22.6484779],[81.6869529,22.6488767],[81.6827600543267,22.64792423491001],[81.67859649658214,22.648880004882926],[81.66316223144543,22.632720947265625],[81.65654754638672,22.63200187683117],[81.65479278564464,22.621589660644645],[81.64996469091673,22.62037975279609],[81.6461731,22.6210964],[81.6441778,22.6187301],[81.64394769162244,22.614869598103002],[81.64141047379366,22.606114129383005],[81.6406874,22.6057823],[81.64143605946825,22.60449503591305],[81.64163208007824,22.592090606689567],[81.64012145996088,22.586549758911246],[81.64326333959262,22.584231018259466],[81.643974,22.5819298],[81.64568374180948,22.581531974314398],[81.64942169189464,22.576080322265625],[81.64868927001964,22.56895065307623],[81.64393528818941,22.565052002821105],[81.6401311,22.5651306],[81.6388084,22.5666655],[81.6312532,22.5650279],[81.6256753,22.5652833],[81.6220457,22.567308],[81.6181404,22.5646481],[81.6091742,22.5645668],[81.6063472,22.5620409],[81.6031874,22.5575173],[81.603974,22.5535964],[81.6074662,22.5527838],[81.6098541,22.5503099],[81.6115234,22.5469742],[81.6116784,22.5392072],[81.6076751,22.5370318],[81.602202,22.5367056],[81.5967772,22.5401555],[81.5948924,22.5478074],[81.5856821,22.5448984],[81.5803856,22.5465339],[81.578797,22.5483126],[81.5702586,22.5528074],[81.56542110768652,22.550669523212605],[81.5630569458009,22.551008224487305],[81.55741882324224,22.546890258789062],[81.55731201171886,22.537590026855526],[81.5611736865957,22.53518253917078],[81.5580076,22.5362078],[81.55468991940457,22.531954345222747],[81.54840895027726,22.531373047687865],[81.5438662,22.53243],[81.5334373,22.5401517],[81.520873,22.5404039],[81.5190658569336,22.539981842041072],[81.51541900634766,22.53675079345703],[81.5146713256836,22.53403091430664],[81.51471710205084,22.528690338134766],[81.51322303313825,22.525882733636635],[81.5123186,22.5256405],[81.5094416,22.5285232],[81.5011448,22.5319741],[81.4957322,22.5310132],[81.495459,22.5264305],[81.49716761088179,22.522538006170574],[81.4932098388673,22.5196208953858],[81.49175262451172,22.517330169677848],[81.49011993408209,22.508430480957088],[81.48574829101568,22.503349304199332],[81.47985839843761,22.493310928344727],[81.47637176513678,22.492160797119254],[81.47374834410897,22.492909565204254],[81.4732998,22.4948843],[81.4646662,22.4977803],[81.4613556,22.4959334],[81.46047757998689,22.49427061206851],[81.45748602877688,22.492914338851538],[81.4525736,22.4977631],[81.44716247078021,22.495231223381765],[81.44624328613287,22.495861053466797],[81.4441798204865,22.495376917887633],[81.439883,22.4974138],[81.43961030036229,22.494304805407484],[81.43805694580084,22.49394035339367],[81.43908691406244,22.49102020263672],[81.4416200611549,22.489049872721058],[81.44266211285763,22.48593355209237],[81.440446330934,22.48355879544524],[81.4356406,22.4828099],[81.430987,22.4808743],[81.4261164,22.4821788],[81.4188067,22.4787033],[81.41943884950267,22.475146387761107],[81.41758728027344,22.473630905151424],[81.4178314208985,22.46515083312994],[81.42064666748047,22.459400177001896],[81.41893005371094,22.454219818115348],[81.41411590576172,22.448520660400334],[81.40926939078028,22.446533736632432],[81.4075352,22.4473311],[81.4056874,22.4452631],[81.39759637976557,22.44174815707331],[81.3967064,22.4436875],[81.3946393,22.4446362],[81.3935018,22.4462269],[81.395449,22.4502277],[81.3924925,22.4511407],[81.3911713,22.45262],[81.3887026,22.4594815],[81.3908462,22.4687941],[81.3926064,22.4703672],[81.3916559,22.4820192],[81.3936822,22.4829901],[81.3932941,22.4841746],[81.388367,22.4867274],[81.3850397,22.4925066],[81.3867829,22.5006663],[81.3840696,22.5071888],[81.3842088,22.5095142],[81.3827474,22.5132032],[81.3749949,22.5144714],[81.373286,22.5163838],[81.3616829,22.5162611],[81.3595311173567,22.514597701317882],[81.3568141,22.5153254],[81.3525397,22.5178542],[81.3424217,22.521233],[81.3399526,22.5210859],[81.3351764,22.525888],[81.3305882,22.5273048],[81.3243065,22.5269303],[81.3193969726563,22.519550323486385],[81.31481170654303,22.515911102294922],[81.31414794921886,22.499610900878906],[81.31591033935547,22.489709854125977],[81.30628090979289,22.483294846213422],[81.3022117,22.4892244],[81.2874998,22.4986482],[81.286498,22.5007713],[81.2817894,22.5044816],[81.2788293,22.5035892],[81.27620874690086,22.499343931493623],[81.27546691894531,22.4994411468507],[81.27146911621094,22.495849609375057],[81.26900250824434,22.49495700810765],[81.2634764,22.4973017],[81.25623321533203,22.488069534301815],[81.25551605224615,22.472482681274528],[81.24038696289062,22.459180831909237],[81.23310852050781,22.45513153076172],[81.22355651855463,22.45160865783697],[81.21839141845714,22.451650619506836],[81.20750821112433,22.454715569731903],[81.2066071,22.4626851],[81.1993903,22.4627564],[81.1974665,22.4636641],[81.1975389,22.4654798],[81.19498958098833,22.467434592163265],[81.19323730468744,22.47370910644537],[81.19264221191418,22.482479095458928],[81.18686676025396,22.48921012878418],[81.18004608154308,22.49015045166027],[81.17066192626959,22.488000869750977],[81.16407012939453,22.481910705566463],[81.15782165527344,22.4744815826416],[81.14807891845703,22.455850601196346],[81.13404083251959,22.45199966430664],[81.12275695800787,22.447620391845703],[81.10999298095709,22.441120147705078],[81.1049194335937,22.432790756225586],[81.10346984863287,22.422080993652457],[81.10465240478521,22.410802841186467],[81.1026611328125,22.391269683838004],[81.10093688964844,22.38323974609375],[81.10685729980469,22.362180709838867],[81.11054992675787,22.35300064086914],[81.11566162109375,22.344089508056697],[81.11282303875433,22.33671931051505],[81.1081006,22.3354521],[81.11045837402338,22.32149124145502],[81.11470031738281,22.312589645385742],[81.11501312255871,22.303239822387752],[81.11384582519543,22.29438018798828],[81.09681701660162,22.27746009826666],[81.09178161621094,22.267860412597656],[81.08467864990246,22.246749877929744],[81.07258605957037,22.241741180420036],[81.06923675537121,22.246259689331055],[81.06282043457031,22.246852874755916],[81.05452728271496,22.243871688842887],[81.04886627197266,22.244190216064567],[81.04043579101574,22.240570068359375],[81.03494262695312,22.2545108795166],[81.03160858154303,22.25695037841797],[81.02655029296875,22.259130477905387],[81.02368927001953,22.263011932373104],[81.02033233642584,22.270612716674748],[81.00377655029308,22.28220939636242],[80.99286651611334,22.288669586181754],[80.98406219482422,22.29059982299799],[80.98072052001964,22.289230346679688],[80.9708404541015,22.281230926513786],[80.96392059326183,22.28046035766613],[80.95574188232433,22.282270431518555],[80.94787597656256,22.279499053955192],[80.94158172607428,22.2835311889649],[80.93245697021496,22.286020278930664],[80.92906188964838,22.279592514038086],[80.92614746093761,22.27808952331543],[80.91934204101557,22.277439117431584],[80.90909576416016,22.278760910034293],[80.90722656250006,22.28153991699213],[80.90487670898438,22.288600921630916],[80.8985061645509,22.29183006286621],[80.89700317382824,22.295249938964957],[80.89800262451172,22.302871704101676],[80.90289306640636,22.307050704955998],[80.90402984619152,22.310501098632926],[80.90242767333984,22.314910888671818],[80.90251922607433,22.317739486694336],[80.90708160400402,22.32325172424322],[80.90907287597656,22.32867050170904],[80.91371154785162,22.328510284423942],[80.92170715332037,22.325920104980582],[80.92479705810553,22.327400207519588],[80.9220199584961,22.3311004638673],[80.91596221923828,22.336050033569336],[80.9073486328125,22.34012031555187],[80.8998260498048,22.34200096130371],[80.89704895019531,22.341859817504826],[80.89443206787115,22.34066963195812],[80.8895111083985,22.335750579834098],[80.88638305664062,22.333940505981502],[80.87523651123058,22.333272933960018],[80.87404632568365,22.334848403930664],[80.89636993408209,22.364616394043026],[80.90666961669928,22.391401290893555],[80.89636993408209,22.40788459777832],[80.8860702514649,22.420246124267692],[80.87371063232433,22.426427841186637],[80.86340332031261,22.4367294311524],[80.87165069580072,22.4490909576416],[80.8922500610351,22.469694137573356],[80.9396362304688,22.50266075134283],[80.96848297119146,22.5212020874024],[80.97286987304693,22.542039871215877],[80.96172332763672,22.543092727661133],[80.95867919921875,22.546752929687557],[80.95726013183605,22.55808258056652],[80.95588684082037,22.560060501098576],[80.95089721679693,22.55938148498541],[80.94171905517578,22.555229187011832],[80.9397964477539,22.55577087402355],[80.93519592285156,22.565391540527344],[80.9284057617188,22.573980331420955],[80.92794036865234,22.577470779418945],[80.92878723144537,22.58548927307129],[80.93070220947271,22.588979721069336],[80.93242645263678,22.589147567748967],[80.93482208251953,22.586469650268498],[80.93740844726574,22.585130691528377],[80.94536590576178,22.590869903564453],[80.95849609375,22.591171264648494],[80.9596786499024,22.59346008300787],[80.95289611816418,22.59614181518566],[80.95130920410162,22.598100662231502],[80.951187133789,22.60247993469244],[80.95546722412115,22.60732078552246],[80.96118927001959,22.61185073852539],[80.96656036376959,22.61283111572277],[80.97232055664074,22.611160278320312],[80.97566986083984,22.611892700195256],[80.97837066650396,22.614259719848633],[80.98181152343756,22.613981246948242],[80.98667144775385,22.615459442138672],[80.99292755126964,22.62034034729004],[80.99784851074224,22.62653160095209],[80.99944305419916,22.631620407104606],[80.99925231933588,22.637430191040096],[80.99691009521496,22.641281127929688],[80.98367309570312,22.645751953125057],[80.96492004394526,22.64544105529791],[80.95881652832026,22.647739410400447],[80.95771026611328,22.644277572631836],[80.9578323364259,22.637939453125057],[80.95513153076178,22.636940002441406],[80.95043182373041,22.63932037353527],[80.94888305664074,22.640960693359432],[80.94789123535168,22.654859542846737],[80.93828582763672,22.666999816894645],[80.9361572265625,22.67527961730957],[80.9331893920899,22.677270889282283],[80.92539215087902,22.677890777587947],[80.92199707031261,22.6790008544923],[80.91841125488281,22.680919647216854],[80.91750335693365,22.682210922241325],[80.92172241210943,22.70399284362793],[80.92133331298834,22.70708084106451],[80.9110794067384,22.709480285644588],[80.9104232788086,22.71239089965826],[80.912857055664,22.718631744384766],[80.92175292968756,22.731510162353572],[80.92534637451178,22.736400604248047],[80.93418121337902,22.74325942993164],[80.93389129638672,22.745519638061637],[80.92681121826172,22.749950408935547],[80.92088317871094,22.755018234252987],[80.91400909423828,22.755970001220817],[80.902359008789,22.7592391967774],[80.88887023925781,22.76090049743658],[80.87480926513678,22.75922012329113],[80.86342620849621,22.759330749511662],[80.8628616333009,22.76375007629406],[80.86480712890625,22.792770385742188],[80.86390686035162,22.80635070800787],[80.86200714111334,22.80735015869152],[80.85015869140625,22.808359146118278],[80.84733581542974,22.810241699218864],[80.85037994384771,22.82197952270502],[80.85753631591791,22.833950042724723],[80.86473846435558,22.849969863891545],[80.85015869140625,22.85252189636242],[80.8373184204101,22.852609634399528],[80.82762145996094,22.851030349731502],[80.82377624511713,22.845970153808594],[80.81899261474621,22.834381103515682],[80.79450988769537,22.82776069641119],[80.79051971435553,22.825950622558594],[80.78441619873053,22.819530487060547],[80.77813720703136,22.82174110412592],[80.7633209228515,22.814300537109375],[80.75908660888683,22.813829421997127],[80.7409057617188,22.816400527954045],[80.7246704101563,22.814140319824276],[80.72319793701178,22.82233047485363],[80.72299957275396,22.832761764526367],[80.72116851806635,22.83637046813965],[80.72299957275396,22.839252471923885],[80.730209350586,22.840852737426758],[80.73591613769531,22.845779418945312],[80.73126220703136,22.85203170776373],[80.72904205322266,22.857852935791016],[80.7264862060548,22.859380722046012],[80.71151733398443,22.86330986022955],[80.70858764648438,22.86124992370611],[80.70524597167974,22.85670089721674],[80.6980972290039,22.851730346679744],[80.68665313720703,22.85470008850109],[80.68363952636719,22.850200653076286],[80.67737579345709,22.85073280334467],[80.67629241943371,22.848949432373104],[80.6767807006836,22.840829849243164],[80.6756362915039,22.838520050048942],[80.66443634033209,22.837881088256836],[80.66316986083996,22.839050292968693],[80.65556335449219,22.841510772705135],[80.65119934082031,22.840631484985295],[80.64782714843756,22.83897972106945],[80.64568328857422,22.841199874877987],[80.6425170898438,22.84824180603033],[80.6393280029298,22.85128974914562],[80.63430786132818,22.853080749511776],[80.62149810791021,22.85558128356945],[80.59575653076178,22.859020233154297],[80.5843963623048,22.859180450439396],[80.57858276367193,22.862480163574332],[80.57785797119146,22.86445808410656],[80.57575225830084,22.865989685058594],[80.56826782226568,22.868667602539062],[80.56649780273438,22.87032127380371],[80.56537628173828,22.87709045410162],[80.5610122680664,22.87953376770014],[80.56671905517578,22.890001296997184],[80.5790786743164,22.922967910766715],[80.5790786743164,22.962112426757812],[80.56877899169922,22.990957260131893],[80.55229949951178,23.032165527343807],[80.54482593416722,23.042785130908204],[80.5459502,23.0438658]]]}},{"type":"Feature","properties":{"state":"Madhya Pradesh","state_slug":"madhya_pradesh","district":"East Nimar","district_slug":"east_nimar","district_as_supplied":"East Nimar","renamed_from_source":false,"layers":{"climate":true,"ndvi":true,"soil_moisture":true,"crop_des":true,"groundwater":true,"advisory":true},"climate_kind":"gee"},"geometry":{"type":"Polygon","coordinates":[[[77.1854528,21.9500998],[77.1852066,21.9476485],[77.1873961,21.9428592],[77.1872916,21.9358994],[77.1821971,21.930781],[77.1842632,21.9268002],[77.1711318,21.9270683],[77.1699474,21.9235163],[77.1631314,21.9156549],[77.1648899,21.910306],[77.1542841,21.90901],[77.1533206,21.9061391],[77.1500238,21.905322],[77.1473639,21.9071728],[77.1325881,21.9068713],[77.1308551,21.9086753],[77.1251451,21.9075059],[77.1210073,21.9053743],[77.1202066,21.9043152],[77.1205923,21.8980342],[77.1224262,21.894326],[77.129689,21.8880686],[77.1300055,21.8835707],[77.1217702,21.8836063],[77.1199286,21.8845552],[77.1165912,21.8844871],[77.1132896,21.8811228],[77.1108417,21.8811729],[77.1048114,21.8786088],[77.0937242,21.8776324],[77.0907917,21.8761218],[77.0887824,21.8719802],[77.0842707,21.8720721],[77.0791909,21.8761725],[77.075008,21.8769891],[77.0740115,21.8790429],[77.0684507,21.8761786],[77.065008,21.8753391],[77.0639875,21.8745876],[77.0656617,21.8705829],[77.0647452,21.8680588],[77.0659215,21.8659507],[77.0658591,21.8628914],[77.0648956,21.8576102],[77.0613285,21.8519792],[77.0560004,21.852088],[77.0541909,21.8511558],[77.0476966,21.8503755],[77.0408523,21.8561782],[77.0375393,21.8544714],[77.02935,21.8546386],[77.0258576,21.8570058],[77.0225295,21.8580859],[77.014536,21.8569177],[77.0122787,21.8519551],[77.0069344,21.8512152],[77.0049278,21.8529396],[76.9927765,21.8528849],[76.9848314,21.8515297],[76.983321,21.8469211],[76.981588,21.8452561],[76.9774469,21.8453408],[76.9706745,21.8430226],[76.9660704,21.8399017],[76.95104,21.8334819],[76.9481542,21.8299316],[76.9534244,21.8277639],[76.9526009,21.8211806],[76.9499604,21.8203237],[76.943334,21.8156736],[76.9434459,21.8101892],[76.9448208,21.8080962],[76.9456249,21.8045574],[76.9529869,21.7976377],[76.9557876,21.7921965],[76.9556595,21.7880286],[76.952508,21.7870058],[76.9490786,21.7843721],[76.9409219,21.7845385],[76.936584,21.7827792],[76.932508,21.7786725],[76.9315925,21.7751626],[76.9251516,21.7688434],[76.9171967,21.766877],[76.9110814,21.7597693],[76.9083572,21.7611729],[76.9050084,21.7611729],[76.9025242,21.7598606],[76.9067318,21.7529012],[76.9050027,21.7495393],[76.9058328,21.7392086],[76.8962576,21.7377984],[76.8959504,21.7372192],[76.8983594,21.7329013],[76.8979851,21.7313052],[76.889634,21.7285954],[76.8850328,21.7286893],[76.8825242,21.7269891],[76.8766164,21.7258357],[76.8766954,21.7297072],[76.8740932,21.7319891],[76.8707937,21.7302895],[76.8679165,21.7303481],[76.8666909,21.7278224],[76.8549604,21.7259721],[76.8542105,21.7242903],[76.8568499,21.7162757],[76.8541897,21.7137199],[76.8533373,21.7111425],[76.8489875,21.7079244],[76.8516954,21.7046992],[76.8516768,21.7037858],[76.8448647,21.7036185],[76.8432181,21.6926884],[76.8421527,21.6916648],[76.8391909,21.6936725],[76.8328791,21.6944891],[76.8308169,21.690238],[76.8146605,21.6895813],[76.8124913,21.6928898],[76.8059369,21.6928886],[76.8037661,21.6917702],[76.8016815,21.692844],[76.7991661,21.6911389],[76.7883897,21.6903896],[76.7836872,21.6879669],[76.775257,21.6908524],[76.7741909,21.6886558],[76.7692336,21.6844995],[76.7658413,21.6836725],[76.7627916,21.6816054],[76.7600706,21.677455],[76.759043,21.6710136],[76.7532571,21.6673959],[76.752976,21.6621166],[76.7442963,21.6591139],[76.7416909,21.6653391],[76.7382237,21.6661558],[76.7364802,21.6645947],[76.7383258,21.6602591],[76.7345283,21.655376],[76.7389802,21.648922],[76.7408258,21.6435924],[76.7380923,21.6406705],[76.7383164,21.6369088],[76.7374738,21.6352732],[76.7220575,21.6293282],[76.7125145,21.6295231],[76.7095401,21.6226722],[76.7097983,21.6183405],[76.7049575,21.613624],[76.7048885,21.6084926],[76.7007921,21.6043868],[76.7007201,21.599357],[76.6985302,21.5969838],[76.7033145,21.5881789],[76.7024477,21.5844518],[76.6984052,21.5811712],[76.6958413,21.5803391],[76.693039,21.5775488],[76.6906985,21.5787547],[76.6857912,21.5786544],[76.6841909,21.5769891],[76.6749575,21.5727879],[76.6747879,21.5693494],[76.67335832687698,21.56865594977588],[76.66295139516293,21.567356398569206],[76.6625242,21.5686729],[76.6548912,21.5687433],[76.6512535,21.57136],[76.6487661,21.575154],[76.6408568,21.5712048],[76.64016283606539,21.569774571820293],[76.62866210937506,21.569030761718977],[76.61586761474615,21.575929641723633],[76.59320068359398,21.571220397949332],[76.58113861083984,21.56791114807129],[76.5623321533206,21.56771087646507],[76.55121612548834,21.569250106811808],[76.5274200439456,21.56375122070324],[76.51077270507818,21.563560485839957],[76.50528717041021,21.565099716186523],[76.48369598388678,21.579561233520735],[76.46836853027361,21.582080841064453],[76.46049638510642,21.580561196020238],[76.4599152,21.5822593],[76.45762919967486,21.581476837340624],[76.45326232910168,21.583641052246037],[76.43814086914068,21.59699058532715],[76.43421173095697,21.59700965881359],[76.43253326416033,21.59108161926298],[76.42605590820312,21.586160659789982],[76.42324499456873,21.586648185926144],[76.4229328,21.5882475],[76.42141553772349,21.588781217606687],[76.41786193847656,21.600072860718],[76.4012527465822,21.598899841308537],[76.37523651123075,21.598350524902514],[76.37470015207023,21.593041944493983],[76.3730418,21.592664],[76.3685069,21.5877695],[76.3645396,21.588809],[76.3608494,21.5869732],[76.3576837,21.5886482],[76.3562796,21.5832588],[76.3574445,21.5771554],[76.36032826901173,21.577269724814435],[76.36038436915068,21.576672572688825],[76.3580194,21.5702231],[76.34827199612207,21.568647402017344],[76.33907768814849,21.56918752266885],[76.3383287,21.5723321],[76.3350002,21.5744816],[76.3341986,21.57618],[76.3293598,21.5793048],[76.3283401,21.5846458],[76.3227232,21.584423],[76.3179328,21.587311],[76.3149396,21.5852512],[76.304477,21.5844417],[76.3026582,21.579299],[76.3062853,21.5758157],[76.30595070011542,21.575416729470962],[76.29387664794922,21.57806968688965],[76.2916030883789,21.5812606811524],[76.29634857177751,21.594240188598633],[76.28958892822294,21.596099853515625],[76.2865524291995,21.586679458618278],[76.2823104858399,21.58497810363798],[76.26389312744158,21.58669090270996],[76.24758148193382,21.583709716797102],[76.23367309570318,21.57697105407715],[76.21282958984375,21.571100234985295],[76.21243286132812,21.560960769653434],[76.19793701171875,21.561901092529354],[76.19597625732416,21.550479888916072],[76.17737579345709,21.54323005676281],[76.16767120361351,21.547769546508903],[76.15659332275396,21.551111221313477],[76.1547927856447,21.554630279541243],[76.15178680419922,21.558000564575195],[76.1481094360351,21.565578460693644],[76.15016174316435,21.579589843750284],[76.13890075683622,21.59073066711437],[76.13125610351568,21.59103012084961],[76.12784576416044,21.59608078002941],[76.12590026855491,21.588840484619425],[76.09127807617205,21.574859619140568],[76.07878875732445,21.574558258056754],[76.08136749267595,21.611141204834098],[76.07364654541021,21.663759231567667],[76.10824584960932,21.691249847412223],[76.13416290283214,21.691560745239315],[76.14319610595703,21.681320190429858],[76.16195678710943,21.675428390503157],[76.174369812012,21.688739776611385],[76.17025756835955,21.70733070373535],[76.17060852050776,21.71813964843767],[76.16735076904308,21.724679946899414],[76.15444183349626,21.734428405761776],[76.14476776123053,21.734760284424112],[76.12947845458984,21.724870681762695],[76.11781311035173,21.723011016845703],[76.10787963867205,21.72954177856468],[76.1024703979495,21.740591049194506],[76.10798645019537,21.749540328979492],[76.12136840820341,21.7509708404541],[76.12621307373064,21.755582809448356],[76.12364959716825,21.76423072814947],[76.11686706542986,21.769229888916072],[76.0960159301759,21.771690368652457],[76.09639739990246,21.789850234985465],[76.10674285888689,21.7915096282959],[76.1109619140625,21.795442581176758],[76.10304260253935,21.850070953369368],[76.11390686035185,21.859279632568416],[76.1246490478515,21.855598449707145],[76.12722778320335,21.871940612793026],[76.14977264404325,21.886278152466048],[76.16024780273443,21.889129638671932],[76.1702270507812,21.888099670410156],[76.16356658935564,21.90557289123541],[76.15950775146513,21.928340911865348],[76.1512985229495,21.948289871215877],[76.15363311767572,21.96424102783226],[76.15949249267607,21.969589233398665],[76.14865875244152,21.972749710083292],[76.14575958251982,21.981729507446403],[76.15119934082048,21.988340377807617],[76.16044616699247,21.99580192565935],[76.1662673950197,22.003250122070256],[76.16847991943388,22.004432678222827],[76.16755676269526,22.006330490112532],[76.16739654541033,22.00980949401861],[76.17137145996088,22.015220642089957],[76.17144012451172,22.017360687256087],[76.16760253906267,22.021579742431697],[76.16358947753923,22.02343940734869],[76.15940093994158,22.026742935180778],[76.15960693359375,22.03149032592779],[76.16095733642584,22.03574943542486],[76.16519165039085,22.038770675659407],[76.16844940185553,22.045448303222656],[76.17196655273455,22.04676055908203],[76.18820190429705,22.044290542602653],[76.19568634033209,22.041101455688647],[76.19973754882841,22.04151916503912],[76.20717620849638,22.047840118408203],[76.20926666259771,22.05385017395014],[76.2097473144533,22.065919876098633],[76.2118072509765,22.068790435791016],[76.21481323242216,22.070289611816634],[76.22905731201178,22.073999404907283],[76.23300170898455,22.07598114013672],[76.23374938964838,22.077730178833008],[76.23297882080072,22.081367492675838],[76.23010253906261,22.085449218750114],[76.22570800781278,22.08942985534668],[76.22547912597662,22.09799957275402],[76.22746276855486,22.102750778198356],[76.21389007568371,22.10083961486839],[76.20858001709001,22.10139083862299],[76.20575714111328,22.105571746826286],[76.20249176025408,22.113069534301985],[76.19843292236357,22.118280410766886],[76.18786621093756,22.124090194702433],[76.18322753906267,22.124702453613395],[76.16452789306658,22.120229721069393],[76.15873718261747,22.116819381713924],[76.15423583984392,22.110130310058594],[76.15258789062506,22.103900909424],[76.14810180664057,22.103130340576342],[76.14245605468756,22.100250244140682],[76.14202880859392,22.098209381103516],[76.14399719238287,22.08978080749523],[76.14778137207031,22.08403968811035],[76.15400695800793,22.081951141357422],[76.15809631347662,22.081779479980582],[76.16478729248053,22.080150604248104],[76.16464996337919,22.076850891113395],[76.16324615478521,22.07294082641613],[76.1591873168947,22.06602096557623],[76.15599060058594,22.063180923462028],[76.1531677246096,22.060710906982536],[76.14743804931646,22.058990478515625],[76.1428985595706,22.059600830078352],[76.12976837158232,22.05841064453142],[76.11447906494169,22.05570983886713],[76.11309051513678,22.057300567627067],[76.10585021972662,22.056770324707088],[76.1067962646485,22.06537055969261],[76.10669708251964,22.078481674194393],[76.10446929931658,22.08743095397955],[76.10312652587908,22.08990097045927],[76.10369110107439,22.09311103820812],[76.10595703124994,22.094249725341854],[76.11163330078153,22.094520568847884],[76.12371063232439,22.096862792969034],[76.12436676025413,22.105400085449276],[76.13098144531267,22.106969833373967],[76.13934326171892,22.106689453125],[76.14272308349638,22.10768127441429],[76.14409637451166,22.108520507812614],[76.14539337158232,22.11264991760254],[76.14473724365234,22.119779586792163],[76.14218139648449,22.12523078918457],[76.13510131835966,22.13343048095726],[76.12718200683594,22.138799667358512],[76.12763214111334,22.14385986328142],[76.1307525634765,22.15574073791504],[76.12918853759794,22.15710258483898],[76.12470245361328,22.15645027160656],[76.1239929199221,22.157358169555778],[76.12619781494158,22.16749000549345],[76.1297988891601,22.17295074462902],[76.13286590576189,22.17450904846197],[76.13652801513672,22.174978256225643],[76.1405258178711,22.17765998840349],[76.14594268798834,22.178390502929688],[76.15022277832048,22.178052902221793],[76.15394592285162,22.178630828857365],[76.15561676025396,22.17981910705589],[76.16378784179705,22.193582534790096],[76.16300964355486,22.201749801635856],[76.1634368896485,22.207220077514705],[76.15880584716814,22.215259552001896],[76.15233612060564,22.2170028686524],[76.14685821533209,22.216861724853743],[76.13786315917969,22.21479034423828],[76.13035583496105,22.210960388183537],[76.12745666503935,22.21589088439947],[76.1076965332033,22.214519500732592],[76.10540008544939,22.20636177062994],[76.10132598876982,22.20333290100109],[76.10141754150408,22.19828987121582],[76.09829711914091,22.192480087280273],[76.09394073486322,22.189630508422965],[76.0899124145509,22.188810348510742],[76.08505249023443,22.19215011596691],[76.07744598388695,22.189289093017692],[76.07469177246111,22.193479537963924],[76.06875610351557,22.193729400634936],[76.05739593505865,22.191852569580078],[76.0525360107423,22.192808151245117],[76.0446472167971,22.1969585418704],[76.04104614257841,22.1968994140625],[76.0343780517581,22.199621200561808],[76.03188323974615,22.199470520019645],[76.02569580078142,22.20742034912132],[76.02355957031244,22.211561203003157],[76.0232009887697,22.2170028686524],[76.02958679199224,22.22327041625971],[76.03405761718767,22.225370407104776],[76.04528808593761,22.22777938842779],[76.05845642089838,22.227720260620117],[76.06352233886741,22.228849411010685],[76.07907104492205,22.235839843750227],[76.09857177734375,22.248880386352596],[76.10824584960932,22.254140853881893],[76.11604309082043,22.2571182250976],[76.1344223022461,22.261779785156477],[76.144760131836,22.261550903320312],[76.15432739257818,22.26019287109375],[76.16255950927763,22.2609100341798],[76.16636657714872,22.262601852416935],[76.18168640136736,22.274860382080305],[76.1856231689456,22.280429840088004],[76.1927566528322,22.297090530395508],[76.20127105712919,22.31427192688011],[76.20841979980486,22.327329635620117],[76.2121963500976,22.332620620727596],[76.21875000000006,22.324079513549805],[76.22267150878918,22.32125282287592],[76.22812652587913,22.318660736084155],[76.23190307617188,22.317848205566634],[76.23432922363298,22.316040039062614],[76.23549652099626,22.311349868774414],[76.24069976806646,22.307268142700252],[76.24304962158232,22.30253982543951],[76.24851226806646,22.29944038391119],[76.25186157226557,22.295721054077205],[76.26110839843756,22.29540061950695],[76.28041076660162,22.297800064086857],[76.30101776123075,22.297941207885742],[76.32083892822271,22.3016109466555],[76.3423690795899,22.30826950073248],[76.36221313476585,22.323238372802905],[76.37777709960955,22.328510284424112],[76.40000152587896,22.34149169921875],[76.40708160400419,22.34346008300787],[76.42495727539068,22.34279060363781],[76.4296112060548,22.346509933471793],[76.44657135009794,22.350290298461914],[76.44753265380888,22.35308074951172],[76.44081115722662,22.362461090088175],[76.43791198730474,22.371049880981445],[76.43828582763678,22.373611450195426],[76.4432983398438,22.382560729980526],[76.44441986084007,22.388660430908374],[76.46376800537104,22.39863014221197],[76.47885894775408,22.408372879028434],[76.49179840087902,22.414051055908203],[76.5041198730471,22.417879104614315],[76.50850677490257,22.41829109191906],[76.51959991455107,22.417459487915266],[76.52481079101557,22.416770935058537],[76.54344940185575,22.41168975830101],[76.55062103271484,22.407030105590934],[76.55487823486334,22.40586853027355],[76.55790710449241,22.40660095214855],[76.5667266845706,22.410970687866325],[76.56939697265653,22.411170959472713],[76.57421875000017,22.409599304199446],[76.57955169677729,22.409440994262695],[76.58566284179705,22.41213989257824],[76.59475708007841,22.412839889526424],[76.60085296630888,22.411930084228686],[76.60349273681663,22.41127967834467],[76.61561584472673,22.39949035644554],[76.62129974365246,22.381338119507063],[76.62274932861334,22.379571914672965],[76.62932586669916,22.377971649169922],[76.63479614257818,22.373159408569393],[76.64170074462919,22.36882972717308],[76.64366912841814,22.36812019348156],[76.65110778808611,22.369489669800032],[76.65271759033209,22.36847114562994],[76.65394592285173,22.361400604248047],[76.65515899658209,22.359041213989258],[76.66253662109392,22.35484123229986],[76.6634674072265,22.3523597717288],[76.66079711914057,22.349189758300895],[76.66062927246111,22.346517562866325],[76.66165161132818,22.34369087219244],[76.66121673584001,22.34177017211914],[76.65499114990257,22.33780097961437],[76.65795135498064,22.332740783691634],[76.66573333740263,22.324829101562443],[76.67716979980497,22.310310363769645],[76.68371582031267,22.305221557617358],[76.68971252441429,22.305070877075366],[76.69330596923834,22.305919647216797],[76.70952606201178,22.314239501953352],[76.71392822265648,22.31521987915039],[76.71618652343756,22.316869735718],[76.71817016601591,22.31591033935547],[76.72164154052729,22.316410064697266],[76.72511291503923,22.314950942993278],[76.72759246826189,22.308660507202376],[76.73118591308588,22.308940887451342],[76.73414611816429,22.30816078186035],[76.73574829101574,22.300579071044922],[76.73766326904291,22.299560546875227],[76.7415618896485,22.300359725952262],[76.75092315673834,22.31259918212902],[76.7548828125,22.315780639648494],[76.76187896728527,22.31922912597662],[76.76815032959013,22.324529647827205],[76.77973937988304,22.35053062438959],[76.78105163574224,22.349340438842887],[76.79042053222679,22.34596824645996],[76.79831695556635,22.338470458984602],[76.80847167968767,22.343748092651595],[76.81346893310553,22.34416007995611],[76.81565093994169,22.342679977417276],[76.817398071289,22.338350296020565],[76.8205184936524,22.33849906921398],[76.82170867919928,22.332469940185604],[76.82131195068382,22.321229934692496],[76.8277587890625,22.322799682617188],[76.83149719238293,22.3246307373048],[76.84498596191412,22.33553123474121],[76.84815979003906,22.336322784423942],[76.85060882568376,22.335819244384766],[76.85330963134766,22.333131790161133],[76.85855102539091,22.331390380859602],[76.86611175537115,22.327289581299055],[76.86714935302763,22.317279815673942],[76.86971282958984,22.31463050842285],[76.88006591796898,22.311960220336914],[76.89203643798828,22.302461624145735],[76.89171600341803,22.29985046386713],[76.88680267333996,22.298980712890852],[76.8844604492188,22.297622680664062],[76.88330078125023,22.29182243347185],[76.87268066406278,22.290821075439624],[76.87198638916033,22.289079666137695],[76.87287139892607,22.283279418945483],[76.87020111084013,22.27767944335966],[76.86196899414091,22.269809722900334],[76.85589599609403,22.267370223998967],[76.85630035400385,22.263828277587947],[76.85154724121111,22.262569427490234],[76.85060882568376,22.263780593872127],[76.84858703613304,22.26363945007347],[76.84187316894531,22.26095008850126],[76.8417358398438,22.25904083251953],[76.84526062011736,22.257680892944506],[76.84774017334001,22.258811950683707],[76.85263061523466,22.258291244507063],[76.85360717773466,22.255861282348803],[76.8523788452149,22.25295066833519],[76.8447875976563,22.246999740600756],[76.84500122070341,22.241020202636776],[76.84681701660156,22.236000061035156],[76.84612274169928,22.232387542724894],[76.83925628662115,22.22095108032238],[76.83760833740229,22.2035808563233],[76.83602905273466,22.200380325317383],[76.84024047851591,22.185920715332145],[76.84410095214838,22.18580055236845],[76.84484863281261,22.179761886596737],[76.84403991699247,22.17548179626465],[76.84268188476585,22.173482894897575],[76.83493804931635,22.167938232422102],[76.82563018798845,22.164470672607536],[76.82607269287115,22.161340713501033],[76.83123016357445,22.149969100952376],[76.83416748046886,22.13748168945324],[76.83625793457043,22.13466072082531],[76.84644317626953,22.13529014587425],[76.85517120361345,22.131679534912394],[76.85797882080107,22.132471084594727],[76.86168670654314,22.13825035095209],[76.86482238769537,22.139789581298828],[76.86625671386736,22.13825035095209],[76.86450195312494,22.132312774658374],[76.86474609375,22.127670288085938],[76.8663177490235,22.12601089477539],[76.87026214599626,22.12413024902355],[76.87110137939476,22.12264060974138],[76.87077331542997,22.120899200439453],[76.86255645751982,22.119819641113452],[76.85832977294928,22.11819839477556],[76.85388946533203,22.11178016662609],[76.85204315185553,22.110710144043196],[76.85585021972662,22.10425186157221],[76.85655975341797,22.09811973571783],[76.8560180664063,22.095149993896484],[76.84554290771507,22.0894584655764],[76.84349822998075,22.068040847778548],[76.84294891357416,22.06576919555664],[76.84041595459013,22.06197166442871],[76.84465789794933,22.05988121032732],[76.85135650634783,22.051361083984375],[76.85360717773466,22.04627990722662],[76.85386657714861,22.038169860839844],[76.85547637939459,22.034891128540096],[76.86805725097662,22.03125953674322],[76.86963653564464,22.029302597046183],[76.8685379028322,22.024129867553825],[76.86946105957026,22.021640777588004],[76.87313842773438,22.020879745483455],[76.87561798095703,22.014410018921012],[76.88028717041044,22.00987052917492],[76.87999725341814,22.007209777832145],[76.87618255615251,22.002990722656307],[76.87812805175787,21.99442291259777],[76.8815002441408,21.989400863647518],[76.88360595703142,21.987699508667106],[76.88783264160156,21.986881256103572],[76.89066314697283,21.98744010925293],[76.90016174316418,21.991649627685604],[76.90231323242205,21.993669509887923],[76.90431976318388,21.99880981445324],[76.90429687500006,22.0029296875],[76.90693664550787,22.008951187133846],[76.90377807617199,22.012380599975586],[76.90306854248064,22.014760971069393],[76.90673828125006,22.014049530029297],[76.91474151611334,22.010711669921875],[76.9208068847658,22.009679794311637],[76.92511749267607,22.00737953186058],[76.92410278320318,22.002309799194336],[76.92959594726562,21.998109817505167],[76.93229675292974,21.993940353393782],[76.93506622314464,21.99386978149414],[76.93799591064453,21.99612045288086],[76.93833160400408,22.006521224975813],[76.94783782958996,22.010890960693416],[76.95276641845732,22.011728286743335],[76.96581268310564,22.00987052917492],[76.97384643554688,22.01016044616722],[76.97603607177763,22.009550094604492],[76.97809600830101,22.00867080688488],[76.97438812255876,22.00274085998535],[76.97509002685575,21.997219085693473],[76.9889526367188,21.987190246582315],[76.99759674072294,21.98422050476097],[77.01299285888678,21.9850692749024],[77.019340515137,21.9917507171632],[77.02197265625023,21.993810653686637],[77.02523803710966,21.994728088378906],[77.03205108642584,21.99393272399925],[77.04238128662132,21.99019241333002],[77.05240631103533,21.988149642944336],[77.06500244140642,21.98439979553234],[77.07448577880871,21.98463058471691],[77.09008026123053,21.98777008056669],[77.09913635253923,21.988660812378043],[77.10819244384771,21.98751068115257],[77.11241149902372,21.988061904907227],[77.12412261962908,21.992692947387923],[77.13379669189482,21.995550155639762],[77.14100646972662,21.989501953125114],[77.15128326416038,21.986812591552734],[77.1541595458985,21.983940124511832],[77.16213226318365,21.979230880737305],[77.16366577148443,21.97721290588379],[77.17009735107439,21.95804977417015],[77.17372131347673,21.95532035827648],[77.18232727050781,21.952062606811637],[77.1854528,21.9500998]]]}},{"type":"Feature","properties":{"state":"Madhya Pradesh","state_slug":"madhya_pradesh","district":"Harda","district_slug":"harda","district_as_supplied":"Harda","renamed_from_source":false,"layers":{"climate":true,"ndvi":true,"soil_moisture":true,"crop_des":true,"groundwater":true,"advisory":true},"climate_kind":"gee"},"geometry":{"type":"Polygon","coordinates":[[[77.3642436,21.9911059],[77.3620518,21.9910612],[77.3491319,21.9869954],[77.3457599,21.9845058],[77.3424604,21.9862054],[77.340008,21.9861554],[77.3377346,21.9906661],[77.3328791,21.9930859],[77.3265847,21.9917966],[77.3207583,21.9869057],[77.3148745,21.9870259],[77.3114097,21.9906321],[77.3091844,21.9894857],[77.3042385,21.9902895],[77.3008413,21.9919891],[77.2962803,21.9973024],[77.2950242,22.0011725],[77.2924327,22.0028717],[77.2873745,22.0027683],[77.2850202,22.0003182],[77.2806704,22.001807],[77.2775242,21.9953224],[77.2720661,21.9944798],[77.2706537,21.9915684],[77.2666588,21.988622],[77.2624225,21.9886537],[77.2552513,21.9857106],[77.2533576,21.9828224],[77.2458466,21.9820231],[77.2441055,21.9786061],[77.2391413,21.9786548],[77.2368309,21.973893],[77.2308327,21.9724308],[77.2251821,21.96952],[77.2197488,21.9684592],[77.2166799,21.9695097],[77.209977,21.9661605],[77.2080337,21.9621543],[77.205008,21.9611725],[77.201802,21.9578361],[77.1944216,21.9569342],[77.1933489,21.9536475],[77.1916909,21.9519891],[77.18545848207656,21.95010329992515],[77.18232727050781,21.952062606811637],[77.17372131347656,21.95532035827648],[77.17009735107422,21.95804977416998],[77.16366577148443,21.97721290588379],[77.16213226318365,21.979230880737305],[77.1541595458985,21.983940124511832],[77.15128326416021,21.986812591552734],[77.14100646972662,21.989501953125114],[77.13379669189464,21.995550155639762],[77.1241226196289,21.992692947387752],[77.11241149902355,21.988061904907227],[77.10819244384771,21.9875106811524],[77.09913635253906,21.988660812378043],[77.09008026123053,21.98777008056652],[77.07448577880871,21.98463058471691],[77.06500244140625,21.98439979553234],[77.05240631103516,21.988149642944336],[77.04238128662115,21.99019241333002],[77.03205108642584,21.99393272399908],[77.02523803710949,21.994728088378906],[77.02197265625006,21.993810653686637],[77.01934051513683,21.9917507171632],[77.01299285888678,21.9850692749024],[76.99759674072277,21.9842205047608],[76.9889526367188,21.987190246582145],[76.97509002685558,21.997219085693473],[76.9743881225586,22.00274085998535],[76.97809600830084,22.00867080688488],[76.97603607177746,22.009550094604492],[76.97384643554688,22.01016044616705],[76.96581268310547,22.00987052917492],[76.95276641845714,22.011728286743164],[76.94783782958996,22.010890960693416],[76.9383316040039,22.006521224975643],[76.93799591064453,21.99612045288086],[76.93506622314464,21.99386978149414],[76.93229675292974,21.99394035339361],[76.92959594726562,21.998109817504996],[76.92410278320318,22.002309799194336],[76.9251174926759,22.00737953186041],[76.92080688476562,22.009679794311637],[76.91474151611334,22.010711669921875],[76.90673828125006,22.014049530029297],[76.90306854248047,22.014760971069393],[76.90377807617199,22.012380599975586],[76.90693664550787,22.008951187133846],[76.90429687500006,22.0029296875],[76.90431976318371,21.99880981445324],[76.90231323242188,21.993669509887752],[76.90016174316418,21.991649627685604],[76.89066314697266,21.98744010925293],[76.88783264160156,21.986881256103572],[76.88360595703125,21.987699508667106],[76.88150024414062,21.989400863647518],[76.87812805175787,21.99442291259777],[76.87618255615234,22.002990722656307],[76.87999725341797,22.007209777832145],[76.88028717041027,22.00987052917492],[76.87561798095703,22.014410018921012],[76.87313842773438,22.020879745483455],[76.86946105957026,22.021640777588004],[76.86853790283203,22.024129867553825],[76.86963653564464,22.029302597046012],[76.86805725097662,22.03125953674322],[76.85547637939459,22.034891128540096],[76.85386657714844,22.038169860839844],[76.85360717773449,22.04627990722662],[76.85135650634766,22.051361083984375],[76.84465789794933,22.05988121032715],[76.84041595458996,22.06197166442871],[76.84294891357416,22.06576919555664],[76.84349822998058,22.068040847778377],[76.8455429077149,22.08945846557623],[76.8560180664063,22.095149993896484],[76.85655975341797,22.09811973571783],[76.85585021972662,22.10425186157221],[76.85204315185553,22.110710144043026],[76.85388946533203,22.11178016662609],[76.85832977294928,22.11819839477539],[76.86255645751964,22.11981964111328],[76.8707733154298,22.120899200439453],[76.87110137939459,22.12264060974121],[76.8702621459961,22.12413024902355],[76.8663177490235,22.12601089477539],[76.86474609375,22.127670288085938],[76.86450195312494,22.132312774658203],[76.86625671386719,22.13825035095209],[76.86482238769537,22.139789581298828],[76.86168670654297,22.13825035095209],[76.8579788208009,22.132471084594727],[76.85517120361328,22.131679534912223],[76.84644317626953,22.13529014587408],[76.83625793457043,22.13466072082531],[76.83416748046886,22.13748168945324],[76.83123016357428,22.149969100952205],[76.82607269287115,22.161340713501033],[76.82563018798828,22.164470672607536],[76.83493804931635,22.167938232421932],[76.84268188476568,22.173482894897575],[76.8440399169923,22.17548179626465],[76.84484863281261,22.179761886596737],[76.84410095214838,22.185800552368278],[76.84024047851574,22.185920715332145],[76.83602905273449,22.200380325317383],[76.83760833740229,22.2035808563233],[76.83925628662115,22.22095108032238],[76.84612274169928,22.232387542724723],[76.84681701660156,22.236000061035156],[76.84500122070324,22.241020202636776],[76.8447875976563,22.246999740600586],[76.8523788452149,22.252950668335018],[76.85360717773449,22.255861282348633],[76.85263061523449,22.258291244506893],[76.84774017333984,22.258811950683707],[76.84526062011719,22.257680892944336],[76.8417358398438,22.25904083251953],[76.84187316894531,22.26095008850109],[76.84858703613287,22.2636394500733],[76.8506088256836,22.263780593872127],[76.85154724121094,22.262569427490234],[76.85630035400385,22.263828277587947],[76.85589599609386,22.267370223998967],[76.86196899414074,22.269809722900334],[76.87020111083996,22.27767944335949],[76.8728713989259,22.283279418945312],[76.87198638916016,22.289079666137695],[76.87268066406261,22.290821075439453],[76.88330078125006,22.29182243347168],[76.8844604492188,22.297622680664062],[76.88680267333996,22.298980712890682],[76.89171600341803,22.29985046386713],[76.89203643798828,22.302461624145565],[76.8800659179688,22.311960220336914],[76.86971282958984,22.31463050842285],[76.86714935302746,22.317279815673942],[76.86611175537115,22.327289581298885],[76.85855102539074,22.331390380859432],[76.85330963134766,22.333131790161133],[76.8506088256836,22.335819244384766],[76.84815979003906,22.336322784423942],[76.84498596191412,22.33553123474121],[76.83149719238293,22.3246307373048],[76.8277587890625,22.322799682617188],[76.82131195068365,22.321229934692496],[76.82170867919928,22.332469940185604],[76.8205184936524,22.33849906921398],[76.817398071289,22.338350296020565],[76.81565093994152,22.342679977417106],[76.81346893310553,22.34416007995611],[76.8084716796875,22.343748092651424],[76.79831695556635,22.338470458984432],[76.79042053222662,22.34596824645996],[76.78105163574224,22.349340438842887],[76.77973937988287,22.35053062438959],[76.7809829711914,22.354089736938477],[76.78235626220703,22.36512947082514],[76.77961730957043,22.376529693603572],[76.77993774414068,22.379310607910213],[76.78219604492193,22.388570785522518],[76.78914642333996,22.40674972534174],[76.788818359375,22.415279388427848],[76.78636169433594,22.423128128051758],[76.78704833984386,22.431909561157227],[76.79866790771496,22.439090728759822],[76.80661010742193,22.442600250244254],[76.80819702148449,22.44494056701666],[76.81770324707037,22.45121192932129],[76.8393783569336,22.456499099731445],[76.85225677490246,22.461179733276367],[76.87657165527344,22.478702545166016],[76.89409637451172,22.488359451293945],[76.89834594726568,22.489910125732365],[76.90445709228521,22.490919113159123],[76.91755676269531,22.49489974975586],[76.92610168457043,22.49627113342291],[76.93313598632824,22.496351242065487],[76.93766021728521,22.497789382934627],[76.97558593750006,22.496980667114258],[76.98767852783214,22.498359680175895],[76.99726104736322,22.501380920410213],[77.0076522827149,22.503021240234375],[77.02565002441418,22.50292015075695],[77.03330993652338,22.505161285400504],[77.04248809814453,22.506719589233512],[77.06741333007824,22.51527023315441],[77.08455657958996,22.52547264099121],[77.11234283447271,22.554241180419922],[77.11646270751947,22.55759239196783],[77.12034606933594,22.562749862670955],[77.12085723876947,22.562290191650447],[77.12207794189459,22.563039779663086],[77.12940979003918,22.568929672241154],[77.14000701904303,22.579450607299805],[77.14911651611328,22.586299896240234],[77.15524291992188,22.587820053100586],[77.16143798828136,22.587961196899414],[77.16731262207037,22.587022781372127],[77.17632293701183,22.584602355957145],[77.19650268554693,22.57744026184082],[77.20213317871094,22.575040817260742],[77.20365142822266,22.571929931640682],[77.20343780517572,22.568559646606502],[77.20426940917969,22.566829681396484],[77.20862579345703,22.562259674072266],[77.21193695068365,22.560409545898438],[77.2296371459961,22.556390762329215],[77.23979949951178,22.55932998657238],[77.2453994750976,22.55997085571289],[77.2496566772461,22.558120727539062],[77.25347900390625,22.554250717163086],[77.2550659179688,22.5491619110108],[77.25724792480469,22.546670913696403],[77.26220703125,22.545291900634766],[77.26236724853527,22.541870117187614],[77.2588500976563,22.539039611816406],[77.24783325195324,22.535789489746037],[77.24246215820318,22.5321502685548],[77.24099731445324,22.529140472412166],[77.24220275878906,22.525379180908317],[77.24555969238293,22.523479461669865],[77.25460815429688,22.52386856079096],[77.25868225097662,22.518222808837947],[77.260498046875,22.513637542724666],[77.2628784179688,22.511089324951115],[77.2696533203125,22.508380889892692],[77.27400970458979,22.504390716552848],[77.27466583251959,22.499830245971793],[77.27234649658203,22.484380722046012],[77.27221679687506,22.4775009155274],[77.27536010742188,22.468299865722656],[77.27876281738293,22.463029861450195],[77.28254699707043,22.460018157958984],[77.28350067138683,22.455751419067383],[77.27937316894531,22.452568054199332],[77.27369689941406,22.450080871582088],[77.27208709716808,22.44660949707037],[77.27664184570324,22.442560195922795],[77.28800964355474,22.439439773559627],[77.2919692993164,22.440469741821232],[77.29448699951172,22.442449569702262],[77.29837799072277,22.443822860717773],[77.30045318603521,22.440240859985465],[77.29194641113276,22.422611236572266],[77.29215240478516,22.42006111145014],[77.29427337646484,22.417169570922965],[77.30149841308594,22.409660339355582],[77.30352020263683,22.405612945556584],[77.30609893798828,22.395879745483512],[77.30824279785162,22.392990112304688],[77.3089370727539,22.390270233154354],[77.30824279785162,22.382930755615234],[77.310302734375,22.3806095123291],[77.30663299560541,22.372400283813477],[77.30636596679693,22.365751266479606],[77.3051528930664,22.361360549926758],[77.30703735351562,22.3571395874024],[77.31102752685547,22.353540420532227],[77.31284332275396,22.348859786987305],[77.31440734863293,22.347312927246207],[77.31910705566412,22.34776115417486],[77.3222122192384,22.346549987793082],[77.32557678222656,22.34060287475586],[77.33354187011719,22.33504104614252],[77.33660888671875,22.331970214843807],[77.33928680419922,22.32561111450201],[77.34529113769543,22.324390411376953],[77.34815979003918,22.32277107238781],[77.35029602050793,22.317390441894474],[77.34477996826166,22.308031082153377],[77.34398651123058,22.305019378662166],[77.34564971923834,22.296800613403434],[77.34671020507812,22.29536056518549],[77.35737609863281,22.292289733886776],[77.3595581054688,22.288991928100586],[77.35292053222668,22.27181053161621],[77.35153961181646,22.253549575805607],[77.35292816162121,22.2520694732666],[77.3537826538086,22.23752021789545],[77.3560562133789,22.228441238403377],[77.359130859375,22.221149444580192],[77.37185668945307,22.22109031677246],[77.37690734863287,22.217849731445312],[77.38677978515625,22.209049224853572],[77.39286041259766,22.20662117004389],[77.39649200439453,22.199840545654297],[77.4009628295899,22.196670532226562],[77.40455627441412,22.19156837463379],[77.4126663208009,22.177692413330078],[77.41664886474621,22.17589187622076],[77.43437957763683,22.176639556884822],[77.43686676025402,22.175769805908146],[77.44905090332043,22.176610946655273],[77.4558715820313,22.174640655517578],[77.46292114257818,22.169998168945312],[77.46357727050793,22.16405105590826],[77.4602279663086,22.154680252075252],[77.45654296874994,22.1365203857423],[77.46389770507818,22.12408256530773],[77.4628677368164,22.119421005249023],[77.45511627197271,22.1110782623291],[77.45401763916027,22.107789993286246],[77.4545516967774,22.099002838134822],[77.45381164550787,22.096511840820426],[77.45123291015625,22.093679428100586],[77.45108795166021,22.08813095092779],[77.45314025878906,22.084659576416016],[77.45511627197271,22.084369659423942],[77.46071624755871,22.08708000183117],[77.46553802490234,22.087141036987305],[77.47146606445312,22.086139678955078],[77.47743225097662,22.082380294799805],[77.48219299316412,22.08103942871105],[77.496597290039,22.08084106445324],[77.4992065429688,22.07923126220703],[77.49407196044933,22.06419181823742],[77.49513244628906,22.060951232910213],[77.49828338623058,22.058130264282283],[77.49500274658209,22.04535102844244],[77.49569702148438,22.041019439697322],[77.49472045898438,22.036159515380803],[77.48398590087902,22.03300094604498],[77.45301055908209,22.02725982666027],[77.43901062011719,22.026689529419002],[77.43183135986334,22.02766990661621],[77.41774749755865,22.026020050048942],[77.40367126464855,22.027540206909237],[77.39820861816406,22.028930664062557],[77.39359283447277,22.027660369873104],[77.38952636718756,22.02511978149414],[77.38694763183594,22.022350311279354],[77.38610076904303,22.018592834472713],[77.3874130249024,22.0111923217774],[77.3934326171875,22.00270271301281],[77.39150238037104,21.999309539795036],[77.38256072998047,21.99821281433117],[77.37687683105469,21.994819641113395],[77.36950683593756,21.994211196899414],[77.36663578306312,21.991154679414848],[77.3642436,21.9911059]]]}},{"type":"Feature","properties":{"state":"Madhya Pradesh","state_slug":"madhya_pradesh","district":"Narmadapuram","district_slug":"narmadapuram","district_as_supplied":"Hoshangabad","renamed_from_source":true,"layers":{"climate":true,"ndvi":true,"soil_moisture":true,"crop_des":true,"groundwater":true,"advisory":true},"climate_kind":"gee"},"geometry":{"type":"Polygon","coordinates":[[[78.44313812255882,22.977880477905273],[78.4457092285158,22.980720520019645],[78.45672607421903,22.987840652466105],[78.46392059326195,22.98744010925293],[78.46737670898443,22.985799789428768],[78.46820831298822,22.98406982421875],[78.46772003173834,22.981502532958984],[78.45906829834001,22.977411270141772],[78.45691680908232,22.974311828613452],[78.45794677734392,22.96681022644043],[78.4602127075197,22.96389007568382],[78.46324157714838,22.961629867553825],[78.46615600585938,22.961181640625],[78.47151184082031,22.962560653686808],[78.47602844238276,22.966400146484432],[78.48088073730474,22.969060897827262],[78.48568725585943,22.9694118499757],[78.49195861816429,22.9677104949954],[78.49748992919945,22.961811065673828],[78.49888610839872,22.95889854431158],[78.50522613525408,22.957759857177848],[78.5092010498048,22.957660675048828],[78.51396942138683,22.958669662475813],[78.52844238281278,22.964410781860295],[78.53266906738276,22.964099884033203],[78.54963684082043,22.96016120910656],[78.56334686279325,22.960580825805778],[78.56619262695341,22.958740234375227],[78.56561279296903,22.949792861938477],[78.56770324707037,22.94511032104498],[78.57621002197266,22.939199447631836],[78.57686614990263,22.933740615844897],[78.57585906982428,22.926769256592024],[78.57711029052729,22.92300987243675],[78.58023834228521,22.91926193237299],[78.58262634277355,22.913419723510913],[78.58255767822288,22.90360069274908],[78.57824707031261,22.897470474243107],[78.57563018798845,22.895128250122184],[78.57462310791027,22.89179992675787],[78.575736999512,22.885080337524414],[78.57948303222662,22.88150978088379],[78.58171081542986,22.88072013854992],[78.58863830566412,22.88227844238287],[78.58830261230474,22.879320144653434],[78.58696746826178,22.87709808349632],[78.58429718017584,22.874929428100586],[78.58110809326183,22.873750686645565],[78.57334136962908,22.87468910217291],[78.57021331787138,22.874059677124308],[78.56887817382841,22.872480392456282],[78.56944274902372,22.86993980407732],[78.57227325439459,22.8649711608889],[78.57699584960943,22.86182022094738],[78.5823669433596,22.859239578247127],[78.59050750732439,22.857219696045036],[78.59387969970714,22.853651046753214],[78.5946502685548,22.8504695892334],[78.59596252441435,22.83584022521984],[78.59488677978533,22.833391189575195],[78.58339691162121,22.82650947570795],[78.583023071289,22.82272911071783],[78.58464813232428,22.818809509277457],[78.58954620361345,22.81633949279791],[78.59297180175798,22.815731048583984],[78.59893035888678,22.81623840332054],[78.61167907714861,22.820869445800838],[78.61573791503912,22.82072830200218],[78.61474609375,22.815551757812784],[78.61286926269537,22.812639236450195],[78.60777282714872,22.807720184326172],[78.6083526611331,22.803550720214957],[78.61052703857439,22.80048942565918],[78.61382293701178,22.79940986633312],[78.61908721923845,22.79927062988304],[78.62988281250006,22.802089691162223],[78.63217163085943,22.800529479980412],[78.6294860839846,22.79656982421875],[78.62602996826178,22.7935218811038],[78.62535858154308,22.772310256958292],[78.62552642822294,22.768949508667106],[78.62737274169928,22.762870788574276],[78.63051605224604,22.76137924194336],[78.63468933105497,22.761941909790266],[78.6380462646485,22.76358985900879],[78.64037322998053,22.766628265381144],[78.64173889160185,22.770242691039982],[78.64198303222673,22.78330993652355],[78.64424896240229,22.783840179443303],[78.64701843261724,22.781770706176985],[78.64955902099638,22.77552986145031],[78.65458679199236,22.76992034912115],[78.65869903564482,22.77041816711437],[78.66271972656278,22.773120880127237],[78.6675796508789,22.778440475464095],[78.66998291015636,22.779851913452262],[78.6780166625976,22.780950546264705],[78.68250274658226,22.77971267700218],[78.68444061279325,22.777811050415096],[78.6885833740235,22.77301979064947],[78.69158172607439,22.766710281372298],[78.69040679931635,22.76126289367687],[78.68859863281256,22.757169723510856],[78.67310333251953,22.73457908630394],[78.6711730957033,22.728759765625114],[78.6722106933596,22.722660064697266],[78.67917633056658,22.71669006347679],[78.68739318847673,22.713661193847713],[78.68802642822271,22.71053123474144],[78.68644714355486,22.708839416503906],[78.67434692382841,22.7021999359132],[78.6679077148437,22.701580047607536],[78.6643676757813,22.699399948120117],[78.6637115478515,22.697469711303825],[78.65923309326195,22.693149566650447],[78.63182067871122,22.68638038635254],[78.62216186523455,22.680740356445256],[78.61752319335966,22.67482948303234],[78.61215209960966,22.658290863037394],[78.6093063354495,22.65479087829607],[78.60578155517578,22.653142929077205],[78.60105895996116,22.652931213379077],[78.5965728759765,22.65381813049322],[78.58361053466814,22.662139892578352],[78.5783309936524,22.664190292358626],[78.56453704834001,22.663560867309627],[78.5575180053711,22.661460876464957],[78.55290985107439,22.661430358886832],[78.54647827148443,22.66271018981945],[78.53862762451189,22.660728454589844],[78.53292083740234,22.662839889526595],[78.5274276733399,22.666620254516715],[78.52169799804693,22.66802978515625],[78.5175399780274,22.66706085205078],[78.51573181152361,22.663270950317553],[78.5073318481447,22.659429550171126],[78.50048065185564,22.652750015258732],[78.4983901977539,22.64588165283203],[78.49537658691412,22.640159606933594],[78.49444580078148,22.637130737304688],[78.4956665039062,22.632720947265625],[78.49748992919945,22.61594963073736],[78.49526214599638,22.606410980224894],[78.49494171142595,22.598632812500227],[78.49569702148455,22.59550094604498],[78.50316619873047,22.58459091186546],[78.50936126709013,22.57795906066906],[78.51478576660173,22.57439994812023],[78.51708984375,22.57146072387701],[78.519096374512,22.566240310669173],[78.52297210693376,22.560060501098576],[78.53520202636719,22.549722671509073],[78.53942871093756,22.545101165771484],[78.54254150390653,22.53950119018549],[78.54313659667997,22.53479957580572],[78.54136657714866,22.528450012207088],[78.5364532470706,22.51842117309593],[78.53723144531261,22.507801055908487],[78.53602600097679,22.505582809448356],[78.53099822998064,22.500661849975586],[78.52321624755865,22.49648094177263],[78.51534271240251,22.49386024475109],[78.51248931884783,22.491279602050838],[78.50929260253912,22.486480712890852],[78.50929260253912,22.482589721679688],[78.51175689697266,22.479070663452262],[78.51492309570324,22.47694015502924],[78.51664733886713,22.47464942932129],[78.524223327637,22.470630645752067],[78.52466583251947,22.462799072265625],[78.52540588378918,22.460998535156364],[78.5281829833985,22.460559844970703],[78.53034210205107,22.46325111389183],[78.53450012207054,22.464040756225586],[78.54273223876982,22.460039138794002],[78.54588317871094,22.459779739379883],[78.54872131347673,22.456260681152344],[78.54956817626976,22.452371597290266],[78.54920959472685,22.450582504272518],[78.55188751220732,22.445711135864485],[78.55281066894554,22.440841674804688],[78.55565643310553,22.436161041259936],[78.55693054199236,22.430839538574503],[78.55612945556635,22.425830841064396],[78.5496292114259,22.422580718994084],[78.53460693359392,22.4190998077392],[78.53164672851568,22.421039581298942],[78.5270385742188,22.422630310058707],[78.52234649658232,22.42107963562023],[78.51973724365251,22.419651031494197],[78.51593780517578,22.413419723510856],[78.51133728027361,22.408390045166072],[78.49798583984392,22.404209136962947],[78.49205017089838,22.398469924927042],[78.48911285400396,22.394309997558594],[78.48219299316406,22.389089584350756],[78.47759246826189,22.386962890625114],[78.46438598632807,22.3837127685548],[78.45610809326195,22.382539749145508],[78.43448638916033,22.383501052856445],[78.42016601562517,22.38593292236328],[78.41690826416033,22.387649536132812],[78.41165161132818,22.392131805419922],[78.40294647216825,22.403551101684798],[78.39639282226568,22.40994071960472],[78.38701629638672,22.41703987121599],[78.37802886962908,22.421209335327205],[78.37197113037115,22.422189712524585],[78.35813903808605,22.42247009277355],[78.35269927978521,22.421720504760742],[78.3472976684572,22.423070907592773],[78.33481597900396,22.4232311248781],[78.31611633300787,22.427061080932617],[78.31204223632812,22.42555809020996],[78.3077011108399,22.42076110839855],[78.30113220214861,22.41778945922863],[78.29586791992193,22.41728019714367],[78.2876892089846,22.42009925842285],[78.28208923339861,22.41912078857422],[78.27831268310553,22.417160034179688],[78.2725601196289,22.412218093872184],[78.26832580566423,22.404809951782227],[78.26380157470703,22.4009494781497],[78.25948333740263,22.39992904663086],[78.24849700927751,22.3988418579101],[78.24104309082026,22.399192810058707],[78.21940612792991,22.3980007171632],[78.20582580566412,22.39863014221197],[78.19651031494163,22.40033912658697],[78.18672943115234,22.400491714477766],[78.1808776855471,22.39968109130882],[78.17032623291016,22.39651107788086],[78.15818023681663,22.39104080200201],[78.1478271484375,22.38872909545921],[78.11398315429716,22.36927986145048],[78.0881958007813,22.361360549926758],[78.06739807128912,22.351671218872298],[78.04670715332048,22.33854293823265],[78.03159332275402,22.332599639892578],[78.013687133789,22.33492088317888],[78.00372314453153,22.335020065307674],[78.0007400512697,22.334190368652344],[77.99635314941423,22.332309722900504],[77.98381805419928,22.320150375366325],[77.97984313964866,22.320880889892862],[77.97470092773443,22.323799133300838],[77.96994781494169,22.323530197143782],[77.96331787109386,22.328239440918082],[77.95833587646513,22.32918930053711],[77.94567108154303,22.329612731933594],[77.94368743896479,22.334672927856445],[77.94178771972673,22.336549758911303],[77.93978118896507,22.33776283264166],[77.93583679199247,22.336919784545955],[77.93356323242199,22.335569381713924],[77.93165588378918,22.329771041870288],[77.9282531738283,22.32696914672863],[77.92228698730497,22.324050903320426],[77.91687774658209,22.322549819946573],[77.90148162841825,22.307939529419116],[77.89169311523443,22.30299758911127],[77.88777923583996,22.299169540405387],[77.87502288818354,22.2833194732666],[77.87135314941435,22.28259086608915],[77.85729980468767,22.282430648803825],[77.852836608887,22.283229827881087],[77.85346984863276,22.287071228027287],[77.85247802734403,22.30212020874046],[77.85428619384766,22.315280914306868],[77.85341644287138,22.321781158447493],[77.85732269287126,22.348680496216105],[77.85452270507835,22.35671043396019],[77.85253143310564,22.358640670776595],[77.84020996093756,22.360719680786246],[77.83345031738298,22.359649658203182],[77.81909942626982,22.346071243286133],[77.8145828247072,22.343990325927848],[77.79879760742193,22.340681076049805],[77.79682922363298,22.33437156677246],[77.79087829589872,22.33153915405279],[77.7811126708985,22.330030441284407],[77.7762527465822,22.329700469970646],[77.76731872558594,22.33179092407221],[77.75480651855497,22.343799591064567],[77.7470169067384,22.347330093383903],[77.74324035644548,22.347978591918945],[77.74051666259794,22.346990585327376],[77.73483276367182,22.341560363769645],[77.73719024658209,22.33876991272001],[77.74386596679693,22.336170196533317],[77.747543334961,22.329450607300032],[77.74579620361334,22.32602119445795],[77.73869323730469,22.32118034362793],[77.72965240478544,22.322290420532454],[77.72718048095714,22.32188987731962],[77.72460937500006,22.320560455322266],[77.722427368164,22.315771102905387],[77.71903228759783,22.315008163452262],[77.71626281738287,22.315429687500114],[77.71724700927763,22.32143974304222],[77.71541595459001,22.320449829101506],[77.70382690429693,22.323209762573356],[77.68723297119146,22.325799942016886],[77.68010711669939,22.325998306274528],[77.6762084960938,22.324909210205192],[77.67354583740263,22.320922851562727],[77.67269134521501,22.315210342407227],[77.67035675048822,22.313299179077433],[77.6586532592774,22.312931060791016],[77.64640808105474,22.309129714966048],[77.64366912841814,22.311000823974553],[77.63407135009794,22.312759399414176],[77.631576538086,22.315490722656193],[77.62815856933622,22.32186126709007],[77.6248626708985,22.32423973083513],[77.6163177490235,22.324649810791072],[77.61370086669933,22.328599929809798],[77.61331176757824,22.33304977416998],[77.61083984375011,22.334341049194336],[77.59922027587885,22.33118057251005],[77.59654235839838,22.332059860229663],[77.59474182128929,22.33453941345232],[77.5885391235351,22.335649490356673],[77.5854110717774,22.3431205749514],[77.58300018310541,22.345558166503963],[77.57916259765653,22.345851898193473],[77.57240295410162,22.343900680541992],[77.56070709228533,22.343631744384766],[77.5490264892581,22.33984184265148],[77.54598236083996,22.34118080139183],[77.54490661621094,22.342800140380973],[77.54473114013672,22.34534072875971],[77.54554748535162,22.355979919433594],[77.54331207275402,22.359340667724837],[77.54038238525413,22.357900619506893],[77.53351593017601,22.34537124633806],[77.52776336669928,22.3403911590579],[77.52426147460932,22.335769653320312],[77.51950073242205,22.33329963684099],[77.51355743408214,22.332901000976562],[77.51059722900396,22.329151153564624],[77.5081405639649,22.323650360107422],[77.50347900390642,22.316549301147745],[77.49964141845714,22.315580368042106],[77.49664306640642,22.310430526733512],[77.49391174316418,22.29567909240734],[77.4937973022461,22.292161941528548],[77.49456024169922,22.29059982299799],[77.49878692626959,22.286020278930664],[77.49687957763678,22.28301811218256],[77.48722076416044,22.27863121032709],[77.48416900634794,22.27552032470726],[77.48027801513678,22.274831771850586],[77.4779891967774,22.272808074951286],[77.47602081298845,22.267429351806697],[77.47592926025396,22.261650085449332],[77.4687805175783,22.25551986694336],[77.46148681640636,22.252410888671875],[77.45009613037126,22.25230979919428],[77.4471130371096,22.247049331665153],[77.44834136962885,22.234741210937557],[77.4475021362307,22.22987937927269],[77.4452667236331,22.22577095031761],[77.4397430419923,22.221841812134073],[77.4240417480471,22.22024154663103],[77.41913604736357,22.220769882202205],[77.4076690673831,22.228122711181868],[77.40260314941423,22.228651046752873],[77.39652252197266,22.227880477905387],[77.38941955566423,22.228080749511832],[77.38198089599626,22.229299545288313],[77.37912750244158,22.232599258423022],[77.37597656250023,22.251100540161303],[77.3657608032226,22.251510620117244],[77.36102294921892,22.252620697021598],[77.35247039794922,22.252040863037223],[77.35153961181646,22.253549575805607],[77.35292053222685,22.27181053161621],[77.3595581054688,22.288991928100586],[77.35737609863298,22.292289733886946],[77.3467102050783,22.29536056518549],[77.34564971923851,22.296800613403605],[77.34398651123075,22.305019378662166],[77.34477996826166,22.308031082153377],[77.35029602050793,22.317390441894474],[77.34815979003935,22.32277107238781],[77.3452911376956,22.324390411377124],[77.33928680419939,22.32561111450201],[77.33660888671892,22.331970214843977],[77.33354187011736,22.33504104614252],[77.32557678222656,22.34060287475603],[77.32221221923857,22.346549987793082],[77.31910705566412,22.347761154175032],[77.3144073486331,22.347312927246207],[77.31284332275413,22.348859786987305],[77.31102752685564,22.353540420532227],[77.3070373535158,22.35713958740257],[77.3051528930664,22.361360549926758],[77.30636596679693,22.365751266479776],[77.30663299560541,22.372400283813647],[77.310302734375,22.380609512329272],[77.30824279785162,22.382930755615234],[77.30893707275408,22.390270233154354],[77.30824279785162,22.392990112304688],[77.30609893798845,22.395879745483512],[77.303520202637,22.405612945556584],[77.30149841308611,22.409660339355582],[77.29427337646501,22.417169570922965],[77.29215240478533,22.42006111145014],[77.29194641113276,22.422611236572436],[77.30045318603521,22.440240859985636],[77.29837799072294,22.443822860717773],[77.29448699951172,22.442449569702262],[77.29196929931658,22.440469741821232],[77.28800964355474,22.439439773559627],[77.27664184570341,22.442560195922795],[77.27208709716808,22.44660949707054],[77.27369689941406,22.450080871582088],[77.27937316894548,22.452568054199332],[77.283500671387,22.455751419067553],[77.2825469970706,22.460018157958984],[77.27876281738293,22.463029861450195],[77.27536010742205,22.468299865722827],[77.27221679687523,22.47750091552757],[77.27234649658203,22.484380722046012],[77.27466583251959,22.499830245971793],[77.27400970458979,22.504390716552848],[77.26965332031267,22.508380889892862],[77.2628784179688,22.511089324951115],[77.26049804687517,22.513637542724837],[77.25868225097662,22.518222808838118],[77.25460815429688,22.52386856079096],[77.2455596923831,22.523479461669865],[77.24220275878923,22.525379180908317],[77.24099731445324,22.529140472412166],[77.24246215820335,22.5321502685548],[77.24783325195341,22.535789489746037],[77.2588500976563,22.539039611816406],[77.26236724853527,22.541870117187614],[77.26220703125017,22.545291900634766],[77.25724792480486,22.546670913696573],[77.2550659179688,22.54916191101097],[77.25347900390625,22.554250717163086],[77.2496566772461,22.558120727539062],[77.2453994750976,22.55997085571289],[77.23625946044939,22.558521270752067],[77.2322998046875,22.55677986145048],[77.22641754150396,22.556842803955192],[77.21193695068382,22.560409545898438],[77.20643615722685,22.564289093017692],[77.20343780517572,22.568559646606502],[77.20365142822283,22.571929931640852],[77.21128082275408,22.57401084899908],[77.2317810058596,22.59075164794939],[77.24368286132807,22.603239059448356],[77.25831604003935,22.61185073852539],[77.26403808593778,22.61104965209961],[77.26785278320341,22.60678291320795],[77.27205657959013,22.598270416259766],[77.27562713623053,22.584909439086914],[77.27921295166016,22.576641082763786],[77.28650665283209,22.56958007812517],[77.29161071777344,22.567211151123047],[77.30428314209013,22.565420150756893],[77.31488800048828,22.565189361572322],[77.32071685791044,22.566350936889876],[77.32887268066412,22.570680618286246],[77.33653259277372,22.576810836791992],[77.33928680419939,22.583120346069563],[77.34275054931646,22.59504127502464],[77.34594726562517,22.601921081543082],[77.35366058349632,22.610242843627987],[77.35932922363281,22.613550186157454],[77.36604309082037,22.615051269531307],[77.38404083251982,22.612140655517862],[77.39116668701189,22.61451148986839],[77.40566253662126,22.621501922607536],[77.41549682617216,22.62767982482916],[77.419662475586,22.628612518310717],[77.42978668212919,22.629110336303768],[77.43762207031278,22.639820098877067],[77.44181823730497,22.643680572509936],[77.45017242431663,22.648979187011946],[77.45507049560547,22.65067100524908],[77.46034240722668,22.6512393951416],[77.47711181640653,22.650119781494254],[77.48635864257812,22.646350860595874],[77.49295043945341,22.64681053161621],[77.50155639648432,22.6512393951416],[77.51175689697271,22.664011001586857],[77.51719665527338,22.668518066406364],[77.52433013916021,22.670469284057845],[77.56170654296875,22.67138290405296],[77.56772613525402,22.67270278930664],[77.57615661621111,22.679290771484602],[77.58209991455078,22.685581207275504],[77.58412170410185,22.689859390258846],[77.58632659912115,22.699739456176758],[77.58625030517572,22.702472686767805],[77.60063934326178,22.72257041931158],[77.60466766357445,22.730030059814567],[77.60710906982428,22.73702049255371],[77.61058044433616,22.74168968200712],[77.6150360107423,22.745340347290266],[77.62024688720703,22.747459411621378],[77.62602996826195,22.74796104431158],[77.63086700439464,22.74686050415056],[77.64675903320312,22.73546981811546],[77.65193176269537,22.733039855957202],[77.66075897216803,22.73400115966797],[77.66745758056669,22.73773002624506],[77.67433929443388,22.7450084686281],[77.67228698730486,22.74525070190441],[77.67553710937517,22.753112792968977],[77.67988586425793,22.75796127319336],[77.6850891113283,22.762979507446403],[77.69419860839838,22.766710281372298],[77.70285034179688,22.765811920166243],[77.71169281005888,22.763130187988395],[77.72321319580095,22.758230209350813],[77.72998046875023,22.758150100708065],[77.73486328125017,22.760799407958984],[77.742172241211,22.76633071899414],[77.74659729003935,22.771411895752067],[77.77123260498075,22.790420532226506],[77.77488708496088,22.79595947265625],[77.7752227783206,22.799459457397518],[77.77417755126953,22.796289443969783],[77.77436065673828,22.805789947509766],[77.77655792236357,22.811531066894645],[77.78946685791021,22.834770202636776],[77.79463958740257,22.83825111389166],[77.81043243408209,22.843360900878963],[77.81743621826189,22.846900939941577],[77.8329467773438,22.86102294921892],[77.83689117431658,22.864168167114485],[77.84046173095732,22.865390777587947],[77.8485183715822,22.86565971374523],[77.85428619384766,22.86433029174799],[77.86386108398443,22.85872077941906],[77.86528778076166,22.85593986511259],[77.86460113525396,22.851047515869368],[77.86126708984386,22.84638977050804],[77.85694885253906,22.837961196899357],[77.85724639892607,22.83405113220209],[77.85912322998053,22.8291397094726],[77.86575317382818,22.822998046875284],[77.86997985839866,22.822181701660213],[77.8763580322265,22.823169708251953],[77.88784027099626,22.831819534302042],[77.90239715576195,22.84614753723156],[77.90962219238287,22.850368499756144],[77.91451263427751,22.851570129394588],[77.9208068847658,22.848810195922965],[77.92455291748075,22.843420028686694],[77.92545318603521,22.83813858032238],[77.92362213134794,22.83258056640625],[77.92045593261736,22.82683944702171],[77.91600799560558,22.822969436645735],[77.90466308593756,22.809869766235465],[77.9037628173831,22.805850982666243],[77.9047927856447,22.800260543823356],[77.90791320800787,22.792762756347656],[77.90325164794916,22.778440475464095],[77.90377044677763,22.77333068847679],[77.9056930541995,22.769609451294002],[77.90991973876947,22.765541076660213],[77.91626739501953,22.762870788574276],[77.92376708984398,22.763349533081055],[77.9302597045899,22.767690658569336],[77.9353332519533,22.77296066284174],[77.93823242187506,22.779930114746037],[77.93869018554716,22.785022735595703],[77.93801879882812,22.790040969848917],[77.93357849121088,22.799570083618278],[77.93389892578153,22.803369522094783],[77.94378662109398,22.81134986877464],[77.95452880859403,22.817129135131836],[77.96113586425787,22.819610595703125],[77.96910858154297,22.820779800415153],[77.98261260986345,22.820671081543026],[77.99365997314447,22.821599960327262],[77.99745941162121,22.820531845092944],[78.0205459594726,22.807401657104492],[78.02854919433605,22.805189132690543],[78.03864288330107,22.807790756225586],[78.0503997802735,22.814180374145508],[78.0601196289063,22.816392898559684],[78.06416320800787,22.815761566162337],[78.07186889648455,22.811380386352596],[78.08322906494146,22.802280426025504],[78.09044647216803,22.797941207885856],[78.0960998535158,22.79566955566412],[78.09855651855463,22.793319702148438],[78.10469055175798,22.79319953918457],[78.11100769042969,22.79482078552246],[78.11406707763672,22.796791076660384],[78.117446899414,22.80108070373541],[78.12140655517607,22.808540344238224],[78.12171173095709,22.833112716674805],[78.12413787841814,22.83975982666027],[78.13198852539062,22.8481903076173],[78.14170837402361,22.85373115539562],[78.15458679199247,22.865209579468],[78.16707611084001,22.870960235595987],[78.175521850586,22.87317085266119],[78.17933654785162,22.877910614013672],[78.186752319336,22.89044952392601],[78.19341278076172,22.8946208953858],[78.19712066650419,22.89563941955589],[78.20881652832048,22.895059585571516],[78.22193145751982,22.87766075134283],[78.22889709472656,22.87193107604986],[78.23393249511747,22.870281219482422],[78.2494277954101,22.8776798248291],[78.25461578369158,22.878589630127237],[78.26428222656278,22.875480651855412],[78.26963806152355,22.872001647949332],[78.2754516601563,22.87170028686529],[78.28304290771501,22.87664031982422],[78.28871917724604,22.883541107177848],[78.29219055175798,22.890590667724723],[78.30030822753935,22.902599334716854],[78.31356048584001,22.916282653808707],[78.31819152832037,22.9200897216798],[78.3219833374024,22.92156028747587],[78.32598114013672,22.92183113098156],[78.34098815917963,22.921140670776424],[78.34780883789091,22.922758102416992],[78.35249328613281,22.925359725952262],[78.38063812255871,22.949171066284237],[78.3858032226562,22.958421707153377],[78.3896560668947,22.962650299072493],[78.39119720458984,22.965641021728686],[78.4225463867188,22.97772979736328],[78.43212127685575,22.984010696411246],[78.43696594238298,22.98830032348627],[78.44313812255882,22.977880477905273]]]}},{"type":"Feature","properties":{"state":"Madhya Pradesh","state_slug":"madhya_pradesh","district":"Indore","district_slug":"indore","district_as_supplied":"Indore","renamed_from_source":false,"layers":{"climate":false,"ndvi":true,"soil_moisture":true,"crop_des":true,"groundwater":true,"advisory":true},"climate_kind":"imd_village"},"geometry":{"type":"Polygon","coordinates":[[[75.5579547,22.5088111],[75.5629401,22.506523],[75.5683494,22.5019478],[75.5718923,22.5045595],[75.5741616,22.5044242],[75.5785924,22.5078074],[75.5853378,22.5042865],[75.5877633,22.5015717],[75.5966948,22.4994612],[75.598244,22.5011952],[75.6003955,22.501067],[75.6016972,22.4968515],[75.6033728,22.4953542],[75.6041594,22.4928074],[75.6066594,22.4903074],[75.6093317,22.4890808],[75.6092263,22.4817109],[75.6098166,22.4803881],[75.6133576,22.4786235],[75.6141594,22.4795208],[75.6233661,22.4803566],[75.6270343,22.4790404],[75.6310734,22.476219],[75.6394558,22.4750979],[75.6433118,22.4764815],[75.6551424,22.4717318],[75.6617731,22.4719176],[75.6633841,22.4601667],[75.6650395,22.4586875],[75.6660128,22.4555357],[75.6713324,22.4530942],[75.6833728,22.4553074],[75.6874588,22.4586985],[75.6879328,22.4632475],[75.6939417,22.4657095],[75.7036815,22.4664921],[75.7071263,22.4645701],[75.7103571,22.4701736],[75.7214601,22.4775401],[75.719789,22.4825003],[75.7227562,22.4859442],[75.7282777,22.488408],[75.7259385,22.4921392],[75.7253827,22.4990548],[75.7299852,22.5028618],[75.736412,22.5043219],[75.7406326,22.5086133],[75.7417068,22.5086995],[75.7461196,22.5059452],[75.7563912,22.5051198],[75.7601636,22.5072246],[75.7660378,22.5056169],[75.7714437,22.5051826],[75.7735031,22.5069569],[75.7730174,22.5132118],[75.7782978,22.5176046],[75.782663,22.5189189],[75.7824292,22.5218296],[75.7859312,22.5245913],[75.7970872,22.5242976],[75.8019564,22.5260857],[75.8082054,22.5265878],[75.8091518,22.5244664],[75.8145461,22.5216869],[75.8173151,22.523232],[75.8200519,22.5195244],[75.820148,22.5163626],[75.817423,22.5137445],[75.8184968,22.5114106],[75.8142568,22.5073367],[75.8183218,22.5046852],[75.8258804,22.5052998],[75.8273163,22.5069664],[75.834796,22.5041951],[75.835928,22.5091779],[75.8398318,22.5106115],[75.841404,22.508787],[75.8444193,22.5085447],[75.8443043,22.5123501],[75.8393256,22.5173039],[75.8389995,22.518756],[75.8391209,22.5198482],[75.842547,22.5227998],[75.8433185,22.5261951],[75.8510248,22.5301775],[75.857936,22.5299957],[75.8626697,22.531421],[75.8607495,22.5423152],[75.8535521,22.5504096],[75.8487474,22.5598452],[75.8531495,22.5654664],[75.8499104,22.5742024],[75.8479267,22.5764706],[75.8474803,22.5820244],[75.8491889,22.5834963],[75.8502578,22.5893571],[75.8516253,22.5918077],[75.8504588,22.5942776],[75.8510574,22.5994013],[75.8520995,22.5999141],[75.8573346,22.5957492],[75.8613247,22.5972143],[75.8633185,22.5995285],[75.8699814,22.6037004],[75.87317,22.6034442],[75.8758185,22.6019664],[75.880047,22.6011951],[75.8834552,22.598526],[75.8908445,22.5968473],[75.8927891,22.6026256],[75.8981297,22.6050085],[75.9037108,22.6113025],[75.9106761,22.6107428],[75.9143125,22.6094074],[75.9167747,22.6096053],[75.916487,22.6131815],[75.9209674,22.6170414],[75.9225686,22.6258203],[75.9250256,22.6325111],[75.9229328,22.6424141],[75.9297109,22.6429806],[75.9331712,22.6449113],[75.9372614,22.6434093],[75.9469273,22.6432762],[75.9509621,22.644491],[75.9526611,22.6519664],[75.9592137,22.6511951],[75.9620026,22.6496392],[75.9696727,22.6490229],[75.9744574,22.65078],[75.9813279,22.6462261],[75.9835655,22.6412118],[75.9900812,22.638819],[75.9967064,22.6377913],[75.9981326,22.6394466],[76.0002767,22.6397602],[76.0050214,22.6377796],[76.0090835,22.6409611],[76.0128225,22.637408],[76.0199343,22.6370913],[76.0216828,22.6361158],[76.0236408,22.6372084],[76.0267096,22.6369618],[76.0274852,22.6378618],[76.0317137,22.6386331],[76.033876,22.6398395],[76.0425633,22.6384917],[76.0424494,22.6399133],[76.051706,22.6386288],[76.0534312,22.6395913],[76.0566311,22.6393342],[76.0584813,22.6422882],[76.0629035,22.6419329],[76.0675971,22.6446584],[76.0733743,22.6444619],[76.0773135,22.6472552],[76.0809312,22.6452369],[76.0843996,22.6455156],[76.0877239,22.6396772],[76.0943852,22.6445738],[76.0940399,22.6508559],[76.0975604,22.6551959],[76.0974803,22.6561911],[76.1034304,22.6622923],[76.1098448,22.6617769],[76.1116539,22.6653666],[76.1133226,22.6652325],[76.1147992,22.6669466],[76.1213015,22.6667268],[76.1233763,22.6687624],[76.1270836,22.6684645],[76.1297374,22.6707508],[76.1310314,22.6730706],[76.130751,22.6778038],[76.1333804,22.6819664],[76.1341518,22.6853618],[76.1416116,22.6900907],[76.1498293,22.6896498],[76.1532799,22.6877248],[76.1564032,22.6879757],[76.1597614,22.6867426],[76.1651553,22.6909671],[76.1717137,22.6919664],[76.1753786,22.6948366],[76.182536,22.6945325],[76.19252834761063,22.689149158973805],[76.200008,22.6787538],[76.19980920528926,22.677310770678634],[76.1937332153322,22.67377090454113],[76.18956756591803,22.669759750366268],[76.18802642822266,22.66567039489746],[76.19119262695324,22.664449691772745],[76.19425132072425,22.665222434248967],[76.1938387,22.6646486],[76.2011098,22.6616994],[76.2070535,22.6629167],[76.2133893,22.6627874],[76.2239769,22.6735689],[76.22813308587843,22.67525481622638],[76.23065185546903,22.66995048522955],[76.23068237304699,22.666118621826456],[76.23036193847656,22.662517547607536],[76.22741699218778,22.658990859985465],[76.2264099121096,22.655670166015682],[76.22966003417991,22.65357971191412],[76.23867797851591,22.65326118469244],[76.23976898193382,22.64967918396019],[76.24389648437517,22.646839141845817],[76.24363708496122,22.64579010009777],[76.23889923095697,22.642349243164176],[76.23602294921886,22.637769699096793],[76.23423767089866,22.62713050842291],[76.23264312744158,22.623460769653548],[76.22899627685564,22.620370864868164],[76.22492218017607,22.619390487670955],[76.21665191650396,22.619190216064737],[76.21349334716825,22.62222099304222],[76.21227264404303,22.625959396362248],[76.20778656005871,22.626190185546818],[76.19847869873064,22.628299713134822],[76.19400787353521,22.62212944030773],[76.19243621826178,22.605171203613565],[76.1907577514649,22.602170944213867],[76.18733215332037,22.59974288940458],[76.17823028564464,22.603071212768498],[76.17695617675781,22.603981018066463],[76.17646026611334,22.60571098327648],[76.17900848388666,22.607099533081225],[76.18218231201178,22.607429504394588],[76.18785858154303,22.61054039001482],[76.18653869628912,22.61359977722168],[76.18495941162126,22.615142822265625],[76.1819915771485,22.616140365600643],[76.18186950683588,22.620370864868164],[76.18067169189482,22.620580673218058],[76.17720794677757,22.618381500244197],[76.17459106445341,22.617990493774528],[76.17134857177763,22.619039535522575],[76.17079162597668,22.62117004394537],[76.17220306396484,22.62553977966337],[76.17912292480474,22.633609771728743],[76.18595886230474,22.636800765991325],[76.18701934814447,22.63796997070324],[76.18901062011724,22.641139984130973],[76.18760681152361,22.643028259277344],[76.18192291259766,22.640968322754134],[76.17749023437517,22.641010284424],[76.17408752441423,22.636259078979435],[76.17201232910156,22.635650634765682],[76.17069244384771,22.63289070129406],[76.16822814941412,22.63128089904808],[76.16500854492193,22.632221221923828],[76.1583175659182,22.636398315429915],[76.1571273803711,22.633020401001033],[76.15075683593761,22.6350612640382],[76.15159606933594,22.62828063964855],[76.15824127197283,22.6268310546875],[76.162162780762,22.624750137329272],[76.16269683837896,22.621208190918082],[76.15759277343778,22.620780944824276],[76.1583099365235,22.618530273437784],[76.16580200195341,22.61249923706066],[76.16609954833984,22.606170654296818],[76.16401672363287,22.604120254516545],[76.15817260742216,22.610870361328182],[76.15551757812528,22.612039566040096],[76.15323638916027,22.611829757690543],[76.14843750000028,22.614709854126033],[76.14269256591803,22.612350463867415],[76.14633178710966,22.60736083984375],[76.1399993896485,22.60621833801264],[76.14314270019526,22.598079681396484],[76.14315795898455,22.593271255493335],[76.14173889160162,22.593242645263786],[76.13894653320307,22.594829559326172],[76.13581848144554,22.60434913635254],[76.13391113281273,22.604780197143498],[76.1327133178711,22.603530883789233],[76.13049316406256,22.602920532226506],[76.12757873535162,22.60542106628418],[76.12668609619169,22.604150772094897],[76.1278610229495,22.600200653076172],[76.12755584716797,22.598339080810774],[76.125717163086,22.598091125488338],[76.12407684326166,22.59909820556652],[76.11814117431652,22.60713005065918],[76.11474609375017,22.6040496826173],[76.1115493774414,22.60428047180187],[76.10856628417997,22.6033096313476],[76.1092529296875,22.60220909118675],[76.11795043945324,22.597841262817383],[76.11985778808605,22.595489501953068],[76.1165466308596,22.59165954589855],[76.11797332763666,22.586980819702205],[76.1154174804688,22.5864200592041],[76.11347961425787,22.584131240844727],[76.11215972900413,22.58648109436041],[76.11184692382824,22.59007072448742],[76.10888671875006,22.594959259033317],[76.10626983642584,22.594150543213118],[76.10604858398443,22.592359542846793],[76.10340118408209,22.590570449829045],[76.10140228271501,22.591920852661133],[76.10028076171875,22.59428977966303],[76.100326538086,22.596670150757063],[76.0990676879884,22.597629547119254],[76.0951004028322,22.595529556274357],[76.09346771240257,22.59591102600092],[76.09142303466825,22.60144805908203],[76.08744049072277,22.601560592651367],[76.08455657959013,22.605390548706225],[76.08220672607428,22.605989456177042],[76.08215332031267,22.603780746460075],[76.08413696289068,22.598541259765568],[76.08838653564464,22.590541839599666],[76.08838653564464,22.586830139160213],[76.0860214233399,22.58562850952177],[76.07356262207048,22.58675956726097],[76.06410217285179,22.589250564575195],[76.06310272216797,22.587560653686637],[76.07186889648438,22.581331253051815],[76.07533264160162,22.576690673828352],[76.07958984375028,22.574489593506087],[76.08016967773466,22.57259178161621],[76.08213043212908,22.571119308471907],[76.08847045898438,22.568040847778434],[76.10325622558622,22.565378189087028],[76.10540771484392,22.5629825592041],[76.10502624511736,22.56193923950201],[76.09925079345732,22.558240890502873],[76.09362030029297,22.558200836181584],[76.08576965332048,22.55058097839384],[76.08200073242193,22.5435409545899],[76.08280944824224,22.537351608276595],[76.07872009277361,22.53123092651373],[76.0781326293947,22.528789520263956],[76.07538604736357,22.52968025207531],[76.07287597656273,22.531892776489258],[76.0626602172851,22.535491943359602],[76.05268096923857,22.533681869506836],[76.04660034179716,22.53586006164568],[76.03748321533197,22.531311035156307],[76.0340118408206,22.53075981140148],[76.03002166748058,22.531940460205078],[76.03195190429682,22.5105495452882],[76.02731323242216,22.49911117553711],[76.03121948242205,22.4933700561524],[76.03629302978544,22.488010406494084],[76.03922271728533,22.486030578613452],[76.05400848388678,22.480949401855696],[76.05413055419922,22.47359275817888],[76.05753326416033,22.46466064453125],[76.05753326416033,22.459199905395508],[76.05570983886741,22.45627021789562],[76.05010986328142,22.461280822754134],[76.04831695556669,22.461540222168082],[76.04308319091803,22.458770751953125],[76.0375061035158,22.45299148559593],[76.03515625000028,22.448200225830078],[76.03431701660162,22.440160751342887],[76.02791595459013,22.44486045837408],[76.02320861816423,22.447269439697493],[76.01294708251959,22.446559906005973],[76.01525878906256,22.44288825988781],[76.01029968261724,22.433170318603743],[76.00916290283226,22.422990798950423],[76.00546264648455,22.422260284423828],[76.00425720214872,22.423311233520508],[75.99523925781273,22.42407989501953],[75.99127197265653,22.43086051940935],[75.97419738769548,22.4404106140139],[75.96850585937506,22.440719604492244],[75.95342254638672,22.43674087524414],[75.94351959228521,22.432401657104492],[75.93334960937517,22.430210113525334],[75.9164428710938,22.42435073852539],[75.91239929199236,22.421150207519474],[75.91046142578142,22.418350219726562],[75.90956878662115,22.414899826050032],[75.90818023681658,22.413679122924805],[75.91031646728516,22.405540466308764],[75.91076660156256,22.393890380859375],[75.90956878662115,22.39017105102539],[75.90841674804688,22.389501571655273],[75.8999481201173,22.39167022705101],[75.88918304443365,22.390670776367358],[75.87750244140625,22.383150100708235],[75.86618041992199,22.381320953369197],[75.85534667968767,22.38367080688471],[75.84993743896513,22.38674163818365],[75.84709167480497,22.389839172363565],[75.84517669677763,22.39733123779297],[75.84118652343778,22.400819778442553],[75.83763885498047,22.405651092529297],[75.830337524414,22.408380508423136],[75.82704162597685,22.40829086303711],[75.82327270507824,22.405559539795036],[75.81780242919922,22.3953227996829],[75.81273651123075,22.390329360962085],[75.80359649658232,22.389699935913086],[75.80596160888689,22.389339447021598],[75.80105590820318,22.385040283203182],[75.80134582519526,22.38255119323742],[75.79029083251947,22.379800796508903],[75.7857666015625,22.377540588378906],[75.78013610839872,22.37300109863287],[75.77237701416033,22.369899749756144],[75.75924682617188,22.368669509887752],[75.75390625,22.364660263061523],[75.74996185302757,22.363849639892578],[75.73725891113276,22.36639022827171],[75.72680664062517,22.372261047363338],[75.72062683105497,22.37211990356468],[75.70919036865263,22.36565017700218],[75.70228576660162,22.363470077514933],[75.69441223144531,22.362251281738452],[75.69333648681669,22.35975074768095],[75.69007110595726,22.35716056823742],[75.68173217773466,22.354089736938647],[75.67726135253912,22.348871231079386],[75.67066192626982,22.346517562866325],[75.65902709960966,22.344680786132812],[75.65712738037138,22.343030929565487],[75.6559600830081,22.339599609375227],[75.65232849121122,22.33562278747587],[75.65074920654303,22.335819244384766],[75.64694976806646,22.34114074707054],[75.64592742919939,22.343959808349894],[75.64573669433611,22.35506057739252],[75.64512634277355,22.35592079162609],[75.63992309570318,22.35687828063965],[75.63778686523443,22.35627174377447],[75.63366699218778,22.346549987793082],[75.63233184814482,22.345550537109432],[75.62200927734403,22.345569610595703],[75.62094116210955,22.342840194702205],[75.61714935302734,22.34255027771013],[75.60962677001982,22.3424911499024],[75.60151672363281,22.34428024292015],[75.60015106201189,22.345699310302848],[75.59973144531261,22.34773063659668],[75.60159301757841,22.349950790405387],[75.61060333251964,22.348289489746037],[75.61225128173851,22.34877014160179],[75.60974884033209,22.353660583496264],[75.60739135742205,22.35616111755394],[75.6089172363283,22.361049652099837],[75.60766601562523,22.3634624481204],[75.60887908935558,22.365270614624023],[75.60647583007812,22.365871429443416],[75.59461975097673,22.364410400390852],[75.59327697753923,22.365039825439453],[75.5915832519533,22.36818122863764],[75.588432312012,22.371549606323413],[75.58611297607445,22.37157058715826],[75.57872772216825,22.37400054931669],[75.57688903808611,22.37945938110363],[75.57359313964855,22.379711151123047],[75.56491088867193,22.37467002868658],[75.55911254882807,22.37780952453636],[75.55311584472679,22.386499404907227],[75.55364990234375,22.389631271362248],[75.55310821533209,22.39402008056652],[75.551811218262,22.395959854126033],[75.54808044433611,22.39549827575695],[75.54573822021513,22.39651107788086],[75.55046844482428,22.400230407714844],[75.55040740966797,22.404851913452433],[75.54854583740257,22.408121109009016],[75.54593658447277,22.409299850463867],[75.54534912109403,22.413328170776367],[75.55293273925804,22.41911125183111],[75.55708312988281,22.420740127563533],[75.5624694824221,22.42574119567871],[75.56505584716814,22.43341064453125],[75.56452941894537,22.442779541015852],[75.56546783447266,22.446092605591048],[75.57182312011724,22.456140518188647],[75.57016754150402,22.46274948120123],[75.56505584716814,22.47425079345726],[75.56603240966797,22.48507118225109],[75.56391143798845,22.49076080322277],[75.55739593505854,22.494722366333235],[75.55438995361345,22.497631072998274],[75.5536727905274,22.500850677490234],[75.55689239501953,22.507839202880803],[75.55660114050728,22.513194647629014],[75.5579547,22.5088111]]]}},{"type":"Feature","properties":{"state":"Madhya Pradesh","state_slug":"madhya_pradesh","district":"Jabalpur","district_slug":"jabalpur","district_as_supplied":"Jabalpur","renamed_from_source":false,"layers":{"climate":false,"ndvi":true,"soil_moisture":true,"crop_des":true,"groundwater":true,"advisory":true},"climate_kind":"imd_village"},"geometry":{"type":"MultiPolygon","coordinates":[[[[80.5039482,23.3810259],[80.4988076,23.3749023],[80.492508,23.3736725],[80.4855052,23.3709742],[80.4866714,23.367686],[80.4841942,23.3618612],[80.4800071,23.3578388],[80.4786497,23.352972],[80.4721125,23.3466916],[80.4675071,23.3436723],[80.4672298,23.3393959],[80.4658372,23.335328],[80.4684591,23.3299599],[80.4674909,23.3278058],[80.4606948,23.3269558],[80.4557737,23.3244729],[80.4558804,23.3192171],[80.4518821,23.3165957],[80.453617,23.3064513],[80.4643445,23.3097773],[80.4683674,23.3057835],[80.4683942,23.3019058],[80.4701077,23.2998141],[80.468891,23.2955562],[80.4641657,23.2932638],[80.4629075,23.2874057],[80.464199,23.2857193],[80.4653123,23.2789326],[80.4591592,23.2727215],[80.4590272,23.271046],[80.4636384,23.2641466],[80.4551951,23.2599812],[80.4533576,23.2553224],[80.450803,23.2515539],[80.4433413,23.2503391],[80.4391909,23.2469891],[80.4349966,23.245628],[80.4234795,23.2378453],[80.4269259,23.2331415],[80.4302786,23.2331131],[80.4307561,23.2320625],[80.4291386,23.2259825],[80.4309289,23.2215679],[80.4318722,23.2159605],[80.43504,23.2144239],[80.4357785,23.2110011],[80.4338605,23.2059707],[80.4307803,23.2044761],[80.427508,23.2011725],[80.4266909,23.1978224],[80.4224958,23.1950719],[80.4224876,23.1918693],[80.4207591,23.1885131],[80.4208747,23.1828473],[80.4191697,23.1803319],[80.4202163,23.1779741],[80.4182721,23.1761062],[80.4087327,23.1761464],[80.4074754,23.1735555],[80.40751176826349,23.171791315146884],[80.40696716308622,23.172960281372298],[80.40143585205107,23.17458915710472],[80.39334869384766,23.174350738525618],[80.3912582397461,23.17356109619169],[80.38941955566435,23.171850204467773],[80.38381958007812,23.160850524902514],[80.38392639160168,23.152971267700252],[80.38154602050787,23.14709091186546],[80.3759078979495,23.14466094970703],[80.3706359863283,23.143461227416992],[80.35623931884794,23.142248153686637],[80.34990692138695,23.138950347900675],[80.34851837158203,23.13249015808117],[80.34609985351585,23.127189636230526],[80.34198760986322,23.123180389404467],[80.33867645263678,23.121299743652628],[80.33110809326166,23.118740081787223],[80.3279418945313,23.10770988464384],[80.32437133789068,23.104511260986328],[80.31356048583979,23.103071212768782],[80.30282592773466,23.098739624023665],[80.29918670654303,23.099189758300895],[80.29608917236334,23.101711273193416],[80.29220581054682,23.108591079712028],[80.28148651123075,23.11388015747093],[80.27568054199224,23.12096023559593],[80.27350616455072,23.125150680541992],[80.26970672607439,23.12827110290533],[80.26747131347656,23.13125038146984],[80.26674652099632,23.136711120605526],[80.27014923095709,23.143791198730582],[80.27105712890642,23.146850585937614],[80.27040863037138,23.148660659789982],[80.25573730468778,23.14882087707548],[80.24489593505854,23.151269912719783],[80.2393875122072,23.149890899658374],[80.23355102539068,23.14305114746122],[80.2242889404298,23.14235115051281],[80.22130584716797,23.14117050170921],[80.21412658691412,23.134750366210938],[80.20272827148449,23.131341934204272],[80.1996383666995,23.13097953796415],[80.19359588623041,23.132431030273608],[80.18110656738304,23.130720138550032],[80.1749877929688,23.125221252441406],[80.17378234863298,23.122270584106502],[80.17339324951189,23.11782073974615],[80.1765899658206,23.110719680786133],[80.18266296386747,23.102891921997013],[80.18347930908197,23.092859268188704],[80.18553161621122,23.091320037841797],[80.19481658935553,23.0875701904298],[80.1970520019533,23.0854110717774],[80.19795989990246,23.078620910644474],[80.19766998291021,23.074449539184684],[80.19618988037115,23.07052993774414],[80.18563079833984,23.070011138916243],[80.17923736572294,23.06792068481468],[80.17617797851591,23.06449127197277],[80.17484283447294,23.061548233032227],[80.18147277832037,23.046871185302734],[80.18483734130876,23.036470413208292],[80.18418884277372,23.029760360717773],[80.18044281005876,23.024919509887695],[80.17616271972662,23.023580551147575],[80.1728515625,23.024892807006893],[80.16924285888672,23.028640747070256],[80.16458129882824,23.035930633545036],[80.16279602050804,23.04167938232422],[80.15808868408232,23.04910087585472],[80.1540985107423,23.051799774170036],[80.14901733398438,23.051151275634993],[80.14404296875017,23.047210693359375],[80.13871765136719,23.04959106445341],[80.13664245605474,23.047178268432845],[80.13394927978516,23.049110412597656],[80.1349716186524,23.056810379028548],[80.13363647460943,23.05839157104515],[80.12821960449219,23.05972290039074],[80.12406921386724,23.059820175171012],[80.11519622802729,23.05557060241722],[80.11244201660179,23.053398132324503],[80.10972595214844,23.052900314331282],[80.10671997070335,23.053449630737305],[80.10433959960955,23.055389404296875],[80.10150909423845,23.06306076049816],[80.10150909423845,23.07801246643072],[80.09636688232422,23.079860687255803],[80.07858276367182,23.077999114990234],[80.07639312744163,23.07710075378418],[80.07553863525408,23.071189880371094],[80.07417297363293,23.0695228576663],[80.0705871582033,23.067520141601847],[80.06317138671892,23.066770553589038],[80.05954742431658,23.064830780029297],[80.05444335937506,23.061151504516772],[80.0509185791015,23.057170867919922],[80.04122161865251,23.051639556884766],[80.03624725341814,23.04458999633789],[80.03100585937523,23.039859771728516],[80.02758026123053,23.038169860839957],[80.01770019531278,23.0357418060305],[80.00929260253935,23.03145980834961],[80.00035858154308,23.03143119812023],[79.9910278320312,23.029600143432617],[79.98887634277372,23.028110504150504],[79.9880981445313,23.018999099731616],[79.98560333251976,23.013919830322266],[79.98636627197288,23.012680053710938],[79.98902893066412,23.014238357543945],[79.99526214599626,23.016059875488224],[79.99803924560575,23.013761520385742],[79.99999237060541,23.010381698608626],[80.00020599365251,23.008211135864315],[79.99887084960955,23.006580352783487],[79.9910125732423,23.00333976745611],[79.98805236816412,23.000350952148494],[79.9860382080081,22.995521545410156],[79.98789215087913,22.992570877075252],[79.99198913574213,22.99115753173851],[80.00331878662115,22.983749389648494],[80.00576782226562,22.979219436645565],[80.00518798828142,22.97549247741705],[80.00266265869135,22.973350524902344],[79.99913787841803,22.97326850891136],[79.99550628662115,22.975410461425895],[79.9921188354495,22.9797306060791],[79.98253631591803,22.97165107727062],[79.95247650146513,22.955120086669865],[79.94676208496105,22.949720382690657],[79.94589996337896,22.947099685668945],[79.94877624511724,22.94475173950201],[79.9465789794923,22.9431095123291],[79.94818878173834,22.93909072875971],[79.9537124633789,22.935092926025334],[79.96582031250028,22.921960830688704],[79.96569824218767,22.918060302734375],[79.96317291259777,22.914800643921126],[79.96301269531267,22.89563941955589],[79.96470642089838,22.890390396118278],[79.96803283691412,22.887649536133097],[79.96559143066412,22.88282012939476],[79.96131896972673,22.87848091125511],[79.95925903320318,22.873781204223917],[79.95732879638672,22.854690551757756],[79.94841003417991,22.859050750732422],[79.94191741943365,22.860599517822493],[79.92080688476591,22.858221054077262],[79.90170288085943,22.847629547119368],[79.90046691894548,22.848161697387923],[79.89907073974638,22.85172080993658],[79.89601135253935,22.86272811889654],[79.89348602294945,22.86495971679716],[79.88088226318365,22.862180709839095],[79.87824249267584,22.8596324920656],[79.8751831054688,22.85387992858881],[79.87116241455101,22.854200363159237],[79.86650085449236,22.856260299682845],[79.86235809326178,22.856460571289062],[79.85672760009794,22.850439071655387],[79.8461532592774,22.835710525512695],[79.84262084960949,22.83270072937023],[79.83705902099638,22.832099914550838],[79.83123016357439,22.833288192748967],[79.82525634765653,22.836179733276538],[79.82208251953142,22.83921051025419],[79.82055664062517,22.84609031677263],[79.81196594238298,22.850450515747298],[79.81056213378935,22.854351043701286],[79.81247711181669,22.867900848388786],[79.81044769287126,22.870412826538143],[79.80506134033197,22.870258331298828],[79.79815673828153,22.867219924926985],[79.79293823242193,22.86322975158714],[79.78385162353544,22.853380203247184],[79.77519226074224,22.84719085693365],[79.76924133300798,22.845359802246094],[79.76098632812511,22.8456401824954],[79.75624847412126,22.848220825195312],[79.75385284423834,22.85236930847168],[79.75389862060575,22.85917091369629],[79.75710296630882,22.864570617676065],[79.76140594482439,22.868801116943587],[79.76998138427751,22.880790710449503],[79.76708221435575,22.88466072082531],[79.7513427734375,22.89084815979004],[79.74513244628935,22.897701263427678],[79.74079132080072,22.898820877075195],[79.73831176757807,22.90221023559576],[79.74079895019548,22.90681076049816],[79.74404144287126,22.91599082946783],[79.74244689941435,22.919729232788086],[79.73403167724632,22.919521331787337],[79.7162170410158,22.9228000640872],[79.68792724609403,22.92506980895996],[79.68199157714872,22.925970077514762],[79.67619323730469,22.9290828704834],[79.66282653808594,22.924470901489315],[79.65567779541044,22.924570083618164],[79.64525604248064,22.927940368652287],[79.634330749512,22.937070846557788],[79.62969207763695,22.943611145019702],[79.62219238281267,22.947589874267635],[79.61660003662121,22.95675849914562],[79.61582183837919,22.960319519043253],[79.61750030517584,22.967689514160384],[79.62095642089872,22.969369888305607],[79.62870788574224,22.97128105163597],[79.63359832763666,22.974670410156193],[79.63276672363287,22.980028152465934],[79.62355041503906,22.990640640259016],[79.61884307861334,22.99336814880371],[79.61073303222673,22.99176979064964],[79.60919952392595,22.995349884033317],[79.61129760742205,23.00226020813011],[79.60946655273443,23.004102706909237],[79.60192871093744,23.007801055908203],[79.59995269775396,23.010980606079272],[79.6004028320312,23.01379013061529],[79.60272216796892,23.016742706298828],[79.60304260253935,23.01967811584484],[79.59784698486351,23.021070480346737],[79.58721923828153,23.021560668945426],[79.58528900146513,23.024209976196516],[79.58635711669922,23.026720046997127],[79.59030151367182,23.030210494995345],[79.59298706054705,23.034772872925032],[79.59043884277372,23.040210723877124],[79.58954620361345,23.046409606933764],[79.59210968017584,23.051839828491325],[79.59187316894531,23.059009552002067],[79.59400939941412,23.06306076049816],[79.60115051269543,23.066480636596737],[79.60056304931669,23.075159072876033],[79.59667968750006,23.08687019348139],[79.59723663330084,23.091360092163086],[79.60502624511736,23.09141159057623],[79.60781097412138,23.09272956848156],[79.6081466674807,23.09358978271507],[79.60404968261736,23.096401214599723],[79.60193634033197,23.099281311035156],[79.60898590087885,23.105070114135856],[79.60666656494169,23.10686111450201],[79.59699249267595,23.1074275970459],[79.58022308349626,23.11158180236822],[79.5750961303711,23.11384010314964],[79.57309722900419,23.11637115478527],[79.57245635986334,23.125062942504883],[79.57052612304688,23.130252838134766],[79.56556701660156,23.1336612701416],[79.55789947509783,23.134931564331282],[79.5504302978515,23.137710571289347],[79.54132080078142,23.139659881591854],[79.53018951416044,23.140899658203182],[79.52089691162126,23.143190383911133],[79.51288604736345,23.14423942565918],[79.50479888916044,23.142169952392692],[79.49948120117216,23.13894081115717],[79.49130249023432,23.13115119934099],[79.4772033691408,23.12221908569336],[79.46601867675787,23.108659744262695],[79.45401763916021,23.098831176757756],[79.45022583007818,23.09729194641119],[79.44431304931646,23.099161148071516],[79.44145965576178,23.102001190185547],[79.43180847167986,23.10833930969244],[79.41983032226562,23.10733985900879],[79.40110778808611,23.101049423217887],[79.39581298828125,23.10231971740717],[79.39050292968756,23.1048011779788],[79.38099670410162,23.11166191101097],[79.37394714355497,23.113260269165266],[79.36717987060564,23.111850738525504],[79.35938262939453,23.108100891113338],[79.35337829589872,23.10753059387207],[79.34512329101585,23.10806083679205],[79.34652709960949,23.11772918701172],[79.35090637207043,23.13150978088379],[79.34767150878918,23.13701248168951],[79.34744262695341,23.140480041503906],[79.35031890869169,23.14331054687517],[79.36107635498064,23.15023040771507],[79.36357116699219,23.152902603149414],[79.36550140380865,23.156211853027628],[79.3664321899414,23.160520553588924],[79.36564636230486,23.16707992553711],[79.3828336286883,23.177770273471126],[79.385184,23.1780984],[79.3867965,23.1797765],[79.3976461,23.1839269],[79.406661253156,23.189635856525506],[79.41017497869578,23.190999196955197],[79.4121119,23.1900019],[79.4198788,23.1933621],[79.4209586936146,23.199000968940293],[79.4239120483399,23.204450607299748],[79.43158630944603,23.21236825692861],[79.43697,23.2070284],[79.4385482,23.2072781],[79.4454407,23.2119509],[79.4467965,23.2148253],[79.4447068,23.2172064],[79.4440125,23.22037],[79.45301818847656,23.226970672607422],[79.45691680908232,23.231159210205078],[79.4783172607423,23.248872756958235],[79.48043823242182,23.251260757446403],[79.48217010498064,23.256019592285156],[79.48506927490234,23.2599906921389],[79.50517272949247,23.267860412597827],[79.51348876953125,23.268541336059798],[79.51978302001953,23.2685604095459],[79.5244827270509,23.26690292358404],[79.52710723876982,23.262430191040266],[79.53320312500006,23.263921737671183],[79.55143737792969,23.275119781494254],[79.55838012695318,23.280790328979492],[79.58683776855497,23.295391082763615],[79.60662078857445,23.307399749755803],[79.61286163330078,23.312000274658203],[79.62584686279303,23.317190170288086],[79.63359069824213,23.32259941101097],[79.6537628173831,23.33436012268072],[79.66007232666044,23.33683013916044],[79.66628265380865,23.337940216064453],[79.67064666748047,23.34311294555664],[79.67688751220697,23.347749710083292],[79.68842315673834,23.35885047912592],[79.69300079345709,23.368980407714844],[79.69565582275396,23.384639739990348],[79.69764709472685,23.38857078552246],[79.7102508544923,23.390991210937614],[79.71370697021479,23.394130706787223],[79.71288299560575,23.39814949035639],[79.71720886230474,23.403230667114315],[79.72045135498053,23.409748077392635],[79.72334289550804,23.41263008117687],[79.72740936279325,23.420101165771598],[79.72129058837919,23.41979026794428],[79.71849060058611,23.420549392700423],[79.72287750244158,23.42571067810053],[79.72509002685575,23.427089691162337],[79.73089599609392,23.426950454711857],[79.73178100585966,23.42935943603527],[79.73155975341803,23.43526268005371],[79.7331085205081,23.436489105224894],[79.73758697509783,23.431531906127987],[79.75361633300781,23.43523979187006],[79.76203155517584,23.441671371460075],[79.76380920410185,23.444869995117188],[79.76708221435575,23.447910308837947],[79.76956176757841,23.449359893798828],[79.77668762207048,23.45125961303711],[79.77997589111334,23.453830718994254],[79.7817993164062,23.458820343017692],[79.78468322753923,23.463310241699332],[79.78830718994158,23.46570968627924],[79.79493713378918,23.467918395996094],[79.79339599609403,23.46656990051281],[79.79765319824236,23.462009429931697],[79.80352783203136,23.46936988830589],[79.80610656738287,23.469890594482536],[79.80779266357422,23.46747016906761],[79.80892181396501,23.463050842285213],[79.80838775634771,23.459720611572322],[79.80652618408209,23.45606040954607],[79.80364990234398,23.444000244140682],[79.80461120605474,23.44268989562994],[79.80825042724638,23.443250656127873],[79.81178283691423,23.442461013793945],[79.81472015380865,23.4397811889649],[79.81732177734375,23.43515968322754],[79.81981658935547,23.436599731445426],[79.82224273681658,23.445552825927734],[79.83225250244163,23.44819068908714],[79.83756256103521,23.4481201171875],[79.83502197265642,23.43790054321306],[79.83439636230497,23.424039840698242],[79.83596038818354,23.42214012145996],[79.84414672851574,23.42500114440918],[79.85101318359386,23.42436027526867],[79.85462951660185,23.421899795532283],[79.85746765136747,23.418249130249137],[79.85838317871116,23.414760589599723],[79.85626983642584,23.409320831298828],[79.85439300537115,23.40035057067871],[79.85517120361357,23.396579742431697],[79.85742187500006,23.39229965209961],[79.85666656494163,23.38816070556652],[79.85714721679705,23.38513946533203],[79.86267089843744,23.377309799194336],[79.86206054687528,23.373159408569563],[79.86289978027361,23.369560241699446],[79.86654663085938,23.36628913879389],[79.86876678466791,23.36757087707531],[79.87367248535185,23.36634063720726],[79.87753295898449,23.363460540771598],[79.8826293945313,23.363689422607422],[79.88728332519548,23.366701126098803],[79.89037322998047,23.369951248169116],[79.89092254638689,23.37410926818842],[79.90480041503918,23.387331008911133],[79.90885925292986,23.38931274414074],[79.91870117187528,23.39061927795416],[79.92138671875028,23.39957046508789],[79.92585754394531,23.40320014953636],[79.93000793457048,23.404077529907227],[79.93625640869169,23.39941024780296],[79.93312835693365,23.390481948852823],[79.93338775634794,23.387121200561637],[79.94256591796886,23.386880874633903],[79.94433593750017,23.383302688598803],[79.94412994384783,23.37869071960472],[79.94518280029303,23.3758296966555],[79.94995117187506,23.374429702758846],[79.95233917236345,23.372699737548828],[79.95316314697271,23.36463928222662],[79.95610046386747,23.36271095275879],[79.96315002441435,23.36223983764671],[79.96415710449236,23.360769271850643],[79.96489715576166,23.356130599975586],[79.9699630737307,23.349239349365234],[79.97727966308605,23.346330642700195],[79.98301696777338,23.345880508422795],[79.98784637451172,23.348600387573356],[79.99247741699241,23.34724044799816],[79.99736022949236,23.34877014160179],[80.00222778320341,23.345960617065543],[80.01132202148443,23.34314918518072],[80.01602935791033,23.344039916992244],[80.02169036865263,23.347158432007006],[80.0245971679687,23.352561950683594],[80.02957916259783,23.355541229248274],[80.03507232666027,23.355510711669922],[80.03943634033232,23.35443115234375],[80.04564666748047,23.350179672241154],[80.05869293212919,23.35032081604004],[80.06395721435547,23.34931182861328],[80.06678771972673,23.347480773925838],[80.07305908203142,23.338701248168945],[80.08486175537121,23.332639694213867],[80.08911132812517,23.33185005188011],[80.0940322875976,23.328840255737475],[80.09712982177734,23.325500488281477],[80.09855651855497,23.32165908813488],[80.10114288330078,23.31973075866722],[80.10514068603516,23.321239471435604],[80.11229705810575,23.33838081359869],[80.11596679687494,23.341350555419865],[80.11872100830084,23.342309951782227],[80.12069702148466,23.340030670166016],[80.12034606933588,23.33512115478544],[80.12195587158209,23.330690383911133],[80.1233673095706,23.329048156738224],[80.14324188232416,23.316560745239258],[80.15680694580095,23.30471038818382],[80.16233062744158,23.302919387817496],[80.16513061523466,23.30896949768089],[80.16842651367205,23.32081031799322],[80.1702499389649,23.323230743408146],[80.17534637451172,23.325668334960938],[80.18266296386747,23.32761955261242],[80.19346618652344,23.32907295227062],[80.19381713867205,23.33179092407238],[80.19283294677729,23.337139129638786],[80.19635772705084,23.337329864502067],[80.20339202880865,23.33567047119152],[80.21395874023466,23.336671829223746],[80.2163696289063,23.337160110473633],[80.2179489135745,23.338649749756144],[80.22313690185558,23.34085083007824],[80.22522735595732,23.339599609375],[80.22856903076178,23.334760665893725],[80.23529815673834,23.333879470825195],[80.23980712890625,23.334409713745117],[80.24092864990251,23.33538055419939],[80.24636077880865,23.33463096618675],[80.24925994873075,23.325258255004996],[80.2546997070313,23.319000244140625],[80.26151275634783,23.321689605713004],[80.26622009277372,23.326179504394645],[80.26867675781256,23.33079147338873],[80.27039337158209,23.353290557861385],[80.27291870117199,23.3584880828858],[80.27776336669922,23.359191894531193],[80.28585052490263,23.362922668457088],[80.29139709472685,23.356430053710994],[80.29519653320341,23.35481834411621],[80.29547882080095,23.352142333984375],[80.29162597656244,23.346220016479492],[80.29148864746094,23.344841003418253],[80.2933502197265,23.336931228637695],[80.29521179199247,23.333139419555835],[80.3058090209961,23.32193756103527],[80.32086944580078,23.315450668335075],[80.31973266601562,23.309379577636832],[80.31984710693371,23.304920196533146],[80.32212066650419,23.303899765014876],[80.33376312255871,23.304920196533146],[80.35441589355486,23.30855941772461],[80.36148834228516,23.30899047851591],[80.36361694335943,23.312040328979492],[80.36403656005865,23.314641952514762],[80.35787200927734,23.329259872436523],[80.36692810058622,23.332168579101562],[80.37016296386747,23.336708068847827],[80.37345886230463,23.338811874389876],[80.38149261474626,23.33951950073265],[80.38475799560547,23.34295082092291],[80.38712310791021,23.34803009033226],[80.38916778564459,23.350030899047965],[80.3921508789062,23.350341796875057],[80.39492034912132,23.349269866943587],[80.3971786499024,23.347150802612475],[80.40416717529291,23.34434127807623],[80.41031646728516,23.345769882202262],[80.42003631591814,23.34669113159174],[80.42736816406256,23.349779129028548],[80.4307708740235,23.349809646606502],[80.43369293212919,23.34657096862793],[80.43817138671875,23.345010757446516],[80.44268035888683,23.345119476318473],[80.45300292968767,23.348632812500057],[80.45472717285173,23.35250282287609],[80.45552825927734,23.365070343017578],[80.45630645751959,23.367441177368107],[80.46153259277372,23.369859695434684],[80.4712677001956,23.37251091003418],[80.47226715087908,23.38195037841797],[80.47355651855497,23.385761260986612],[80.47572326660173,23.38966941833496],[80.47866821289068,23.392070770263786],[80.48474121093756,23.392740249633846],[80.48873901367193,23.39180946350126],[80.5039482,23.3810259]]],[[[80.4084632,23.1697602],[80.4094712,23.1687915],[80.40901290091806,23.16856921325309],[80.4084632,23.1697602]]]]}},{"type":"Feature","properties":{"state":"Madhya Pradesh","state_slug":"madhya_pradesh","district":"Jhabua","district_slug":"jhabua","district_as_supplied":"Jhabua","renamed_from_source":false,"layers":{"climate":true,"ndvi":true,"soil_moisture":true,"crop_des":true,"groundwater":true,"advisory":true},"climate_kind":"gee"},"geometry":{"type":"MultiPolygon","coordinates":[[[[74.4745994,22.5311811],[74.47613907812483,22.531149691571322],[74.47278594970709,22.530479431152514],[74.47055271893856,22.531098552995616],[74.4745994,22.5311811]]],[[[74.5799309,22.5565562],[74.581292,22.5607507],[74.5866248,22.5678055],[74.5927497,22.5696303],[74.5981636,22.5685214],[74.6001608,22.5715674],[74.6024309,22.5709638],[74.6111117,22.5634817],[74.61084495481131,22.559005829361595],[74.60279846191423,22.542360305786133],[74.59733581542974,22.541679382324332],[74.59033203125028,22.544490814209155],[74.57842779145675,22.554338875659045],[74.5799309,22.5565562]]],[[[74.74613292352794,22.561156174512565],[74.74606323242188,22.56112289428711],[74.74604268326237,22.56115079682232],[74.74613292352794,22.561156174512565]]],[[[74.7616496,22.5672701],[74.7643941,22.5714504],[74.767412281958,22.57091401916909],[74.76399993896484,22.56810188293474],[74.7616496,22.5672701]]],[[[74.7779841,22.576159],[74.7781818,22.5802276],[74.7830590805378,22.579936995653533],[74.77795019791776,22.57449805351389],[74.7779841,22.576159]]]]}},{"type":"Feature","properties":{"state":"Madhya Pradesh","state_slug":"madhya_pradesh","district":"Katni","district_slug":"katni","district_as_supplied":"Katni","renamed_from_source":false,"layers":{"climate":true,"ndvi":true,"soil_moisture":true,"crop_des":true,"groundwater":true,"advisory":true},"climate_kind":"gee"},"geometry":{"type":"Polygon","coordinates":[[[80.1540547,23.7672621],[80.1498271,23.7563186],[80.1518559,23.7521373],[80.1543128,23.7497765],[80.1592021,23.7398513],[80.1617965,23.7380935],[80.1662817,23.7366379],[80.1644855,23.7344545],[80.1595156,23.7347508],[80.1575511,23.7329948],[80.157612,23.7305772],[80.161729,23.7256905],[80.1617088,23.722811],[80.1595122,23.7188658],[80.1666609,23.7152794],[80.1666095,23.7120185],[80.1675154,23.7107362],[80.1673753,23.7083859],[80.1684632,23.7047602],[80.1716503,23.7032137],[80.1727064,23.6967898],[80.1773759,23.6896674],[80.1805099,23.69074],[80.1843665,23.6894884],[80.1858747,23.6836539],[80.1851317,23.6746434],[80.1834795,23.6706912],[80.1845724,23.6683295],[80.1867461,23.6705919],[80.1876461,23.6706106],[80.1905612,23.6658683],[80.1925706,23.6599967],[80.1925965,23.6564952],[80.1942485,23.6547757],[80.1969832,23.6538885],[80.1958258,23.6528542],[80.1950397,23.6503073],[80.1884349,23.6455141],[80.1882803,23.6429177],[80.191021,23.6345217],[80.1989492,23.632589],[80.1962946,23.6292839],[80.1934795,23.6231912],[80.2001299,23.6180935],[80.2034795,23.6172765],[80.204535,23.6161786],[80.2092965,23.6181098],[80.2151461,23.6189269],[80.2176299,23.6206098],[80.2231979,23.6225694],[80.2258631,23.619796],[80.2377985,23.6206295],[80.2366567,23.6195185],[80.2366209,23.6130487],[80.2392461,23.6097781],[80.2434795,23.609726],[80.2459315,23.6122773],[80.2492444,23.6123098],[80.2500624,23.6115238],[80.2501136,23.6089781],[80.2567965,23.6088414],[80.260046,23.6122236],[80.265705,23.6123398],[80.2658755,23.6094764],[80.2642064,23.6079849],[80.265221,23.6063259],[80.2767965,23.6064602],[80.2791069,23.6040554],[80.2826299,23.6064439],[80.2851136,23.6063927],[80.2867461,23.6080919],[80.2893128,23.6081106],[80.290623,23.6054096],[80.2942111,23.6072577],[80.295929,23.6072927],[80.2984127,23.6047781],[80.3085202,23.6073066],[80.3134957,23.6047431],[80.3174956,23.6048253],[80.320859,23.6031936],[80.324028,23.6000051],[80.325282,23.6025906],[80.3276461,23.6014431],[80.3309632,23.5972602],[80.3334795,23.5964431],[80.3343128,23.594726],[80.3376404,23.5947936],[80.3384632,23.5922602],[80.3401461,23.5914431],[80.3417965,23.5889269],[80.3446017,23.5875654],[80.3475721,23.5814431],[80.3584599,23.5829487],[80.358429,23.5872602],[80.3615548,23.5887763],[80.3651356,23.5922171],[80.3663506,23.5971992],[80.3725778,23.5972268],[80.3759314,23.6006106],[80.3799622,23.6005284],[80.3818128,23.6014269],[80.3828252,23.6055797],[80.3870081,23.6046878],[80.4023198,23.6064269],[80.4093095,23.6047529],[80.4104668,23.6071373],[80.4277576,23.6140091],[80.4318128,23.613926],[80.4349516,23.6171935],[80.4396424,23.6187991],[80.4440158,23.6165465],[80.4551299,23.6256098],[80.4635259,23.6298188],[80.4684795,23.6314269],[80.4706898,23.6337267],[80.4770887,23.6370234],[80.4784957,23.6355593],[80.483151,23.6356544],[80.485196,23.6313208],[80.4833576,23.6285744],[80.4858494,23.6257355],[80.4859298,23.623144],[80.4884876,23.6214098],[80.4913735,23.621469],[80.4918142,23.6197279],[80.4891754,23.6136083],[80.4832754,23.6060305],[80.4833584,23.6019897],[80.4818128,23.5981912],[80.4834632,23.5964269],[80.4867259,23.595368],[80.4867957,23.5922602],[80.4879509,23.5911503],[80.486026,23.5874141],[80.4876854,23.5838677],[80.4841909,23.579052],[80.4883655,23.5765235],[80.4884624,23.5747285],[80.4908495,23.5724342],[80.4908203,23.5710033],[80.4850722,23.5636712],[80.4816583,23.5619548],[80.4816933,23.5602391],[80.4850162,23.5566006],[80.485103,23.5543085],[80.4892151,23.5564269],[80.4918128,23.5556098],[80.4931133,23.5502761],[80.4952431,23.5471339],[80.4892316,23.5411637],[80.485008,23.5403391],[80.4816909,23.5344077],[80.4843592,23.5313992],[80.4870431,23.525867],[80.4941897,23.521099],[80.4900242,23.5111558],[80.4847248,23.501506],[80.4884629,23.4964636],[80.4874917,23.4936246],[80.4875609,23.4902391],[80.4897679,23.4876732],[80.4847484,23.4851803],[80.4833576,23.4815272],[80.4876461,23.4789431],[80.4884632,23.4772602],[80.492793,23.4764145],[80.4932747,23.4753549],[80.4916413,23.4702417],[80.4890737,23.4677747],[80.489208,23.4611882],[80.4873403,23.4575623],[80.4943128,23.4547765],[80.4958584,23.4469898],[80.4933576,23.4415272],[80.495765,23.4375931],[80.4928123,23.4316976],[80.4883511,23.4328408],[80.4832794,23.4319758],[80.4763475,23.4251233],[80.4783869,23.4184207],[80.4783794,23.4114952],[80.4815369,23.4098684],[80.4918128,23.4072765],[80.4954722,23.4028293],[80.489147,23.3986821],[80.4916852,23.3941916],[80.491755,23.3910696],[80.4958777,23.3889456],[80.4997376,23.3889521],[80.5009738,23.3838837],[80.5028453005616,23.382085564475197],[80.48873901367193,23.39180946350126],[80.48474121093756,23.392740249633846],[80.47866821289068,23.392070770263786],[80.47572326660173,23.38966941833496],[80.47355651855497,23.385761260986612],[80.47226715087908,23.38195037841797],[80.4712677001956,23.37251091003418],[80.46153259277372,23.369859695434684],[80.45630645751959,23.367441177368107],[80.45552825927734,23.365070343017578],[80.45472717285173,23.35250282287609],[80.45300292968767,23.348632812500057],[80.44268035888683,23.345119476318473],[80.43817138671875,23.345010757446516],[80.43369293212919,23.34657096862793],[80.4307708740235,23.349809646606502],[80.42736816406256,23.349779129028548],[80.42003631591814,23.34669113159174],[80.41031646728516,23.345769882202262],[80.40416717529291,23.34434127807623],[80.3971786499024,23.347150802612475],[80.39492034912132,23.349269866943587],[80.3921508789062,23.350341796875057],[80.38916778564459,23.350030899047965],[80.38712310791021,23.34803009033226],[80.38475799560547,23.34295082092291],[80.38149261474626,23.33951950073265],[80.37345886230463,23.338811874389876],[80.37016296386747,23.336708068847827],[80.36692810058622,23.332168579101562],[80.35787200927734,23.329259872436523],[80.36403656005865,23.314641952514762],[80.36361694335943,23.312040328979492],[80.36148834228516,23.30899047851591],[80.32212066650419,23.303899765014876],[80.31984710693371,23.304920196533146],[80.31973266601562,23.309379577636832],[80.32086944580078,23.315450668335075],[80.3058090209961,23.32193756103527],[80.29521179199247,23.333139419555835],[80.2933502197265,23.336931228637695],[80.29148864746094,23.344841003418253],[80.29162597656244,23.346220016479492],[80.29547882080095,23.352142333984375],[80.29519653320341,23.35481834411621],[80.29139709472685,23.356430053710994],[80.28585052490263,23.362922668457088],[80.27776336669922,23.359191894531193],[80.27291870117199,23.3584880828858],[80.27039337158209,23.353290557861385],[80.26867675781256,23.33079147338873],[80.26622009277372,23.326179504394645],[80.26151275634783,23.321689605713004],[80.2546997070313,23.319000244140625],[80.24925994873075,23.325258255004996],[80.24636077880865,23.33463096618675],[80.24092864990251,23.33538055419939],[80.23980712890625,23.334409713745117],[80.23529815673834,23.333879470825195],[80.22856903076178,23.334760665893725],[80.22522735595732,23.339599609375],[80.22313690185558,23.34085083007824],[80.2179489135745,23.338649749756144],[80.2163696289063,23.337160110473633],[80.21395874023466,23.336671829223746],[80.20339202880865,23.33567047119152],[80.19635772705084,23.337329864502067],[80.19283294677729,23.337139129638786],[80.19381713867205,23.33179092407238],[80.19346618652344,23.32907295227062],[80.18266296386747,23.32761955261242],[80.17534637451172,23.325668334960938],[80.1702499389649,23.323230743408146],[80.16842651367205,23.32081031799322],[80.16513061523466,23.30896949768089],[80.16233062744158,23.302919387817496],[80.15680694580095,23.30471038818382],[80.14324188232416,23.316560745239258],[80.1233673095706,23.329048156738224],[80.12195587158209,23.330690383911133],[80.12034606933588,23.33512115478544],[80.12069702148466,23.340030670166016],[80.11872100830084,23.342309951782227],[80.11596679687494,23.341350555419865],[80.11229705810575,23.33838081359869],[80.10514068603516,23.321239471435604],[80.10114288330078,23.31973075866722],[80.09855651855497,23.32165908813488],[80.09712982177734,23.325500488281477],[80.0940322875976,23.328840255737475],[80.08911132812517,23.33185005188011],[80.08486175537121,23.332639694213867],[80.07305908203142,23.338701248168945],[80.06678771972673,23.347480773925838],[80.06395721435547,23.34931182861328],[80.05869293212919,23.35032081604004],[80.04564666748047,23.350179672241154],[80.03943634033232,23.35443115234375],[80.03507232666027,23.355510711669922],[80.02957916259783,23.355541229248274],[80.0245971679687,23.352561950683594],[80.02169036865263,23.347158432007006],[80.01602935791033,23.344039916992244],[80.01132202148443,23.34314918518072],[80.00222778320341,23.345960617065543],[79.99736022949236,23.34877014160179],[79.99247741699241,23.34724044799816],[79.98784637451172,23.348600387573356],[79.98301696777338,23.345880508422795],[79.97727966308605,23.346330642700195],[79.9699630737307,23.349239349365234],[79.96489715576166,23.356130599975586],[79.96415710449236,23.360769271850643],[79.96315002441435,23.36223983764671],[79.95610046386747,23.36271095275879],[79.95316314697271,23.36463928222662],[79.95233917236345,23.372699737548828],[79.94995117187506,23.374429702758846],[79.94518280029303,23.3758296966555],[79.94412994384783,23.37869071960472],[79.94433593750017,23.383302688598803],[79.94256591796886,23.386880874633903],[79.93338775634794,23.387121200561637],[79.93312835693365,23.390481948852823],[79.93625640869169,23.39941024780296],[79.93000793457048,23.404077529907227],[79.92585754394531,23.40320014953636],[79.92138671875028,23.39957046508789],[79.91870117187528,23.39061927795416],[79.90885925292986,23.38931274414074],[79.90480041503918,23.387331008911133],[79.89092254638689,23.37410926818842],[79.89037322998047,23.369951248169116],[79.88728332519548,23.366701126098803],[79.8826293945313,23.363689422607422],[79.87753295898449,23.363460540771598],[79.87367248535185,23.36634063720726],[79.86876678466791,23.36757087707531],[79.86654663085938,23.36628913879389],[79.86289978027361,23.369560241699446],[79.86206054687528,23.373159408569563],[79.86267089843744,23.377309799194336],[79.85714721679705,23.38513946533203],[79.85666656494163,23.38816070556652],[79.85742187500006,23.39229965209961],[79.85517120361357,23.396579742431697],[79.85439300537115,23.40035057067871],[79.85626983642584,23.409320831298828],[79.85838317871116,23.414760589599723],[79.85746765136747,23.418249130249137],[79.85462951660185,23.421899795532283],[79.85101318359386,23.42436027526867],[79.84414672851574,23.42500114440918],[79.83596038818354,23.42214012145996],[79.83439636230497,23.424039840698242],[79.83502197265642,23.43790054321306],[79.83756256103521,23.4481201171875],[79.83225250244163,23.44819068908714],[79.82224273681658,23.445552825927734],[79.81981658935547,23.436599731445426],[79.81732177734375,23.43515968322754],[79.81472015380865,23.4397811889649],[79.81178283691423,23.442461013793945],[79.80825042724638,23.443250656127873],[79.80461120605474,23.44268989562994],[79.80364990234398,23.444000244140682],[79.80892181396501,23.463050842285213],[79.80779266357422,23.46747016906761],[79.80610656738287,23.469890594482536],[79.80352783203136,23.46936988830589],[79.79765319824236,23.462009429931697],[79.79339599609403,23.46656990051281],[79.79689788818376,23.471042633056754],[79.80165100097673,23.48231124877924],[79.80822753906273,23.4902400970459],[79.80885314941435,23.494150161743164],[79.80480957031256,23.501831054687614],[79.80874633789062,23.503639221191406],[79.81192016601574,23.50621986389166],[79.81421661376947,23.509870529174805],[79.82161712646513,23.515220642089844],[79.8278427124024,23.51333045959484],[79.83323669433622,23.510299682617188],[79.83748626708979,23.50621032714872],[79.84379577636736,23.508188247680778],[79.85443878173857,23.523420333862305],[79.86527252197271,23.535400390625114],[79.86843872070312,23.541442871093807],[79.86873626709013,23.54565238952648],[79.87193298339866,23.55228233337408],[79.88819885253935,23.57221031188965],[79.89601135253935,23.578781127929688],[79.89906311035185,23.584840774536417],[79.90248107910185,23.586240768432674],[79.914047241211,23.587680816650618],[79.9208221435548,23.59502983093273],[79.92221069335955,23.598400115966854],[79.9236602783206,23.607490539551065],[79.9275970458985,23.611549377441406],[79.9311065673831,23.61822128295904],[79.93492889404325,23.622457504272518],[79.93752288818365,23.62297058105463],[79.9426498413086,23.621498107910156],[79.94708251953148,23.623130798340128],[79.93884277343756,23.63421058654791],[79.93807220458984,23.640251159668026],[79.9391326904298,23.64681053161621],[79.94156646728521,23.650672912597656],[79.94750213623075,23.65479850769043],[79.9493179321289,23.659320831298828],[79.94548797607439,23.66756820678711],[79.93530273437528,23.67229270935087],[79.93470672736736,23.67390105179102],[79.940643,23.6771373],[79.942164,23.6740025],[79.9529183,23.6730707],[79.9553032,23.6767084],[79.9604696,23.6817377],[79.963805,23.6830935],[79.9724362,23.6774034],[79.9793885,23.6764326],[79.9818128,23.6739098],[79.9842802,23.6739602],[79.9876469,23.672226],[79.9910462,23.6722952],[79.9985787,23.6790978],[79.9984494,23.6870803],[80.0068128,23.6930935],[80.0076461,23.6948106],[80.0151299,23.6947431],[80.0159957,23.695644],[80.0160193,23.7000336],[80.0218209,23.7043354],[80.0252796,23.7096105],[80.0309632,23.711492],[80.0284688,23.7142219],[80.0283934,23.7154657],[80.0260578,23.7174783],[80.0208185,23.7194664],[80.0201227,23.723745],[80.0166725,23.7267178],[80.0234795,23.7289269],[80.0243291,23.7298106],[80.0241315,23.7322144],[80.0223908,23.7337141],[80.0234795,23.7347602],[80.0242965,23.7381098],[80.0257199,23.7394778],[80.0268291,23.7371926],[80.0310307,23.7372781],[80.0309461,23.7414334],[80.0367794,23.7456269],[80.0441972,23.7480333],[80.0501616,23.7511062],[80.0570781,23.7461339],[80.0609485,23.7481277],[80.0666533,23.7480113],[80.0689376,23.7491881],[80.071305,23.7527981],[80.0693023,23.755055],[80.0695285,23.7622427],[80.076484,23.7604601],[80.081528,23.762506],[80.0854017,23.7695047],[80.0918795,23.7739586],[80.0939214,23.7739171],[80.0960136,23.7705772],[80.1000501,23.7706594],[80.1051022,23.7681562],[80.1076461,23.7655764],[80.1142322,23.7655097],[80.116388,23.770185],[80.1206735,23.7716515],[80.1267355,23.7685289],[80.1278797,23.7743932],[80.137861,23.7764618],[80.145492,23.7803925],[80.1515764,23.7767033],[80.1515656,23.7712754],[80.1540547,23.7672621]]]}},{"type":"Feature","properties":{"state":"Madhya Pradesh","state_slug":"madhya_pradesh","district":"Mandla","district_slug":"mandla","district_as_supplied":"Mandla","renamed_from_source":false,"layers":{"climate":true,"ndvi":true,"soil_moisture":true,"crop_des":true,"groundwater":true,"advisory":true},"climate_kind":"gee"},"geometry":{"type":"MultiPolygon","coordinates":[[[[80.4075259,23.1711058],[80.40901290091806,23.16856921325309],[80.4067666,23.1674797],[80.4056924,23.1619752],[80.4041746,23.1620061],[80.4033421,23.1594416],[80.4014093,23.1575847],[80.4000242,23.1480527],[80.4068128,23.1456098],[80.4085384,23.1413295],[80.4066738,23.1395375],[80.4067096,23.1377558],[80.4126518,23.1288927],[80.4183436,23.1290091],[80.4209616,23.1264936],[80.4189557,23.1224141],[80.4199292,23.1201983],[80.4176998,23.1173766],[80.4173704,23.1146914],[80.4190837,23.111781],[80.418263,23.1093883],[80.4225416,23.0994995],[80.4224575,23.0953712],[80.4242016,23.0916596],[80.4242794,23.0889659],[80.429146,23.0856668],[80.4342145,23.0839757],[80.4341722,23.0819058],[80.4308136,23.0786094],[80.422508,23.0736725],[80.4208885,23.0703345],[80.4159795,23.0677875],[80.4158576,23.0663152],[80.4167965,23.0655935],[80.4217405,23.0644201],[80.421625,23.0587517],[80.4231353,23.0528122],[80.4227929,23.0506761],[80.4199974,23.0469924],[80.4242355,23.0450947],[80.4256995,23.0390872],[80.4290735,23.0373497],[80.438359,23.0373595],[80.4392984,23.0364569],[80.4404879,23.0304251],[80.4476217,23.0322936],[80.4525094,23.0289798],[80.4559388,23.0289098],[80.4601372,23.0306131],[80.462865,23.0296796],[80.46936,23.0307368],[80.4721058,23.0333751],[80.4707826,23.0362696],[80.4729114,23.0384028],[80.4789336,23.0363325],[80.4805319,23.0297765],[80.4877715,23.031492],[80.4917802,23.0314098],[80.4959331,23.0335493],[80.5027882,23.0322798],[80.5029634,23.0307441],[80.5008234,23.0286881],[80.5009015,23.0231974],[80.5059315,23.018926],[80.5068128,23.0189439],[80.5072213,23.017685],[80.5098068,23.0168004],[80.5126299,23.0214431],[80.5165695,23.0227216],[80.5188384,23.0261819],[80.5225485,23.0280935],[80.5259144,23.0247765],[80.5289873,23.0257547],[80.5304537,23.0287779],[80.5347856,23.0301834],[80.5392973,23.0347122],[80.5405384,23.0385346],[80.54482593416728,23.042785130908257],[80.55229949951178,23.032165527343977],[80.56877899169939,22.990957260131893],[80.57907867431658,22.962112426757983],[80.57907867431658,22.922967910766715],[80.56671905517578,22.890001296997184],[80.5610122680664,22.87953376770014],[80.56537628173845,22.87709045410179],[80.56649780273455,22.87032127380388],[80.56826782226568,22.868667602539062],[80.57575225830084,22.865989685058594],[80.57785797119146,22.86445808410656],[80.57858276367193,22.862480163574503],[80.5843963623048,22.859180450439396],[80.59575653076178,22.859020233154467],[80.62149810791021,22.85558128356945],[80.63430786132818,22.853080749511776],[80.6393280029298,22.85128974914562],[80.6425170898438,22.8482418060305],[80.64568328857422,22.841199874878157],[80.64782714843756,22.83897972106945],[80.65119934082048,22.840631484985295],[80.65556335449236,22.841510772705305],[80.66316986083996,22.839050292968693],[80.66443634033226,22.837881088256836],[80.6756362915039,22.838520050048942],[80.6767807006836,22.840829849243164],[80.67629241943388,22.848949432373274],[80.67737579345709,22.85073280334467],[80.68363952636719,22.850200653076286],[80.6866531372072,22.85470008850126],[80.69809722900408,22.851730346679915],[80.70524597167991,22.85670089721674],[80.70858764648455,22.86124992370611],[80.71151733398443,22.86330986022972],[80.7264862060548,22.859380722046183],[80.72904205322266,22.857852935791016],[80.73126220703136,22.85203170776373],[80.73591613769531,22.845779418945312],[80.730209350586,22.84085273742693],[80.72299957275396,22.839252471923885],[80.72116851806635,22.83637046813982],[80.72299957275396,22.832761764526367],[80.72319793701178,22.8223304748538],[80.7246704101563,22.814140319824446],[80.7409057617188,22.816400527954045],[80.759086608887,22.813829421997298],[80.7633209228515,22.814300537109375],[80.77813720703153,22.82174110412592],[80.78441619873053,22.819530487060717],[80.79051971435553,22.825950622558594],[80.79450988769554,22.82776069641119],[80.81899261474621,22.834381103515852],[80.82377624511713,22.845970153808594],[80.82762145996111,22.851030349731502],[80.8373184204101,22.8526096343997],[80.85015869140625,22.85252189636242],[80.86473846435575,22.849969863891545],[80.85753631591791,22.833950042724723],[80.85037994384771,22.82197952270502],[80.84733581542974,22.810241699218864],[80.85015869140625,22.80835914611845],[80.86200714111334,22.80735015869169],[80.86390686035162,22.80635070800787],[80.86480712890642,22.792770385742188],[80.8628616333009,22.76375007629406],[80.86342620849638,22.759330749511662],[80.87480926513695,22.75922012329113],[80.88887023925781,22.76090049743675],[80.902359008789,22.7592391967774],[80.91400909423845,22.755970001220817],[80.92088317871111,22.755018234252987],[80.92681121826189,22.749950408935547],[80.93389129638672,22.745519638061637],[80.93418121337919,22.74325942993164],[80.92534637451178,22.736400604248047],[80.92175292968756,22.731510162353572],[80.912857055664,22.718631744384936],[80.9104232788086,22.71239089965843],[80.91107940673857,22.709480285644588],[80.92133331298834,22.70708084106451],[80.92172241210943,22.7039928436281],[80.91750335693365,22.682210922241325],[80.91841125488298,22.680919647217024],[80.92199707031261,22.6790008544923],[80.92539215087919,22.677890777587947],[80.9331893920899,22.677270889282283],[80.93615722656267,22.67527961730957],[80.93828582763672,22.666999816894645],[80.94789123535185,22.654859542846737],[80.94888305664074,22.640960693359602],[80.95043182373041,22.63932037353544],[80.95513153076178,22.636940002441406],[80.95783233642607,22.637939453125057],[80.95771026611345,22.644277572631836],[80.95881652832026,22.647739410400618],[80.96492004394526,22.64544105529791],[80.98367309570312,22.645751953125057],[80.99691009521513,22.641281127929688],[80.99925231933588,22.637430191040096],[80.99944305419916,22.631620407104606],[80.99784851074224,22.62653160095209],[80.99292755126982,22.62034034729004],[80.98667144775385,22.615459442138672],[80.98181152343773,22.613981246948242],[80.97837066650396,22.614259719848803],[80.97566986083984,22.611892700195256],[80.97232055664091,22.611160278320483],[80.96656036376976,22.61283111572277],[80.96118927001959,22.61185073852539],[80.95546722412115,22.60732078552246],[80.951187133789,22.60247993469261],[80.95130920410162,22.598100662231673],[80.95289611816418,22.59614181518566],[80.9596786499024,22.59346008300804],[80.95849609375,22.591171264648665],[80.94536590576178,22.590869903564453],[80.93740844726591,22.585130691528548],[80.9348220825197,22.586469650268498],[80.93242645263678,22.589147567748967],[80.93070220947288,22.588979721069506],[80.92878723144554,22.58548927307129],[80.92794036865251,22.577470779418945],[80.92840576171898,22.573980331421126],[80.93519592285173,22.565391540527344],[80.9397964477539,22.55577087402372],[80.94171905517578,22.555229187011832],[80.95089721679693,22.55938148498558],[80.95588684082037,22.560060501098576],[80.95726013183622,22.55808258056652],[80.95867919921875,22.546752929687727],[80.96172332763689,22.543092727661133],[80.97286987304693,22.542039871215877],[80.96848297119146,22.5212020874024],[80.9396362304688,22.50266075134283],[80.8922500610351,22.469694137573356],[80.87165069580072,22.4490909576416],[80.86340332031278,22.4367294311524],[80.8737106323245,22.426427841186637],[80.88607025146507,22.420246124267692],[80.89636993408226,22.40788459777849],[80.90666961669945,22.391401290893555],[80.89636993408226,22.364616394043026],[80.8853912353515,22.349971771240234],[80.88379669189459,22.3516902923584],[80.87181854248075,22.35803985595703],[80.86638641357428,22.358699798583984],[80.86048889160162,22.361440658569506],[80.85874938964844,22.364931106567326],[80.85707855224632,22.377878189087028],[80.854736328125,22.379190444946403],[80.85182952880876,22.37928009033226],[80.84626770019543,22.384340286254996],[80.84117126464861,22.387470245361442],[80.83773040771501,22.388280868530387],[80.83809661865251,22.38310050964367],[80.83685302734398,22.381969451904297],[80.82068634033232,22.385429382324332],[80.81429290771484,22.389102935791243],[80.80689239501959,22.390420913696346],[80.80531311035173,22.393381118774585],[80.80445098876959,22.398609161376953],[80.79219055175787,22.397661209106502],[80.78952026367193,22.39648246765148],[80.78864288330107,22.394109725952376],[80.79178619384766,22.384170532226562],[80.7905883789062,22.380420684814567],[80.78650665283226,22.3760604858399],[80.78790283203136,22.372341156005916],[80.79209899902355,22.366729736328182],[80.79186248779303,22.3629608154298],[80.78586578369158,22.3519611358642],[80.78483581542997,22.346939086914176],[80.78616333007841,22.326890945434627],[80.78050231933611,22.31345939636236],[80.77057647705095,22.315490722656193],[80.76651000976591,22.315370559692553],[80.75319671630871,22.30830001831083],[80.74720764160179,22.303329467773438],[80.73850250244152,22.291948318481445],[80.73507690429699,22.283939361572266],[80.71958923339872,22.280780792236385],[80.71241760253923,22.274202346801758],[80.70715332031273,22.27252006530756],[80.70340728759777,22.27359962463396],[80.69876098632835,22.273250579833984],[80.69712829589838,22.26979064941429],[80.69625854492193,22.257310867309684],[80.69742584228538,22.251260757446232],[80.70968627929716,22.23763084411621],[80.71198272705107,22.2359428405764],[80.71750640869169,22.233848571777287],[80.72175598144548,22.221530914306754],[80.72104644775396,22.218009948730582],[80.71627807617193,22.216672897339038],[80.7042465209961,22.206092834472884],[80.69921875000011,22.204530715942326],[80.69274902343744,22.205410003662337],[80.68258666992216,22.213319778442383],[80.67751312255876,22.213029861450252],[80.67056274414091,22.21450042724615],[80.66644287109392,22.216449737548828],[80.66116333007818,22.220790863037053],[80.6556930541995,22.222471237182674],[80.6516723632813,22.222219467163086],[80.64734649658197,22.22336959838873],[80.63986968994169,22.227260589599723],[80.62200164794939,22.22693061828636],[80.60323333740263,22.228378295898438],[80.59733581542997,22.230079650878906],[80.5949478149414,22.232809066772745],[80.59082031250006,22.234359741210994],[80.58618927001953,22.232669830322266],[80.57633972167997,22.231309890747298],[80.54415130615246,22.237358093261946],[80.52912139892595,22.24143981933622],[80.52500915527366,22.243150711059798],[80.52200317382841,22.245491027831974],[80.52043151855491,22.248929977416992],[80.51973724365246,22.26358032226574],[80.51357269287115,22.264099121093807],[80.50903320312528,22.265541076660327],[80.50551605224615,22.26898956298828],[80.50395965576189,22.272529602051065],[80.49996185302734,22.275592803955078],[80.49099731445312,22.272769927978572],[80.48425292968761,22.27213287353527],[80.47905731201178,22.274211883544922],[80.47767639160162,22.277700424194506],[80.47157287597662,22.279199600219954],[80.45799255371111,22.28006935119629],[80.4570388793947,22.268329620361328],[80.45607757568376,22.264909744262752],[80.4448318481447,22.264430999756144],[80.44184875488304,22.250101089477653],[80.4404373168947,22.248430252075366],[80.43157958984403,22.247289657592887],[80.42896270751947,22.245981216430664],[80.42417144775402,22.24665069580078],[80.41145324707048,22.24648094177269],[80.40899658203125,22.25095939636242],[80.40960693359398,22.256219863891545],[80.4129867553711,22.269218444824446],[80.41327667236357,22.277111053466797],[80.4124603271485,22.2814998626709],[80.39904785156267,22.294071197509766],[80.3951263427735,22.301269531250227],[80.39041900634777,22.306480407715128],[80.38049316406261,22.3087100982666],[80.37609863281278,22.308740615844954],[80.36904144287138,22.306829452514762],[80.36457824707037,22.303617477416935],[80.36067199707026,22.302381515502987],[80.33470153808622,22.299570083618164],[80.32935333251982,22.3030300140382],[80.32929992675787,22.3064994812014],[80.33685302734392,22.322490692138672],[80.33801269531267,22.329599380493278],[80.33190155029314,22.333360671997298],[80.32750701904314,22.340578079223633],[80.32469177246094,22.343151092529354],[80.31871795654291,22.345859527588004],[80.31234741210943,22.346250534057674],[80.30690765380876,22.344970703125057],[80.29971313476568,22.341720581054744],[80.29548645019548,22.338911056518555],[80.28502655029303,22.329080581664982],[80.27896439761365,22.32565779699839],[80.2803802,22.3336622],[80.2820469,22.3352065],[80.2807505,22.3394491],[80.2770801,22.3394466],[80.2731927,22.3413766],[80.2760003,22.3485866],[80.2803574,22.3526239],[80.2816147,22.3565948],[80.2837445,22.3586953],[80.2895786,22.3586292],[80.2913291,22.3612075],[80.29459,22.3669797],[80.2927565,22.3696438],[80.2937135,22.3736622],[80.2957122,22.377439],[80.291251,22.3818685],[80.2912778,22.3844353],[80.2887135,22.3886305],[80.2877085,22.3938956],[80.2834425,22.401069],[80.2854136,22.4078009],[80.2853151,22.4102865],[80.2903761,22.4135549],[80.2908258,22.4162774],[80.2878794,22.4177977],[80.288043,22.4219354],[80.2857489,22.4240617],[80.2857945,22.4248284],[80.2878338,22.4272608],[80.2936761,22.431033],[80.2937738,22.4335038],[80.2918507,22.4375779],[80.2813039,22.4385337],[80.276572,22.4422709],[80.2770469,22.4453289],[80.2787363,22.4468937],[80.28063,22.4559175],[80.2798021,22.4601702],[80.2757814,22.4615312],[80.2699615,22.4671069],[80.2696541,22.4684289],[80.2694923,22.4725225],[80.2706628,22.4762194],[80.2718592,22.4772883],[80.2744639,22.4786668],[80.2786932,22.4784992],[80.2837469,22.479464],[80.2835337,22.4848476],[80.286583,22.4909349],[80.2837461,22.4953289],[80.2791017,22.4964351],[80.2737778,22.503694],[80.2704543,22.5067732],[80.2702199,22.512693],[80.2811322,22.5141844],[80.2828802,22.5208562],[80.2795745,22.5243772],[80.2787461,22.5269956],[80.2745469,22.5319638],[80.2735312,22.5351722],[80.268067,22.5357554],[80.2648648,22.5335188],[80.2595639,22.5336123],[80.2586452,22.5346037],[80.2540745,22.5342675],[80.2500034,22.5311124],[80.2416947,22.5309831],[80.2420469,22.5353289],[80.2437274,22.5368852],[80.2445469,22.5403289],[80.2458449,22.5415312],[80.2472316,22.5487961],[80.2520094,22.551051],[80.25191,22.5595983],[80.2653802,22.5622242],[80.2622642,22.5670262],[80.2660703,22.5778859],[80.2638515,22.5811407],[80.2630641,22.5811305],[80.2587791,22.5793207],[80.2573094,22.5745627],[80.2537285,22.5740367],[80.2437135,22.5761305],[80.2377972,22.5798963],[80.2379136,22.5828278],[80.2342702,22.5862039],[80.2362135,22.5917507],[80.235359,22.592901],[80.2310327,22.5949428],[80.230311,22.5987202],[80.2329128,22.6011305],[80.2339617,22.6077171],[80.2387461,22.6086305],[80.2407196,22.6133776],[80.238008,22.6158903],[80.2365814,22.6199588],[80.2387542,22.6219716],[80.2378501,22.6245517],[80.237973,22.6276582],[80.2328802,22.6286305],[80.2320477,22.630395],[80.2285451,22.6303779],[80.2273828,22.6319568],[80.2273882,22.6350209],[80.2224453,22.6400301],[80.222302,22.6413821],[80.2241011,22.6456091],[80.2229128,22.6486622],[80.2199066,22.6500807],[80.2187461,22.6561622],[80.2136501,22.6620426],[80.213777,22.6652616],[80.2119676,22.6657762],[80.2054029,22.6643736],[80.2029404,22.667031],[80.19917802581995,22.667441243150776],[80.20513916015648,22.673580169677848],[80.20861816406278,22.675350189208984],[80.21353912353538,22.671550750732422],[80.22489166259783,22.674650192260742],[80.22850036621088,22.676128387451172],[80.22978210449247,22.677629470825423],[80.23108673095726,22.680509567260685],[80.23053741455107,22.68299293518072],[80.23332977294922,22.6910209655764],[80.2319412231447,22.695529937744084],[80.2275695800783,22.69926071166998],[80.22849273681635,22.703250885009993],[80.23161315917969,22.708999633789233],[80.23192596435541,22.715879440307845],[80.23604583740257,22.720300674438647],[80.2456512451173,22.72261047363304],[80.2670288085937,22.721309661865405],[80.27390289306658,22.722940444946232],[80.28414916992216,22.72731971740734],[80.27938079834013,22.73180961608881],[80.27858734130865,22.733842849731616],[80.27813720703125,22.749160766601676],[80.27361297607445,22.767709732055778],[80.27584075927751,22.78470993041998],[80.27455139160162,22.787950515747355],[80.27018737792991,22.791511535644645],[80.2620391845706,22.796129226684684],[80.23941802978516,22.799770355224666],[80.23465728759766,22.801309585571403],[80.20890045166016,22.803121566772575],[80.2037582397461,22.801349639892862],[80.20050048828142,22.79836273193365],[80.19931793212885,22.79570960998558],[80.20033264160156,22.78946113586437],[80.19986724853527,22.782360076904297],[80.1962203979495,22.77948951721214],[80.18956756591808,22.77786064147972],[80.17833709716791,22.768030166626204],[80.17238616943388,22.766620635986442],[80.16372680664068,22.768161773681925],[80.1110000610351,22.77061080932623],[80.09635162353533,22.77288055419922],[80.08306121826178,22.768209457397745],[80.06784820556669,22.76016044616705],[80.06532287597662,22.75937080383295],[80.06037902832054,22.760080337524528],[80.05393981933622,22.76299285888672],[80.04321289062523,22.776729583740348],[80.03642272949213,22.78370094299322],[80.02992248535168,22.787628173828352],[80.0198364257812,22.79190826416044],[80.01435089111328,22.79594039917015],[80.01101684570341,22.80113983154297],[80.0091857910158,22.80599975585949],[80.00421142578142,22.813352584839095],[80.00257110595709,22.821050643921012],[79.99807739257824,22.827869415283317],[79.99124908447283,22.82990074157715],[79.9800415039063,22.83032989501953],[79.97500610351557,22.8332710266115],[79.96446990966825,22.844921112060547],[79.95732879638672,22.854690551757756],[79.95925903320318,22.873781204223917],[79.96131896972673,22.87848091125511],[79.96559143066412,22.88282012939476],[79.96803283691412,22.887649536133097],[79.96470642089838,22.890390396118278],[79.96301269531267,22.89563941955589],[79.96317291259777,22.914800643921126],[79.96569824218767,22.918060302734375],[79.96582031250028,22.921960830688704],[79.9537124633789,22.935092926025334],[79.94818878173834,22.93909072875971],[79.9465789794923,22.9431095123291],[79.94877624511724,22.94475173950201],[79.94589996337896,22.947099685668945],[79.94676208496105,22.949720382690657],[79.95247650146513,22.955120086669865],[79.98253631591803,22.97165107727062],[79.9921188354495,22.9797306060791],[79.99550628662115,22.975410461425895],[79.99913787841803,22.97326850891136],[80.00266265869135,22.973350524902344],[80.00518798828142,22.97549247741705],[80.00576782226562,22.979219436645565],[80.00331878662115,22.983749389648494],[79.99198913574213,22.99115753173851],[79.98789215087913,22.992570877075252],[79.9860382080081,22.995521545410156],[79.98805236816412,23.000350952148494],[79.9910125732423,23.00333976745611],[79.99887084960955,23.006580352783487],[80.00020599365251,23.008211135864315],[79.99999237060541,23.010381698608626],[79.99803924560575,23.013761520385742],[79.99526214599626,23.016059875488224],[79.98902893066412,23.014238357543945],[79.98636627197288,23.012680053710938],[79.98560333251976,23.013919830322266],[79.9880981445313,23.018999099731616],[79.98887634277372,23.028110504150504],[79.98995208740234,23.029060363769702],[80.00035858154308,23.03143119812023],[80.00929260253935,23.03145980834961],[80.01770019531278,23.0357418060305],[80.02758026123053,23.038169860839957],[80.03100585937523,23.039859771728516],[80.03624725341814,23.04458999633789],[80.04122161865251,23.051639556884766],[80.0509185791015,23.057170867919922],[80.05444335937506,23.061151504516772],[80.05954742431658,23.064830780029297],[80.06317138671892,23.066770553589038],[80.0705871582033,23.067520141601847],[80.07417297363293,23.0695228576663],[80.07553863525408,23.071189880371094],[80.07639312744163,23.07710075378418],[80.07858276367182,23.077999114990234],[80.09636688232422,23.079860687255803],[80.10150909423845,23.07801246643072],[80.10150909423845,23.06306076049816],[80.10433959960955,23.055389404296875],[80.10671997070335,23.053449630737305],[80.10972595214844,23.052900314331282],[80.11244201660179,23.053398132324503],[80.11519622802729,23.05557060241722],[80.12406921386724,23.059820175171012],[80.12821960449219,23.05972290039074],[80.13363647460943,23.05839157104515],[80.1349716186524,23.056810379028548],[80.13394927978516,23.049110412597656],[80.13664245605474,23.047178268432845],[80.13871765136719,23.04959106445341],[80.14404296875017,23.047210693359375],[80.14901733398438,23.051151275634993],[80.1540985107423,23.051799774170036],[80.15808868408232,23.04910087585472],[80.16279602050804,23.04167938232422],[80.16458129882824,23.035930633545036],[80.16924285888672,23.028640747070256],[80.1728515625,23.024892807006893],[80.17616271972662,23.023580551147575],[80.18044281005876,23.024919509887695],[80.18418884277372,23.029760360717773],[80.18483734130876,23.036470413208292],[80.18147277832037,23.046871185302734],[80.17484283447294,23.061548233032227],[80.17617797851591,23.06449127197277],[80.17923736572294,23.06792068481468],[80.18563079833984,23.070011138916243],[80.19618988037115,23.07052993774414],[80.19766998291021,23.074449539184684],[80.19795989990246,23.078620910644474],[80.1970520019533,23.0854110717774],[80.19481658935553,23.0875701904298],[80.18553161621122,23.091320037841797],[80.18347930908197,23.092859268188704],[80.18266296386747,23.102891921997013],[80.1765899658206,23.110719680786133],[80.17339324951189,23.11782073974615],[80.17378234863298,23.122270584106502],[80.1749877929688,23.125221252441406],[80.18110656738304,23.130720138550032],[80.19359588623041,23.132431030273608],[80.1996383666995,23.13097953796415],[80.20272827148449,23.131341934204272],[80.21412658691412,23.134750366210938],[80.22130584716797,23.14117050170921],[80.2242889404298,23.14235115051281],[80.23355102539068,23.14305114746122],[80.2393875122072,23.149890899658374],[80.24489593505854,23.151269912719783],[80.25573730468778,23.14882087707548],[80.27040863037138,23.148660659789982],[80.27105712890642,23.146850585937614],[80.27014923095709,23.143791198730582],[80.26674652099632,23.136711120605526],[80.26747131347656,23.13125038146984],[80.26970672607439,23.12827110290533],[80.27350616455072,23.125150680541992],[80.27568054199224,23.12096023559593],[80.28148651123075,23.11388015747093],[80.28295898437523,23.11264991760271],[80.29080200195318,23.10959053039568],[80.29220581054682,23.108591079712028],[80.29608917236334,23.101711273193416],[80.29918670654303,23.099189758300895],[80.30282592773466,23.098739624023665],[80.31356048583979,23.103071212768782],[80.32437133789068,23.104511260986328],[80.3279418945313,23.10770988464384],[80.33110809326166,23.118740081787223],[80.33867645263678,23.121299743652628],[80.34198760986322,23.123180389404467],[80.34609985351585,23.127189636230526],[80.34851837158203,23.13249015808117],[80.34990692138695,23.138950347900675],[80.3524017333985,23.140790939331055],[80.35623931884794,23.142248153686637],[80.3706359863283,23.143461227416992],[80.3759078979495,23.14466094970703],[80.38154602050787,23.14709091186546],[80.38392639160168,23.152971267700252],[80.38381958007812,23.160850524902514],[80.38941955566435,23.171850204467773],[80.3912582397461,23.17356109619169],[80.39334869384766,23.174350738525618],[80.40143585205107,23.17458915710472],[80.40696716308622,23.172960281372298],[80.4075259,23.1711058]]],[[[80.87281799316423,22.336481094360636],[80.87383270263678,22.343019485473633],[80.8753509521485,22.34630012512207],[80.88518524169933,22.34970283508318],[80.87404632568382,22.334848403930664],[80.87281799316423,22.336481094360636]]]]}},{"type":"Feature","properties":{"state":"Madhya Pradesh","state_slug":"madhya_pradesh","district":"Narsinghpur","district_slug":"narsinghpur","district_as_supplied":"Narsimhapur","renamed_from_source":true,"layers":{"climate":true,"ndvi":true,"soil_moisture":true,"crop_des":true,"groundwater":true,"advisory":true},"climate_kind":"gee"},"geometry":{"type":"Polygon","coordinates":[[[79.0575763,23.1969018],[79.0647138,23.1969213],[79.066977,23.2028856],[79.06956106510798,23.20511189917435],[79.07150268554682,23.20528984069847],[79.07746124267578,23.203790664672795],[79.07829284667974,23.20152091979986],[79.08027648925776,23.201021194458235],[79.08428192138666,23.19770050048828],[79.08702850341803,23.199550628662166],[79.09072113037138,23.204610824585245],[79.10134124755865,23.208620071411133],[79.10095977783209,23.20232963562023],[79.09925079345709,23.198488235473633],[79.10151672363287,23.191240310668945],[79.10099792480474,23.184770584106445],[79.10138702392607,23.182970046997184],[79.10735321044916,23.184930801391772],[79.10930633544939,23.18275260925293],[79.109428405762,23.179399490356616],[79.1082382202149,23.176229476928654],[79.1085815429688,23.172540664673022],[79.11158752441423,23.173400878906364],[79.11467742919928,23.17552947998047],[79.13149261474632,23.174041748046875],[79.14276947381849,23.174688237114736],[79.1441986,23.1709773],[79.1467491,23.1675815],[79.1527045,23.1692112],[79.1581106,23.1696457],[79.1608226,23.1669618],[79.1631106,23.1671457],[79.1686778,23.1618876],[79.1718838,23.1498989],[79.1707378,23.1466189],[79.1675957,23.1455992],[79.1686385,23.1396003],[79.1722195,23.1428213],[79.1776801,23.1436533],[79.1836094,23.1507671],[79.1908848,23.144595],[79.19546,23.1442274],[79.2060362,23.1479832],[79.2083694,23.1477957],[79.2117869,23.1490509],[79.2143458,23.1446935],[79.2144,23.1396691],[79.2191225,23.1416438],[79.2287539,23.1380989],[79.2326841,23.1420843],[79.2324315,23.1459717],[79.2379328,23.1536331],[79.2411497,23.1524597],[79.2424852,23.1494664],[79.2480736,23.1459661],[79.2503205,23.1371165],[79.2582362,23.1347175],[79.2599887,23.1357616],[79.2583804,23.137631],[79.2612612,23.1418426],[79.2655858,23.1430262],[79.2682537,23.1420592],[79.2672329,23.147887],[79.2690827,23.1477384],[79.2707048,23.1506453],[79.2682152,23.1578499],[79.2708706,23.1629779],[79.2756875,23.1599606],[79.279702,23.1532329],[79.2822012,23.1561331],[79.2856297,23.154819],[79.2908183,23.1471884],[79.2916697,23.1472058],[79.2968659,23.1484192],[79.2993187,23.1532367],[79.3053847,23.1594267],[79.3082973,23.1596607],[79.3103831,23.1563313],[79.3153449,23.1549732],[79.3224082,23.1544056],[79.3211693,23.1569975],[79.3226981,23.1597373],[79.32279097727272,23.16508316093165],[79.32726287841808,23.161029815673885],[79.32694244384766,23.15860939025896],[79.32345581054682,23.15349006652832],[79.32376098632835,23.150300979614315],[79.32801055908232,23.15043067932129],[79.343070983887,23.155490875244197],[79.36564636230486,23.16707992553711],[79.3664321899414,23.160520553588924],[79.36550140380865,23.156211853027628],[79.36357116699219,23.152902603149414],[79.36107635498064,23.15023040771507],[79.35031890869169,23.14331054687517],[79.34744262695341,23.140480041503906],[79.34767150878918,23.13701248168951],[79.35090637207043,23.13150978088379],[79.34652709960949,23.11772918701172],[79.34512329101585,23.10806083679205],[79.35337829589872,23.10753059387207],[79.35938262939453,23.108100891113338],[79.36717987060564,23.111850738525504],[79.37394714355497,23.113260269165266],[79.38099670410162,23.11166191101097],[79.39050292968756,23.1048011779788],[79.39581298828125,23.10231971740717],[79.40110778808611,23.101049423217887],[79.41983032226562,23.10733985900879],[79.43180847167986,23.10833930969244],[79.44145965576178,23.102001190185547],[79.44431304931646,23.099161148071516],[79.45022583007818,23.09729194641119],[79.45401763916021,23.098831176757756],[79.46601867675787,23.108659744262695],[79.4772033691408,23.12221908569336],[79.49130249023432,23.13115119934099],[79.49948120117216,23.13894081115717],[79.50479888916044,23.142169952392692],[79.51288604736345,23.14423942565918],[79.53018951416044,23.140899658203182],[79.54132080078142,23.139659881591854],[79.5504302978515,23.137710571289347],[79.55789947509783,23.134931564331282],[79.56556701660156,23.1336612701416],[79.57052612304688,23.130252838134766],[79.57245635986334,23.125062942504883],[79.57309722900419,23.11637115478527],[79.5750961303711,23.11384010314964],[79.58022308349626,23.11158180236822],[79.59699249267595,23.1074275970459],[79.60666656494169,23.10686111450201],[79.60898590087885,23.105070114135856],[79.60193634033197,23.099281311035156],[79.60404968261736,23.096401214599723],[79.6081466674807,23.09358978271507],[79.60781097412138,23.09272956848156],[79.60502624511736,23.09141159057623],[79.59723663330084,23.091360092163086],[79.59667968750006,23.08687019348139],[79.60056304931669,23.075159072876033],[79.60115051269543,23.066480636596737],[79.59400939941412,23.06306076049816],[79.59187316894531,23.059009552002067],[79.59210968017584,23.051839828491325],[79.58954620361345,23.046409606933764],[79.59043884277372,23.040210723877124],[79.59298706054705,23.034772872925032],[79.59030151367182,23.030210494995345],[79.58635711669922,23.026720046997127],[79.58528900146513,23.024209976196516],[79.58721923828153,23.021560668945426],[79.59784698486351,23.021070480346737],[79.60304260253935,23.01967811584484],[79.60272216796892,23.016742706298828],[79.6004028320312,23.01379013061529],[79.59995269775396,23.010980606079272],[79.60192871093744,23.007801055908203],[79.60946655273443,23.004102706909237],[79.61129760742205,23.00226020813011],[79.60919952392595,22.995349884033317],[79.61073303222673,22.99176979064964],[79.61884307861334,22.99336814880371],[79.62355041503906,22.990640640259016],[79.63276672363287,22.980028152465934],[79.63359832763666,22.974670410156193],[79.62870788574224,22.97128105163597],[79.62095642089872,22.969369888305607],[79.61750030517584,22.967689514160384],[79.61582183837919,22.960319519043253],[79.61650085449224,22.95726013183605],[79.61244964599626,22.95461082458496],[79.59854888916016,22.951190948486555],[79.58956146240251,22.946271896362532],[79.57752990722673,22.944339752197493],[79.57907104492205,22.94083976745617],[79.58586120605497,22.93457984924322],[79.59417724609375,22.915399551391545],[79.60119628906267,22.917350769043196],[79.60552978515653,22.917100906372184],[79.60903930664062,22.91493034362793],[79.61575317382818,22.904769897460994],[79.617660522461,22.896150588989258],[79.6159286499024,22.888008117675838],[79.61882019042991,22.875778198242244],[79.61654663085943,22.871589660644588],[79.60823059082026,22.861209869384822],[79.60150909423857,22.861181259155273],[79.59510803222673,22.865039825439567],[79.593246459961,22.862079620361328],[79.5819931030274,22.85297966003418],[79.58093261718761,22.848920822143498],[79.56829071044928,22.83423042297386],[79.56330108642584,22.834079742431868],[79.55359649658226,22.83068084716797],[79.54707336425787,22.826930999755973],[79.53814697265648,22.819969177246207],[79.53826141357439,22.81298065185547],[79.5368270874024,22.806690216064737],[79.52272796630888,22.79103279113764],[79.513900756836,22.78331947326666],[79.51036834716808,22.777790069580078],[79.51004791259766,22.773429870605582],[79.51313781738287,22.768249511719034],[79.51310729980469,22.763700485229663],[79.50485229492182,22.756631851196346],[79.50617980957026,22.752420425415096],[79.50895690917991,22.752010345459155],[79.51702880859403,22.753850936889705],[79.51201629638695,22.739950180053768],[79.51143646240257,22.727212905884016],[79.50755310058611,22.722209930420036],[79.50002288818388,22.72381019592291],[79.4949188232423,22.726150512695312],[79.4887084960938,22.73037147521984],[79.48445892334001,22.731540679931925],[79.4782333374024,22.730340957641886],[79.46640014648443,22.725999832153263],[79.46473693847685,22.730260848999137],[79.46598052978533,22.735839843750114],[79.46800994873075,22.73978996276884],[79.46691131591814,22.741830825805607],[79.46351623535156,22.743061065673828],[79.45730590820341,22.73749160766596],[79.44883728027344,22.731580734253214],[79.43215179443388,22.72713279724144],[79.42067718505888,22.72809982299833],[79.40688323974615,22.724420547485465],[79.40585327148432,22.719520568847656],[79.40767669677757,22.71647834777832],[79.40619659423857,22.712879180908146],[79.39251708984392,22.7011528015139],[79.3993606567384,22.7002601623538],[79.39775085449224,22.691190719604435],[79.39533233642607,22.685380935668945],[79.3880233764649,22.67939186096197],[79.38622283935564,22.673400878906477],[79.37740325927763,22.671039581298885],[79.37407684326178,22.66778182983404],[79.37449645996116,22.6635799407959],[79.37309265136736,22.65904998779297],[79.36257171630876,22.653430938720703],[79.35733032226585,22.646160125732592],[79.34494781494146,22.64281082153326],[79.33811187744169,22.636301040649528],[79.33358001709001,22.634220123291072],[79.33203125000011,22.628110885620117],[79.33024597167991,22.624679565429688],[79.31949615478533,22.61791038513212],[79.29281616210938,22.620399475097713],[79.29164886474626,22.622610092163313],[79.29213714599638,22.626329421997298],[79.29828643798822,22.638820648193473],[79.29933166503912,22.642601013183537],[79.29928588867188,22.647832870483512],[79.29545593261736,22.650470733642862],[79.28262329101574,22.648950576782227],[79.27897644042997,22.653221130371207],[79.27848815917986,22.65641975402832],[79.2809219360351,22.671421051025447],[79.28672027587896,22.67522048950201],[79.2891082763673,22.67784118652372],[79.29022979736357,22.6834201812747],[79.28322601318376,22.691410064697493],[79.27867126464861,22.694810867309798],[79.27445983886736,22.695520401000977],[79.26843261718756,22.694732666015625],[79.25968170166021,22.688070297241268],[79.25888824462896,22.69057083129877],[79.25408172607422,22.693149566650447],[79.25406646728533,22.699190139770735],[79.25237274169922,22.704210281372355],[79.24941253662138,22.709102630615405],[79.24106597900385,22.716800689697322],[79.23825073242188,22.720600128174055],[79.23886871337896,22.723329544067326],[79.24909210205095,22.73055076599144],[79.25480651855486,22.73612022399908],[79.2558517456057,22.741979598999023],[79.25388336181658,22.744899749755973],[79.24259948730486,22.75119972229021],[79.23976898193376,22.754190444946573],[79.23594665527361,22.7652397155764],[79.23674011230469,22.76964950561529],[79.2385711669923,22.773492813110295],[79.23900604248064,22.778190612793082],[79.23394775390653,22.79225921630865],[79.23383331298845,22.79680061340332],[79.23500061035173,22.79819107055664],[79.23475646972668,22.80162048339855],[79.22654724121105,22.809600830078182],[79.22519683837919,22.815761566162337],[79.22339630126959,22.817632675171012],[79.21293640136741,22.813591003418196],[79.18768310546892,22.80778121948248],[79.18694305419922,22.798969268798828],[79.18286132812528,22.798618316650618],[79.17209625244146,22.788612365722713],[79.16723632812511,22.789148330688477],[79.15963745117205,22.79433059692377],[79.15519714355497,22.794460296630973],[79.14443206787115,22.790319442749137],[79.13677978515625,22.79108810424799],[79.13149261474632,22.790769577026367],[79.12293243408209,22.784660339355753],[79.1204223632813,22.776279449463118],[79.11618041992188,22.767959594726562],[79.0937118530274,22.760269165039176],[79.08972167968773,22.756719589233455],[79.08815002441406,22.752500534057845],[79.084716796875,22.74711990356468],[79.08201599121111,22.746051788330192],[79.07814788818388,22.74831962585455],[79.07557678222662,22.748249053955305],[79.07080078125,22.74637985229498],[79.06849670410156,22.74880981445324],[79.06832122802734,22.752380371093807],[79.0641098022461,22.75162124633789],[79.06122589111345,22.75500106811552],[79.05957794189459,22.758619308471737],[79.05631256103521,22.760030746460075],[79.04606628417974,22.759170532226733],[79.03875732421875,22.761510848999137],[79.03325653076178,22.755910873413086],[79.02897644042986,22.75398063659668],[79.02339935302763,22.748661041259822],[79.01119995117216,22.742122650146484],[79.00891876220714,22.73936271667486],[79.01058959960943,22.736850738525447],[79.01812744140642,22.734560012817496],[79.02176666259766,22.73217964172386],[79.01937103271513,22.729450225830192],[79.01048278808611,22.729499816894588],[79.00740051269543,22.728610992431868],[79.0084228515625,22.719392776489485],[79.01422119140653,22.71322059631342],[79.02124023437506,22.71084976196289],[79.01922607421886,22.705078125000057],[79.01709747314482,22.703470230102653],[79.0091781616211,22.7017307281497],[79.00109863281261,22.696781158447322],[79.00026702880882,22.69304084777832],[79.00109100341825,22.691221237182788],[79.01001739501959,22.690620422363565],[79.01152038574241,22.687549591064624],[79.0098419189456,22.685091018676815],[79.00659179687528,22.683580398559627],[79.00644683837902,22.68166160583496],[79.010726928711,22.675239562988452],[79.01235198974621,22.67077064514183],[79.0122680664063,22.667110443115178],[79.00875091552729,22.66398239135748],[79.00731658935553,22.659919738769815],[79.0134963989259,22.654800415039006],[79.01303863525396,22.65108108520502],[79.00955963134766,22.649248123169002],[79.00447082519554,22.649219512939453],[79.00167083740246,22.646852493286133],[78.99990844726568,22.644092559814453],[79.00155639648438,22.641532897949446],[79.00315093994146,22.641059875488395],[79.00331878662132,22.6382999420166],[79.00499725341797,22.634199142456055],[79.00479888916016,22.63142013549816],[78.99447631835955,22.62667083740257],[78.99240112304688,22.62499046325695],[78.99104309082048,22.62155914306652],[78.98838806152344,22.620780944824276],[78.97931671142607,22.62426948547369],[78.96679687500017,22.62523269653343],[78.96362304687506,22.624940872192553],[78.95752716064459,22.622369766235465],[78.94505310058611,22.627721786499023],[78.93888092041044,22.629501342773438],[78.92426300048845,22.639570236206282],[78.91543579101591,22.648691177368278],[78.9134292602539,22.65300178527832],[78.91266632080078,22.668411254882812],[78.91117858886724,22.670709609985522],[78.90518951416033,22.675680160522575],[78.89508819580095,22.679340362549],[78.88537597656267,22.681030273437727],[78.87239074707048,22.68132019042963],[78.86023712158209,22.68234825134283],[78.85550689697288,22.683521270751953],[78.85127258300787,22.68324089050293],[78.84295654296903,22.68696975708025],[78.83515167236357,22.685270309448185],[78.82923126220732,22.67086982727045],[78.82633972167974,22.66659927368164],[78.81304168701183,22.658220291137752],[78.80027008056635,22.655221939087028],[78.78076171875028,22.652799606323356],[78.77427673339872,22.650640487671126],[78.77319335937494,22.64888954162609],[78.7732772827149,22.646102905273665],[78.77831268310575,22.63373184204096],[78.77847290039091,22.631759643554858],[78.77392578125028,22.6289901733399],[78.76409149169922,22.625560760498217],[78.7546081542971,22.624170303344897],[78.74333953857428,22.624969482421932],[78.73594665527372,22.626541137695597],[78.7305526733399,22.629470825195483],[78.72731781005865,22.632980346679744],[78.72370910644554,22.640171051025675],[78.71849060058611,22.647159576416243],[78.71163177490234,22.653608322143498],[78.70439147949219,22.656351089477653],[78.69040679931635,22.65579032897972],[78.68469238281244,22.6565074920656],[78.68123626708996,22.65928077697754],[78.67925262451178,22.662099838257063],[78.67684936523449,22.66951179504406],[78.6760177612307,22.67374992370611],[78.67531585693388,22.695421218872184],[78.67418670654308,22.699581146240234],[78.67434692382841,22.7021999359132],[78.68644714355486,22.708839416503906],[78.68802642822271,22.71053123474144],[78.68739318847673,22.713661193847713],[78.67917633056658,22.71669006347679],[78.6722106933596,22.722660064697266],[78.6711730957033,22.728759765625114],[78.67310333251953,22.73457908630394],[78.68859863281256,22.757169723510856],[78.69040679931635,22.76126289367687],[78.69158172607439,22.766710281372298],[78.6885833740235,22.77301979064947],[78.68444061279325,22.777811050415096],[78.68250274658226,22.77971267700218],[78.6780166625976,22.780950546264705],[78.66998291015636,22.779851913452262],[78.6675796508789,22.778440475464095],[78.66271972656278,22.773120880127237],[78.65869903564482,22.77041816711437],[78.65458679199236,22.76992034912115],[78.64955902099638,22.77552986145031],[78.64701843261724,22.781770706176985],[78.64424896240229,22.783840179443303],[78.64198303222673,22.78330993652355],[78.64173889160185,22.770242691039982],[78.64037322998053,22.766628265381144],[78.6380462646485,22.76358985900879],[78.63468933105497,22.761941909790266],[78.63051605224604,22.76137924194336],[78.62737274169928,22.762870788574276],[78.62552642822294,22.768949508667106],[78.62535858154308,22.772310256958292],[78.62602996826178,22.7935218811038],[78.6294860839846,22.79656982421875],[78.63217163085943,22.800529479980412],[78.62988281250006,22.802089691162223],[78.61908721923845,22.79927062988304],[78.61382293701178,22.79940986633312],[78.61052703857439,22.80048942565918],[78.6083526611331,22.803550720214957],[78.60777282714872,22.807720184326172],[78.61286926269537,22.812639236450195],[78.61474609375,22.815551757812784],[78.61573791503912,22.82072830200218],[78.61167907714861,22.820869445800838],[78.59893035888678,22.81623840332054],[78.59297180175798,22.815731048583984],[78.58954620361345,22.81633949279791],[78.58464813232428,22.818809509277457],[78.583023071289,22.82272911071783],[78.58339691162121,22.82650947570795],[78.59488677978533,22.833391189575195],[78.59596252441435,22.83584022521984],[78.5946502685548,22.8504695892334],[78.59387969970714,22.853651046753214],[78.59050750732439,22.857219696045036],[78.5823669433596,22.859239578247127],[78.57699584960943,22.86182022094738],[78.57227325439459,22.8649711608889],[78.56944274902372,22.86993980407732],[78.56887817382841,22.872480392456282],[78.57021331787138,22.874059677124308],[78.57334136962908,22.87468910217291],[78.58110809326183,22.873750686645565],[78.58429718017584,22.874929428100586],[78.58696746826178,22.87709808349632],[78.58830261230474,22.879320144653434],[78.58863830566412,22.88227844238287],[78.58171081542986,22.88072013854992],[78.57948303222662,22.88150978088379],[78.575736999512,22.885080337524414],[78.57462310791027,22.89179992675787],[78.57563018798845,22.895128250122184],[78.57824707031261,22.897470474243107],[78.58255767822288,22.90360069274908],[78.58262634277355,22.913419723510913],[78.58023834228521,22.91926193237299],[78.57711029052729,22.92300987243675],[78.57585906982428,22.926769256592024],[78.57686614990263,22.933740615844897],[78.57621002197266,22.939199447631836],[78.56770324707037,22.94511032104498],[78.56561279296903,22.949792861938477],[78.56619262695341,22.958740234375227],[78.56334686279325,22.960580825805778],[78.54963684082043,22.96016120910656],[78.53266906738276,22.964099884033203],[78.52844238281278,22.964410781860295],[78.51396942138683,22.958669662475813],[78.5092010498048,22.957660675048828],[78.50522613525408,22.957759857177848],[78.49888610839872,22.95889854431158],[78.49748992919945,22.961811065673828],[78.49195861816429,22.9677104949954],[78.48568725585943,22.9694118499757],[78.48088073730474,22.969060897827262],[78.47602844238276,22.966400146484432],[78.47151184082031,22.962560653686808],[78.46615600585938,22.961181640625],[78.46324157714838,22.961629867553825],[78.4602127075197,22.96389007568382],[78.45794677734392,22.96681022644043],[78.45691680908232,22.974311828613452],[78.45906829834001,22.977411270141772],[78.46772003173834,22.981502532958984],[78.46820831298822,22.98406982421875],[78.46737670898443,22.985799789428768],[78.46392059326195,22.98744010925293],[78.45672607421903,22.987840652466105],[78.4457092285158,22.980720520019645],[78.44313812255882,22.977880477905273],[78.43696594238298,22.98830032348627],[78.4428024291995,22.99409294128418],[78.45352935791033,23.001220703125],[78.45822143554693,23.007490158081055],[78.46382904052751,23.008960723876953],[78.47670745849632,23.010660171509016],[78.48831939697271,23.01057052612316],[78.51024627685553,23.014970779418945],[78.5214080810548,23.015020370483683],[78.5276489257813,23.015960693359602],[78.53945159912132,23.019781112671183],[78.56149291992205,23.0188503265382],[78.57383728027372,23.017080307006893],[78.5806732177735,23.014430999755803],[78.58532714843767,23.01460266113304],[78.59036254882818,23.01597023010254],[78.59913635253912,23.02010917663597],[78.61215209960966,23.03160285949707],[78.61753082275402,23.033840179443473],[78.62087249755865,23.031860351562614],[78.63159179687506,23.028259277343693],[78.6410064697265,23.027090072631836],[78.6463699340822,23.02876281738287],[78.65727233886719,23.037950515747127],[78.663070678711,23.04124832153326],[78.6769409179688,23.040700912475813],[78.68235778808622,23.03953170776373],[78.68782043457037,23.039819717407227],[78.69956970214838,23.043581008911133],[78.7205886840822,23.047668457031364],[78.72396087646496,23.049600601196346],[78.72593688964844,23.05200004577648],[78.7316665649414,23.061372756958008],[78.7375564575197,23.065580368042106],[78.73922729492199,23.068210601806754],[78.73773956298845,23.070159912109432],[78.7375717163086,23.07333946228033],[78.74341583251964,23.073392868042106],[78.74627685546886,23.077180862426758],[78.75240325927729,23.07913970947277],[78.75002288818382,23.08276939392084],[78.75205993652361,23.0834903717041],[78.75808715820341,23.08070945739746],[78.76139068603533,23.082241058349837],[78.76319885253912,23.084859848022404],[78.7695693969726,23.08833122253435],[78.77081298828148,23.090660095215014],[78.77484893798857,23.093408584594727],[78.78357696533209,23.093389511108512],[78.7905578613283,23.09523963928234],[78.79450225830107,23.10123062133789],[78.79751586914085,23.11050987243675],[78.79757690429716,23.113759994507063],[78.79202270507841,23.1170597076416],[78.78530120849615,23.118450164794922],[78.78421783447294,23.121730804443416],[78.78536987304716,23.13111114501953],[78.79010772705107,23.136360168457145],[78.79148101806652,23.13898086547846],[78.79181671142584,23.142459869384766],[78.79107666015653,23.14411926269554],[78.79088592529325,23.14933013916027],[78.79358673095714,23.151720046997013],[78.79634094238287,23.15233039855957],[78.79550170898432,23.156440734863224],[78.79547119140653,23.165969848632756],[78.79846191406256,23.169120788574446],[78.79627227783197,23.184320449829215],[78.79679870605497,23.1885414123538],[78.80029296875017,23.201177597046183],[78.80417633056646,23.20717811584501],[78.80779266357428,23.214780807495288],[78.80903625488293,23.220001220703125],[78.80918884277372,23.223590850830135],[78.8081665039063,23.227630615234375],[78.80457305908226,23.232339859008903],[78.80332946777338,23.2373695373538],[78.80155181884794,23.239271163940487],[78.80377960205084,23.242111206054858],[78.81137847900408,23.247800827026367],[78.81439971923845,23.25234985351574],[78.81696319580084,23.254631042480753],[78.82744598388678,23.25548934936552],[78.83152770996122,23.251960754394815],[78.83927154541021,23.24248123168951],[78.84039306640625,23.230049133300895],[78.84230804443365,23.228160858154354],[78.84632110595709,23.226240158081055],[78.85455322265648,23.22677993774414],[78.85900878906261,23.22619056701683],[78.86942291259788,23.221021652221793],[78.87988281250006,23.21897125244152],[78.88813018798834,23.215969085693416],[78.89105987548822,23.21656036376953],[78.89241027832048,23.220291137695597],[78.89852905273455,23.227041244507063],[78.9028778076173,23.2292098999024],[78.91034698486345,23.227148056030217],[78.91625213623064,23.22987937927246],[78.92492675781273,23.235549926758097],[78.92819976806669,23.235771179199332],[78.93463897705084,23.23191070556652],[78.93773651123075,23.227960586547965],[78.93910980224621,23.223209381103572],[78.93894195556635,23.219949722290153],[78.93627929687517,23.21380805969244],[78.93955230712908,23.21305084228544],[78.94721221923834,23.216392517089844],[78.95722198486357,23.213640213012752],[78.96443176269537,23.2096405029298],[78.96759796142578,23.204229354858683],[78.96959686279325,23.20405960083025],[78.97511291503912,23.201038360595703],[78.97760009765653,23.204980850219727],[78.98333740234403,23.209440231323413],[78.98854827880876,23.215709686279297],[78.99629974365263,23.210710525512695],[79.00231170654297,23.20963287353527],[79.00538635253912,23.207889556884766],[79.010971069336,23.202850341796875],[79.01828002929682,23.19856071472168],[79.02162170410162,23.197570800781307],[79.02509307861357,23.196821212768498],[79.03000640869146,23.19701957702631],[79.0404357910158,23.197719573974723],[79.04521942138689,23.198890686035213],[79.0482330322265,23.19733047485363],[79.04981994628906,23.195220947265625],[79.05667072563233,23.197543881926617],[79.0575763,23.1969018]]]}},{"type":"Feature","properties":{"state":"Madhya Pradesh","state_slug":"madhya_pradesh","district":"Raisen","district_slug":"raisen","district_as_supplied":"Raisen","renamed_from_source":false,"layers":{"climate":true,"ndvi":true,"soil_moisture":true,"crop_des":true,"groundwater":true,"advisory":true},"climate_kind":"gee"},"geometry":{"type":"MultiPolygon","coordinates":[[[[77.372215,23.0155715],[77.3733258,23.0119741],[77.3778404,23.0093828],[77.3847687,23.0020261],[77.3910875,23.0002136],[77.3932282,22.9978176],[77.4030996,22.9967888],[77.4066376,22.9948664],[77.4074925,23.0003542],[77.4087764,23.0027165],[77.4113454,23.0036407],[77.4135545,22.9988275],[77.4193231,22.9969153],[77.4235163,22.9901693],[77.4319236,22.9869373],[77.4342621,22.9870767],[77.4329341,22.9837499],[77.4351392,22.9777449],[77.436837,22.9770208],[77.4383258,22.9786875],[77.4423155,22.9794741],[77.4488629,22.9767507],[77.4501299,22.9744347],[77.4460513,22.9690597],[77.4479612,22.9655443],[77.4544525,22.9593894],[77.4567027,22.9595235],[77.4611656,22.9568865],[77.4609262,22.9488097],[77.4574597,22.9453992],[77.4597593,22.9370283],[77.4634849,22.9361615],[77.465873,22.9336875],[77.4666592,22.9311407],[77.4692064,22.9303542],[77.4701764,22.9292685],[77.4701298,22.9256268],[77.4741026,22.9238035],[77.4775397,22.9203542],[77.4783887,22.9152174],[77.4800596,22.9128254],[77.4793133,22.9105926],[77.4891685,22.8988101],[77.4900682,22.8958956],[77.4933572,22.8929571],[77.4980517313758,22.892080869269467],[77.49357604980486,22.889030456542912],[77.4902267456057,22.887960433960018],[77.48681640625028,22.888490676879996],[77.48355865478521,22.89013099670416],[77.4766464233399,22.89544105529808],[77.4721984863283,22.902299880981445],[77.46556854248047,22.90940093994169],[77.46216583251959,22.911462783813704],[77.45600128173845,22.91344070434593],[77.44683837890642,22.913522720337085],[77.44127655029308,22.91200256347679],[77.43724060058622,22.909589767456055],[77.4321594238283,22.90960121154791],[77.42859649658209,22.912200927734602],[77.42796325683611,22.914829254150675],[77.43036651611357,22.91707038879423],[77.43393707275396,22.923370361328125],[77.43418121337919,22.927621841430664],[77.43015289306646,22.933450698852596],[77.42988586425798,22.936260223388842],[77.43425750732439,22.94291114807129],[77.4340133666995,22.947111129761026],[77.43176269531267,22.950300216675032],[77.42465209960966,22.955602645874023],[77.42719268798845,22.958650588989542],[77.42690277099632,22.961261749267578],[77.42365264892601,22.961519241333292],[77.41989135742216,22.96473121643072],[77.41841125488298,22.96809005737299],[77.41440582275408,22.970792770385856],[77.40976715087919,22.9696502685548],[77.40277862548845,22.966148376464844],[77.39874267578136,22.965051651000977],[77.3952026367188,22.97694969177246],[77.39211273193376,22.98032951354992],[77.37393951416027,22.990011215210075],[77.36794281005865,22.994970321655387],[77.36293792724626,23.001131057739485],[77.36120605468767,23.00489807128929],[77.3681442543621,23.0174398058378],[77.372215,23.0155715]]],[[[77.522501,22.887805],[77.5241193,22.8879015],[77.5327781,22.8845208],[77.5367471,22.891338],[77.5366154,22.8935424],[77.5338279,22.8991171],[77.5394822,22.9055542],[77.5442145,22.9038562],[77.5574856,22.9020813],[77.5602493,22.8993334],[77.5651622,22.8978163],[77.5673806,22.8953334],[77.570873,22.8945208],[77.5734605,22.8927133],[77.5776097,22.8928004],[77.5791642,22.8861362],[77.5809998,22.8839562],[77.5785628,22.8798296],[77.5827338,22.8761026],[77.5865395,22.8763294],[77.5917169,22.871925],[77.5990998,22.872365],[77.600119,22.8690644],[77.6077208,22.8731952],[77.6118236,22.8842192],[77.6118234,22.8922716],[77.608414,22.893926],[77.6028823,22.9033799],[77.6055117,22.9057292],[77.6118533,22.9086399],[77.6116771,22.9116723],[77.6087661,22.9149141],[77.6101028,22.919243],[77.6128725,22.9203074],[77.6161827,22.9159108],[77.6231212,22.9163243],[77.6278017,22.91444],[77.635001,22.9142251],[77.6377049,22.9099739],[77.6435924,22.9086875],[77.6480158,22.9136386],[77.6533047,22.9144741],[77.6607058,22.9080187],[77.6703876,22.9094505],[77.6726162,22.9059465],[77.6781289,22.9062751],[77.6838593,22.9045208],[77.6938125,22.9089016],[77.6958393,22.9078002],[77.7159076,22.9129515],[77.7206212,22.9126706],[77.7228266,22.9138691],[77.7275666,22.9135866],[77.7324925,22.9153542],[77.743373,22.9169741],[77.7490619,22.9188534],[77.7501487,22.9235244],[77.7499852,22.9262695],[77.7549047,22.9294121],[77.7528546,22.9335419],[77.7632461,22.9375659],[77.7652144,22.9397688],[77.7650154,22.9457358],[77.7609795,22.9514431],[77.7544487,22.9523554],[77.7526457,22.951426],[77.7398719,22.9515343],[77.7348739,22.957838],[77.7291606,22.9606887],[77.7276461,22.9659077],[77.7275397,22.9665207],[77.7367064,22.9694741],[77.7377644,22.9706582],[77.7375192,22.9773629],[77.731804,22.9807539],[77.7343667,22.9854699],[77.7340224,22.9917692],[77.7351649,22.9938711],[77.7324435,23.0036371],[77.7289425,23.0053355],[77.7259795,23.0114431],[77.7218645,23.0134402],[77.7209482,23.0197916],[77.7192965,23.0205935],[77.7167621,23.0290099],[77.7190424,23.0337333],[77.7165013,23.0389312],[77.717602,23.0430407],[77.7192088,23.0444764],[77.7190102,23.0478097],[77.7212868,23.0498439],[77.7303913,23.0493012],[77.7335875,23.050448],[77.7351296,23.0521742],[77.7348932,23.0561419],[77.7379481,23.0578853],[77.7351294,23.0605935],[77.7351114,23.0631778],[77.7336898,23.0659369],[77.7309628,23.0672602],[77.7293128,23.0722765],[77.7267489,23.073109],[77.7220028,23.0780488],[77.7192489,23.0789423],[77.7159632,23.0814268],[77.7143128,23.0839431],[77.7086308,23.0886437],[77.7033962,23.0987855],[77.7089647,23.0984536],[77.7144261,23.102686],[77.7221125,23.1010439],[77.7244371,23.105732],[77.735141,23.1069859],[77.7350233,23.1139581],[77.7334636,23.113926],[77.7305547,23.1158979],[77.7276164,23.1139065],[77.7242815,23.1173774],[77.7240559,23.1220403],[77.7215023,23.1269973],[77.7201461,23.1339431],[77.7156898,23.1361054],[77.7139569,23.1400643],[77.7160311,23.1430339],[77.7142465,23.1456668],[77.7107648,23.1478354],[77.7142995,23.1489269],[77.7267003,23.1470406],[77.7275417,23.1443146],[77.7340155,23.1413435],[77.7387828,23.1403542],[77.7474925,23.1461875],[77.7551841,23.1470885],[77.7548863,23.1520914],[77.7576068,23.1570979],[77.7700031,23.1595231],[77.7750373,23.1594714],[77.7800397,23.1619741],[77.7806857,23.163233],[77.7776299,23.1672602],[77.7768128,23.1714431],[77.7750474,23.1750732],[77.7787551,23.1803811],[77.7843207,23.1800494],[77.7917064,23.181974],[77.7925373,23.182904],[77.795036,23.1828568],[77.7993386,23.1795227],[77.8010134,23.1813974],[77.8025303,23.1863101],[77.805588,23.189487],[77.7999358,23.193253],[77.8010923,23.1978073],[77.8043288,23.1960487],[77.8114931,23.1959022],[77.8124925,23.1970209],[77.8154071,23.1979209],[77.8183258,23.2011876],[77.8200397,23.201974],[77.8220107,23.2062687],[77.8242027,23.2061381],[77.8275556,23.2087363],[77.8302695,23.2087041],[77.8292308,23.2123887],[77.8273013,23.2146449],[77.8273356,23.2337739],[77.8237578,23.2349352],[77.8207882,23.2409329],[77.8219285,23.2450934],[77.8302366,23.2471085],[77.8334666,23.2470293],[77.8349937,23.2503569],[77.8438324,23.2502275],[77.8516291,23.2518932],[77.8558295,23.2486381],[77.8680121,23.2470209],[77.8691592,23.2495209],[77.8799132,23.2534237],[77.8835036,23.2586407],[77.8870062,23.2547203],[77.8935366,23.2535015],[77.89805,23.2537704],[77.8992446,23.2563737],[77.8991366,23.2581891],[77.8932408,23.2605913],[77.8933897,23.2630886],[77.895873,23.2653073],[77.8975869,23.2687277],[77.8970872,23.2771083],[77.8987661,23.2807475],[77.9002326,23.2812118],[77.9051935,23.2872488],[77.9088446,23.2859691],[77.9191368,23.2860173],[77.9250002,23.29618],[77.9336212,23.3012689],[77.9402545,23.301006],[77.9417564,23.2993848],[77.9464508,23.2995708],[77.9526646,23.3032708],[77.9656175,23.3027574],[77.9693687,23.3001761],[77.975849,23.3015319],[77.9794668,23.3034464],[77.9855231,23.3044816],[77.9921348,23.2991006],[77.993605,23.294458],[77.9951272,23.2945184],[77.9975014,23.2970806],[78.0025161,23.29708],[78.0033523,23.2935697],[78.0066669,23.2903149],[78.0088792,23.2892707],[78.0171788,23.2894282],[78.0183649,23.2869155],[78.021088,23.2870235],[78.0252545,23.2915204],[78.0293585,23.2980232],[78.0366669,23.2953149],[78.0415216,23.294388],[78.0433938,23.2953785],[78.0470673,23.295233],[78.0493638,23.2916768],[78.0525649,23.2887106],[78.0508798,23.2846642],[78.0509963,23.2789647],[78.0537901,23.2776463],[78.0584312,23.2693887],[78.0625356,23.2674517],[78.0819363,23.267606],[78.0920445,23.2698022],[78.0909701,23.257627],[78.092532,23.25618],[78.0933336,23.2536482],[78.0970441,23.2512522],[78.1010171,23.2503467],[78.1085399,23.2540772],[78.1139313,23.2512242],[78.1175002,23.25368],[78.1211216,23.2548266],[78.1281321,23.2675191],[78.1333002,23.2691553],[78.140956,23.26368],[78.1425002,23.2653467],[78.1453786,23.2662579],[78.1498361,23.271069],[78.1483279,23.2770028],[78.1495511,23.2793146],[78.1483323,23.2819838],[78.1484614,23.2852404],[78.1455748,23.2898576],[78.1488381,23.2960249],[78.1527403,23.2979738],[78.1546239,23.3000067],[78.150742,23.3053387],[78.1512661,23.3149141],[78.1582046,23.3163199],[78.1608568,23.3144392],[78.1623163,23.3161331],[78.1654948,23.3155935],[78.1683185,23.3111331],[78.1717755,23.3095904],[78.1761367,23.3045284],[78.1793338,23.3079273],[78.1790359,23.3117426],[78.1833185,23.3136951],[78.1892137,23.3144665],[78.1901455,23.3175616],[78.1974278,23.3224554],[78.2072374,23.3232436],[78.2085132,23.3214008],[78.2084534,23.3184701],[78.2117182,23.3145229],[78.2117739,23.3120153],[78.2158767,23.3111204],[78.2171348,23.3152998],[78.2206142,23.3143783],[78.225047,23.3111951],[78.2290644,23.3069339],[78.2346572,23.3077592],[78.2374665,23.3133156],[78.2355947,23.3154926],[78.2375067,23.3197779],[78.2400519,23.3219705],[78.2400821,23.3299007],[78.2387962,23.3326037],[78.2391474,23.3395227],[78.2428087,23.3452539],[78.2464529,23.3455467],[78.251098,23.3422532],[78.2528294,23.3461331],[78.2583494,23.3436158],[78.2604682,23.3447979],[78.2706606,23.3456169],[78.2728498,23.3430761],[78.2818549,23.3411651],[78.2834837,23.3392749],[78.2924852,23.3436951],[78.2987075,23.3455685],[78.3008804,23.3486331],[78.3017422,23.3514949],[78.3058804,23.3544665],[78.3087181,23.3577599],[78.3122862,23.3580467],[78.317547,23.3545284],[78.3203332,23.3512946],[78.3287063,23.3522106],[78.3312075,23.3551139],[78.3361229,23.356919],[78.342206,23.356788],[78.344199,23.3585051],[78.3454051,23.3690265],[78.3530202,23.3696384],[78.3583763,23.3660659],[78.360043,23.3661998],[78.3613796,23.3646484],[78.3643695,23.3663165],[78.3701212,23.3658544],[78.373629,23.3671424],[78.3783226,23.3667653],[78.3834699,23.37274],[78.3864069,23.3727525],[78.3885435,23.373706],[78.3900511,23.3778109],[78.3898065,23.3808541],[78.3922012,23.3836331],[78.3952757,23.3816291],[78.4008804,23.3844665],[78.402547,23.3861331],[78.4039968,23.3893821],[78.4076292,23.3896739],[78.4132868,23.3879707],[78.4143174,23.3867739],[78.4221133,23.3871325],[78.4353636,23.3812366],[78.4371572,23.3810925],[78.4396236,23.3860346],[78.4399445,23.3908051],[78.444136,23.3926754],[78.4458185,23.3953618],[78.448899,23.3972912],[78.449147,23.4003577],[78.4521348,23.4044665],[78.4543834,23.4036322],[78.4565481,23.4011198],[78.4625409,23.4011287],[78.4664712,23.4039155],[78.470399,23.4035999],[78.4753697,23.4047291],[78.4786253,23.4102166],[78.4924852,23.4178618],[78.5022333,23.4196876],[78.5054804,23.4194266],[78.5092495,23.4205615],[78.5116828,23.4228977],[78.5142259,23.419946],[78.5187641,23.4185796],[78.5212356,23.4146338],[78.5247366,23.4143525],[78.5280251,23.4155601],[78.5299933,23.414462],[78.5354328,23.4149141],[78.5374925,23.4078073],[78.5425067,23.406259],[78.5437376,23.4035775],[78.5466746,23.4002902],[78.5497406,23.4019562],[78.5559353,23.4011114],[78.5575373,23.402904],[78.5625397,23.4036407],[78.5677956,23.4068899],[78.570036,23.4070234],[78.5788642,23.402062],[78.5804979,23.4056216],[78.5824925,23.4078542],[78.5845071,23.4087788],[78.5895709,23.4144461],[78.5962661,23.4140808],[78.5945418,23.4098992],[78.5974591,23.4051775],[78.5983868,23.3993957],[78.5999461,23.3981006],[78.6008108,23.3927922],[78.6045901,23.3882605],[78.6059732,23.3723406],[78.6101142,23.3693606],[78.6116441,23.3712027],[78.6167214,23.3719589],[78.6174774,23.3753693],[78.6201402,23.3778633],[78.6196377,23.382794],[78.62244333758295,23.383416120370537],[78.62462615966814,23.367139816284293],[78.6337966918947,23.355720520019815],[78.63601684570341,23.34988975524925],[78.641098022461,23.346940994262752],[78.6477966308596,23.34163093566906],[78.6522598266601,23.340520858764876],[78.65820312500017,23.33663940429716],[78.66014862060547,23.33759117126459],[78.67189788818371,23.349809646606502],[78.67891693115263,23.34987068176281],[78.68614959716803,23.353942871093977],[78.699516296387,23.35724067687994],[78.70667266845703,23.35684967041027],[78.7128524780274,23.354780197143725],[78.71862030029308,23.349910736084098],[78.7229766845706,23.344230651855526],[78.72783660888689,23.3341007232666],[78.73715972900408,23.325330734253043],[78.73973083496116,23.32067108154297],[78.74024963378906,23.317729949951342],[78.74372863769554,23.31410980224615],[78.75197601318388,23.31199073791504],[78.75389862060575,23.305250167846907],[78.76438140869169,23.298099517822266],[78.7627792358399,23.293409347534407],[78.75784301757835,23.288560867309798],[78.7548370361331,23.27989959716797],[78.75277709960932,23.270282745361555],[78.75284576416016,23.262649536132926],[78.75129699707048,23.251649856567496],[78.75916290283209,23.247489929199446],[78.76357269287132,23.249610900879134],[78.76539611816423,23.251720428466797],[78.77604675292963,23.251411437988395],[78.78502655029314,23.24895095825201],[78.79534149169939,23.243370056152628],[78.7978515625,23.23970031738287],[78.80155181884794,23.239271163940487],[78.80332946777338,23.2373695373538],[78.80457305908226,23.232339859008903],[78.8081665039063,23.227630615234375],[78.80918884277372,23.223590850830135],[78.80779266357428,23.214780807495288],[78.80417633056646,23.20717811584501],[78.80029296875017,23.201177597046183],[78.79679870605497,23.1885414123538],[78.79627227783197,23.184320449829215],[78.79846191406256,23.169120788574446],[78.79547119140653,23.165969848632756],[78.79550170898432,23.156440734863224],[78.79634094238287,23.15233039855957],[78.79358673095714,23.151720046997013],[78.79088592529325,23.14933013916027],[78.79107666015653,23.14411926269554],[78.79181671142584,23.142459869384766],[78.79148101806652,23.13898086547846],[78.79010772705107,23.136360168457145],[78.78536987304716,23.13111114501953],[78.78421783447294,23.121730804443416],[78.78530120849615,23.118450164794922],[78.79202270507841,23.1170597076416],[78.79757690429716,23.113759994507063],[78.79751586914085,23.11050987243675],[78.79450225830107,23.10123062133789],[78.7905578613283,23.09523963928234],[78.78357696533209,23.093389511108512],[78.77484893798857,23.093408584594727],[78.77081298828148,23.090660095215014],[78.7695693969726,23.08833122253435],[78.76319885253912,23.084859848022404],[78.76139068603533,23.082241058349837],[78.75808715820341,23.08070945739746],[78.75205993652361,23.0834903717041],[78.75002288818382,23.08276939392084],[78.75240325927729,23.07913970947277],[78.74627685546886,23.077180862426758],[78.74341583251964,23.073392868042106],[78.7375717163086,23.07333946228033],[78.73773956298845,23.070159912109432],[78.73922729492199,23.068210601806754],[78.7375564575197,23.065580368042106],[78.7316665649414,23.061372756958008],[78.72396087646496,23.049600601196346],[78.7205886840822,23.047668457031364],[78.69956970214838,23.043581008911133],[78.68782043457037,23.039819717407227],[78.68235778808622,23.03953170776373],[78.6769409179688,23.040700912475813],[78.663070678711,23.04124832153326],[78.65727233886719,23.037950515747127],[78.6463699340822,23.02876281738287],[78.6410064697265,23.027090072631836],[78.63159179687506,23.028259277343693],[78.62087249755865,23.031860351562614],[78.61753082275402,23.033840179443473],[78.61215209960966,23.03160285949707],[78.59913635253912,23.02010917663597],[78.59036254882818,23.01597023010254],[78.58532714843767,23.01460266113304],[78.5806732177735,23.014430999755803],[78.57383728027372,23.017080307006893],[78.56149291992205,23.0188503265382],[78.53945159912132,23.019781112671183],[78.5276489257813,23.015960693359602],[78.5214080810548,23.015020370483683],[78.51024627685553,23.014970779418945],[78.48831939697271,23.01057052612316],[78.47017669677734,23.010229110717887],[78.45822143554693,23.007490158081055],[78.45352935791033,23.001220703125],[78.4428024291995,22.99409294128418],[78.43457794189482,22.985900878906364],[78.4225463867188,22.97772979736328],[78.39119720458984,22.965641021728686],[78.3896560668947,22.962650299072493],[78.3858032226562,22.958421707153377],[78.38063812255871,22.949171066284237],[78.35249328613281,22.925359725952262],[78.34780883789091,22.922758102416992],[78.34098815917963,22.921140670776424],[78.3219833374024,22.92156028747587],[78.31658172607439,22.919031143188477],[78.30030822753935,22.902599334716854],[78.29219055175798,22.890590667724723],[78.28871917724604,22.883541107177848],[78.28304290771501,22.87664031982422],[78.2754516601563,22.87170028686529],[78.26963806152355,22.872001647949332],[78.26428222656278,22.875480651855412],[78.25461578369158,22.878589630127237],[78.2494277954101,22.8776798248291],[78.23393249511747,22.870281219482422],[78.22889709472656,22.87193107604986],[78.22193145751982,22.87766075134283],[78.20881652832048,22.895059585571516],[78.19712066650419,22.89563941955589],[78.19341278076172,22.8946208953858],[78.186752319336,22.89044952392601],[78.17933654785162,22.877910614013672],[78.175521850586,22.87317085266119],[78.16707611084001,22.870960235595987],[78.15458679199247,22.865209579468],[78.14170837402361,22.85373115539562],[78.13198852539062,22.8481903076173],[78.12413787841814,22.83975982666027],[78.12171173095709,22.833112716674805],[78.12140655517607,22.808540344238224],[78.11989593505888,22.80496025085472],[78.11406707763672,22.796791076660384],[78.11100769042969,22.79482078552246],[78.107406616211,22.79372978210455],[78.09855651855463,22.793319702148438],[78.0960998535158,22.79566955566412],[78.09044647216803,22.797941207885856],[78.08322906494146,22.802280426025504],[78.06755828857428,22.8143825531007],[78.0601196289063,22.816392898559684],[78.0503997802735,22.814180374145508],[78.03864288330107,22.807790756225586],[78.03244018554688,22.805789947509766],[78.02854919433605,22.805189132690543],[78.02436065673822,22.806022644043253],[78.0269165039063,22.8133296966555],[78.0257568359375,22.81668090820324],[78.02751922607445,22.824108123779467],[78.02619171142601,22.8266410827639],[78.01986694335943,22.831630706787166],[78.01844024658214,22.833778381347656],[78.01811981201172,22.83615112304716],[78.02478027343767,22.84280014038103],[78.02545166015653,22.845359802246094],[78.0228424072265,22.848651885986612],[78.02030181884794,22.853982925414982],[78.01817321777366,22.85613059997587],[78.00504302978544,22.85876083374052],[78.00451660156261,22.860742568969954],[78.00566864013666,22.864080429077376],[78.01172637939482,22.874610900879134],[78.01522827148455,22.883960723877067],[78.01830291748064,22.884180068969727],[78.02043151855474,22.883380889892692],[78.02382659912126,22.88561248779297],[78.02571105957048,22.888320922851562],[78.02739715576183,22.893842697143782],[78.02928924560575,22.906600952148608],[78.02918243408203,22.91109085083025],[78.0264968872072,22.914529800415266],[78.01967620849615,22.91715812683117],[78.01420593261747,22.925170898437727],[78.0118408203125,22.927110671997298],[78.00933837890642,22.927511215209904],[78.00778198242205,22.931142807006836],[78.00535583496094,22.932960510253906],[78.00093841552751,22.933469772338867],[77.99305725097685,22.931100845336914],[77.9808731079101,22.914939880371207],[77.97805023193376,22.915201187133732],[77.97325897216814,22.911750793457202],[77.96350860595714,22.907989501953352],[77.9569091796875,22.90656089782732],[77.94412994384766,22.905479431152344],[77.94190216064459,22.908710479736442],[77.948257446289,22.91798973083496],[77.95114135742205,22.929389953613338],[77.95123291015648,22.93332099914545],[77.95836639404291,22.943641662597656],[77.96076965332054,22.949689865112305],[77.961166381836,22.961307525634993],[77.96022796630888,22.964569091796875],[77.94119262695324,22.963371276855753],[77.91649627685553,22.958959579467887],[77.90674591064453,22.959949493408203],[77.8700408935548,22.952411651611612],[77.85040283203136,22.945671081542912],[77.83927917480474,22.942979812622127],[77.82982635498064,22.934801101684684],[77.8172073364259,22.927999496460018],[77.81234741210943,22.923040390014705],[77.79757690429682,22.91232109069847],[77.78399658203153,22.906951904296818],[77.77348327636724,22.900531768799112],[77.7641983032226,22.900882720947322],[77.75447845458979,22.905790328979663],[77.74951171874994,22.905820846557617],[77.7228775024414,22.897319793701115],[77.700248718262,22.88770294189453],[77.6954879760745,22.8865203857423],[77.69034576416044,22.883159637451286],[77.68004608154325,22.87874031066923],[77.67531585693354,22.867889404297046],[77.67044067382818,22.86275291442894],[77.66826629638666,22.8582382202149],[77.67005157470709,22.854099273681868],[77.67758941650402,22.847709655761946],[77.69061279296892,22.84266090393072],[77.68907928466814,22.838619232177734],[77.68788146972685,22.83752059936546],[77.67977142333984,22.840391159057617],[77.66786956787121,22.84630966186529],[77.66287994384794,22.84589195251465],[77.65380859375017,22.843690872192383],[77.64774322509771,22.84107971191412],[77.63842773437523,22.841579437255973],[77.63340759277344,22.83962059020996],[77.6289672851562,22.835399627685547],[77.62487792968773,22.834129333496264],[77.62236022949219,22.835340499878214],[77.61862182617216,22.839750289917106],[77.60838317871111,22.846900939941577],[77.6027526855471,22.85203170776373],[77.59384155273466,22.857610702514705],[77.59043121337902,22.860830307007063],[77.58232879638678,22.86495971679716],[77.57701873779303,22.87054061889654],[77.57187652587896,22.869512557983512],[77.5662231445312,22.87130165100126],[77.56149291992205,22.876939773559798],[77.55713653564459,22.878330230713118],[77.55414581298857,22.87636947631853],[77.54261779785156,22.856742858886832],[77.53925323486334,22.85368919372553],[77.53539276123053,22.85297966003418],[77.53156280517578,22.853870391845874],[77.5285263061524,22.85652160644537],[77.52722167968773,22.86285972595215],[77.52984619140625,22.866590499877987],[77.52968597412115,22.868370056152457],[77.52776336669928,22.870161056518555],[77.51988220214861,22.87230110168457],[77.51728820800787,22.87393188476574],[77.52020263671903,22.88602256774925],[77.52103299784787,22.888198195315002],[77.522501,22.887805]]]]}},{"type":"Feature","properties":{"state":"Madhya Pradesh","state_slug":"madhya_pradesh","district":"Sagar","district_slug":"sagar","district_as_supplied":"Sagar","renamed_from_source":false,"layers":{"climate":true,"ndvi":true,"soil_moisture":true,"crop_des":true,"groundwater":true,"advisory":true},"climate_kind":"gee"},"geometry":{"type":"MultiPolygon","coordinates":[[[[78.6237335,23.3837022],[78.6283881,23.3861256],[78.6297463,23.3877608],[78.6341502,23.3875368],[78.6362588,23.3900752],[78.6403949,23.3904968],[78.6500548,23.3812027],[78.6510153,23.3779317],[78.6566632,23.3761148],[78.6648521,23.3776293],[78.6674892,23.3761189],[78.6740359,23.3767862],[78.6779645,23.374536],[78.6830866,23.3774742],[78.6911225,23.3756852],[78.7000906,23.3747711],[78.7031057,23.3777922],[78.7092214,23.377036],[78.7118594,23.3755251],[78.7148603,23.3752192],[78.7194904,23.3769589],[78.7257636,23.3715881],[78.7258876,23.363229],[78.7274774,23.3653693],[78.7345994,23.3686073],[78.7408486,23.3659697],[78.7434198,23.3600411],[78.7487755,23.3566662],[78.7603799,23.3552429],[78.7639289,23.3562843],[78.7653184,23.3594888],[78.7693594,23.3618031],[78.7786973,23.3616647],[78.7801402,23.3628633],[78.7798989,23.3652318],[78.782285,23.3701798],[78.7865269,23.3702192],[78.7941038,23.3721168],[78.8012173,23.3690318],[78.8024774,23.3661256],[78.8041128,23.3647672],[78.804301,23.3570279],[78.8068577,23.3567672],[78.8092214,23.3577922],[78.8133881,23.3602922],[78.8145872,23.3643794],[78.8187661,23.3649141],[78.8226768,23.3585832],[78.8226365,23.3552579],[78.8239724,23.3537072],[78.8302265,23.351121],[78.8324803,23.3485047],[78.8367137,23.3494665],[78.8393333,23.351324],[78.8435895,23.346384],[78.8502798,23.342591],[78.853701,23.348525],[78.8580792,23.3488768],[78.8626907,23.3478292],[78.8642637,23.3460032],[78.8705581,23.3459532],[78.8825458,23.3503666],[78.8834605,23.3464373],[78.8937864,23.3472669],[78.9041893,23.3427861],[78.9086945,23.3452998],[78.9114053,23.3437538],[78.9133397,23.3394191],[78.9143174,23.3405543],[78.922322,23.3399111],[78.9261607,23.3413207],[78.9308185,23.3352998],[78.9343952,23.3342229],[78.9342778,23.3297122],[78.9384333,23.3271741],[78.9457078,23.3284326],[78.9473008,23.3302816],[78.9517182,23.3211873],[78.951802,23.3194792],[78.9545026,23.3179725],[78.9603481,23.3175028],[78.9651048,23.3201567],[78.9684961,23.3188919],[78.968472,23.3143231],[78.9721137,23.3054783],[78.9701124,23.303935],[78.9701333,23.3029134],[78.9773558,23.2969091],[78.9781975,23.2935899],[78.9756751,23.2911664],[78.9767836,23.2833197],[78.9784827,23.2789358],[78.977505,23.2760791],[78.9784831,23.2731],[78.9771771,23.2705651],[78.9791303,23.2688825],[78.9799852,23.2669665],[78.985047,23.2661951],[78.9870514,23.2638689],[78.9939398,23.2633154],[78.9956326,23.2652799],[78.9977605,23.2655935],[79.0027956,23.2643525],[79.0051955,23.2645453],[79.0092137,23.2620284],[79.0110102,23.2594165],[79.0109123,23.253963],[79.0141665,23.2519492],[79.0200897,23.2541243],[79.0227989,23.2497986],[79.0267096,23.2459319],[79.0307176,23.246254],[79.0318116,23.2405146],[79.0361416,23.2352523],[79.0359278,23.2322268],[79.0292965,23.2306098],[79.0275806,23.2279934],[79.0276274,23.2238414],[79.0251461,23.2189269],[79.019034,23.2143393],[79.0242137,23.2128618],[79.0286693,23.2096392],[79.0347248,23.2097084],[79.0391518,23.2069665],[79.0429946,23.2058095],[79.0454437,23.202967],[79.0499852,23.2002998],[79.0541034,23.1993642],[79.05667072563233,23.197543881926617],[79.04981994628906,23.195220947265625],[79.0482330322265,23.19733047485363],[79.04521942138689,23.198890686035213],[79.0404357910158,23.197719573974723],[79.03000640869146,23.19701957702631],[79.02509307861357,23.196821212768498],[79.02162170410162,23.197570800781307],[79.01828002929682,23.19856071472168],[79.010971069336,23.202850341796875],[79.00538635253912,23.207889556884766],[79.00231170654297,23.20963287353527],[78.99629974365263,23.210710525512695],[78.98854827880876,23.215709686279297],[78.98333740234403,23.209440231323413],[78.97760009765653,23.204980850219727],[78.97511291503912,23.201038360595703],[78.96959686279325,23.20405960083025],[78.96759796142578,23.204229354858683],[78.96443176269537,23.2096405029298],[78.95722198486357,23.213640213012752],[78.94721221923834,23.216392517089844],[78.93955230712908,23.21305084228544],[78.93627929687517,23.21380805969244],[78.93894195556635,23.219949722290153],[78.93910980224621,23.223209381103572],[78.93773651123075,23.227960586547965],[78.93463897705084,23.23191070556652],[78.92819976806669,23.235771179199332],[78.92492675781273,23.235549926758097],[78.91625213623064,23.22987937927246],[78.91034698486345,23.227148056030217],[78.9028778076173,23.2292098999024],[78.89852905273455,23.227041244507063],[78.89241027832048,23.220291137695597],[78.89105987548822,23.21656036376953],[78.88813018798834,23.215969085693416],[78.87988281250006,23.21897125244152],[78.86942291259788,23.221021652221793],[78.85900878906261,23.22619056701683],[78.85455322265648,23.22677993774414],[78.84632110595709,23.226240158081055],[78.84230804443365,23.228160858154354],[78.84039306640625,23.230049133300895],[78.83927154541021,23.24248123168951],[78.83152770996122,23.251960754394815],[78.82744598388678,23.25548934936552],[78.81696319580084,23.254631042480753],[78.81439971923845,23.25234985351574],[78.81137847900408,23.247800827026367],[78.80377960205084,23.242111206054858],[78.80155181884794,23.239271163940487],[78.7978515625,23.23970031738287],[78.79534149169939,23.243370056152628],[78.78930664062506,23.247020721435774],[78.78089904785162,23.250419616699332],[78.77604675292963,23.251411437988395],[78.76539611816423,23.251720428466797],[78.76357269287132,23.249610900879134],[78.75916290283209,23.247489929199446],[78.75657653808605,23.248331069946346],[78.75493621826172,23.250120162964095],[78.75129699707048,23.251649856567496],[78.75284576416016,23.262649536132926],[78.75277709960932,23.270282745361555],[78.7548370361331,23.27989959716797],[78.75784301757835,23.288560867309798],[78.7627792358399,23.293409347534407],[78.76438140869169,23.298099517822266],[78.75389862060575,23.305250167846907],[78.75197601318388,23.31199073791504],[78.74372863769554,23.31410980224615],[78.74024963378906,23.317729949951342],[78.73973083496116,23.32067108154297],[78.73715972900408,23.325330734253043],[78.72783660888689,23.3341007232666],[78.7229766845706,23.344230651855526],[78.71862030029308,23.349910736084098],[78.7128524780274,23.354780197143725],[78.70667266845703,23.35684967041027],[78.699516296387,23.35724067687994],[78.69072723388678,23.355470657348633],[78.68260192871111,23.35226821899414],[78.67891693115263,23.34987068176281],[78.67189788818371,23.349809646606502],[78.66014862060547,23.33759117126459],[78.65820312500017,23.33663940429716],[78.6522598266601,23.340520858764876],[78.6477966308596,23.34163093566906],[78.641098022461,23.346940994262752],[78.63601684570341,23.34988975524925],[78.6337966918947,23.355720520019815],[78.62462615966814,23.367139816284293],[78.62244333758295,23.383416120370537],[78.6237335,23.3837022]]],[[[79.0717137,23.2069665],[79.0734304,23.2089589],[79.0795994,23.2084633],[79.0851365,23.2127998],[79.09829226236302,23.20794225315979],[79.09072113037138,23.204610824585245],[79.08702850341803,23.199550628662166],[79.08428192138666,23.19770050048828],[79.08027648925776,23.201021194458235],[79.07829284667974,23.20152091979986],[79.07746124267578,23.203790664672795],[79.07518768310547,23.2047119140625],[79.06956106510798,23.20511189917435],[79.0717137,23.2069665]]],[[[79.100047,23.2086331],[79.1008653,23.2113509],[79.1044909,23.2144746],[79.1048749,23.2156581],[79.1050199,23.2174629],[79.102547,23.2213877],[79.1097565,23.2227998],[79.113996,23.21868],[79.118216,23.2174095],[79.1185136,23.2106155],[79.115832,23.2088437],[79.1240269,23.2076681],[79.1278044,23.2017337],[79.1262539,23.1963909],[79.1266518,23.1936331],[79.1299005,23.1869547],[79.1361204,23.1874545],[79.1359799,23.1822602],[79.1317965,23.1789431],[79.1318735,23.1764014],[79.1413406,23.1765719],[79.14276947381849,23.174688237114736],[79.13149261474632,23.174041748046875],[79.11467742919928,23.17552947998047],[79.11158752441423,23.173400878906364],[79.1085815429688,23.172540664673022],[79.1082382202149,23.176229476928654],[79.109428405762,23.179399490356616],[79.10930633544939,23.18275260925293],[79.10735321044916,23.184930801391772],[79.10138702392607,23.182970046997184],[79.10151672363287,23.191240310668945],[79.09925079345709,23.198488235473633],[79.10095977783209,23.20232963562023],[79.10134124755865,23.208620071411133],[79.09927325631399,23.208251429493785],[79.100047,23.2086331]]]]}},{"type":"Feature","properties":{"state":"Madhya Pradesh","state_slug":"madhya_pradesh","district":"Sehore","district_slug":"sehore","district_as_supplied":"Sehore","renamed_from_source":false,"layers":{"climate":true,"ndvi":true,"soil_moisture":true,"crop_des":true,"groundwater":true,"advisory":true},"climate_kind":"gee"},"geometry":{"type":"MultiPolygon","coordinates":[[[[76.5287661,22.8032475],[76.53144818095964,22.801688449295213],[76.52851104736334,22.799850463867415],[76.52655029296892,22.799589157104492],[76.52557324421151,22.80148456040574],[76.5287661,22.8032475]]],[[[76.5499164,22.7994289],[76.5543939,22.7959588],[76.55429602627295,22.791433361314922],[76.55195617675781,22.79286003112793],[76.54625701904303,22.792779922485522],[76.54664611816412,22.797941207885856],[76.54603955350613,22.799659970043702],[76.5499164,22.7994289]]],[[[76.5580019,22.7888752],[76.5622899,22.7870119],[76.5674412,22.7860504],[76.5691592,22.7847666],[76.5668805,22.7807336],[76.568395,22.7776569],[76.5712344,22.7751198],[76.57601313451327,22.77364417838662],[76.5742263793947,22.77017974853527],[76.57005310058611,22.76583290100109],[76.5677566528322,22.764579772949276],[76.56407928466808,22.76429939270048],[76.5623321533206,22.765611648559684],[76.5617065429688,22.76827049255388],[76.56608581542974,22.767290115356673],[76.56816864013672,22.769639968872355],[76.56809234619152,22.775608062744254],[76.56616973876982,22.778381347656364],[76.55783081054705,22.783138275146484],[76.55594635009766,22.783340454101676],[76.55194854736328,22.777660369873104],[76.54927825927734,22.77652168273937],[76.54878997802763,22.778841018676758],[76.550048828125,22.78191947937023],[76.5572586059572,22.787420272827205],[76.5580019,22.7888752]]],[[[76.61475747724573,22.790013673987392],[76.62209320068376,22.79213142395031],[76.62475585937494,22.790870666504134],[76.62335968017607,22.78858947753929],[76.62117767333984,22.787519454956055],[76.61428629102086,22.78598968009091],[76.61475747724573,22.790013673987392]]],[[[76.6388616,22.8068466],[76.6409075,22.8138492],[76.641169,22.8189968],[76.6435079,22.822544],[76.6511013,22.8286928],[76.6558065,22.8298451],[76.6653894,22.8368913],[76.6742064,22.8386407],[76.6812506,22.8421474],[76.6857034,22.841882],[76.6876622,22.8429462],[76.6924107,22.8426632],[76.694337,22.8444741],[76.6975397,22.8420208],[76.701719,22.8371871],[76.7017603,22.833843],[76.6990314,22.8312219],[76.7018044,22.8294583],[76.70179313273903,22.82629024925261],[76.69061279296875,22.82491111755371],[76.68843841552746,22.82303047180187],[76.68775177001953,22.821277618408203],[76.68842315673857,22.819660186767862],[76.69249725341814,22.820400238037223],[76.69393157959013,22.8199596405031],[76.69365692138672,22.818450927734318],[76.69053649902355,22.815618515014876],[76.69180297851585,22.814359664917276],[76.69780731201166,22.814790725708065],[76.70205688476562,22.814018249511832],[76.7013702392581,22.808389663696232],[76.70192718505865,22.797660827636662],[76.70030212402361,22.79671287536621],[76.69172668457048,22.796369552612532],[76.67735290527372,22.79427146911644],[76.67487335205107,22.788150787353572],[76.66390991210938,22.79166984558134],[76.6577529907226,22.792169570922965],[76.65571594238281,22.788200378418196],[76.65277099609386,22.788511276245117],[76.65222167968744,22.790531158447266],[76.64768218994158,22.792150497436523],[76.64550018310575,22.793809890747127],[76.6473922729495,22.801200866699276],[76.64495086669933,22.80280113220232],[76.6446533203125,22.807270050048942],[76.6414184570313,22.809070587158203],[76.63967895507812,22.809049606323356],[76.63860029484646,22.806118411633275],[76.6388616,22.8068466]]],[[[76.7142271,22.825502],[76.72333215825377,22.825966818220536],[76.73410892169417,22.823007413395032],[76.72950744628923,22.821151733398608],[76.71203613281256,22.817871093750114],[76.70941162109403,22.819982528686523],[76.71219635009771,22.82117080688488],[76.71868133544928,22.822181701660213],[76.71350233293072,22.823922745647067],[76.7142271,22.825502]]],[[[76.7491819,22.8254054],[76.7553799,22.8252843],[76.75652707734666,22.821568573532623],[76.75286865234403,22.820690155029297],[76.7508773803711,22.821540832519702],[76.74834584519857,22.825455185245914],[76.7491819,22.8254054]]],[[[76.766686,22.8229239],[76.76720204552437,22.823083224432303],[76.76743316650408,22.821960449218977],[76.7657559464815,22.82050443194747],[76.766686,22.8229239]]],[[[76.8208258,22.8628542],[76.82323571431826,22.863598310243134],[76.82292938232416,22.862379074096737],[76.8208258,22.8628542]]],[[[76.8230205,22.8668517],[76.8228335,22.8674141],[76.82334337512387,22.867869726900576],[76.82344189666873,22.866446849443513],[76.8230205,22.8668517]]],[[[76.8305908,22.8746019],[76.8397056,22.8755358],[76.84674072265653,22.871988296509016],[76.8470306396485,22.87078094482422],[76.84069824218767,22.870029449463004],[76.83611297607439,22.868328094482365],[76.8294677734375,22.87108993530296],[76.82983726874102,22.87501136164822],[76.8305908,22.8746019]]],[[[76.8433234,22.8770185],[76.8442088,22.8778097],[76.8438983,22.8830216],[76.8449150583281,22.88296103351737],[76.84494018554693,22.880830764770792],[76.84739685058594,22.877420425415153],[76.8472290039063,22.87636947631853],[76.84426116943388,22.876319885254134],[76.8433234,22.8770185]]],[[[76.8512897,22.882581],[76.8534194,22.8837384],[76.8533234,22.8853536],[76.8567064,22.8861407],[76.8576894,22.8893243],[76.8609524,22.8903319],[76.8632326,22.8952999],[76.8676898,22.897895],[76.8699705,22.897759],[76.8724925,22.8995208],[76.8760036,22.9003074],[76.8780744,22.8979899],[76.881553,22.9028343],[76.885873,22.9036407],[76.8892064,22.9053074],[76.8932095,22.9095889],[76.8977753,22.9076899],[76.8992458,22.9060437],[76.9067019,22.9064881],[76.9112661,22.9048504],[76.9164639,22.9067155],[76.9179328,22.9035151],[76.9233433,22.90359],[76.9258258,22.9078542],[76.9300397,22.9086407],[76.9308706,22.9095707],[76.9384455,22.9103724],[76.9400373,22.9085909],[76.9450084,22.9085404],[76.9458258,22.9111875],[76.9508755,22.9119745],[76.9517084,22.915314],[76.9518748,22.9223021],[76.955873,22.9278074],[76.9584422,22.9366878],[76.9583812,22.9396146],[76.9617064,22.9411407],[76.9664354,22.9469688],[76.970491,22.9479124],[76.9767007,22.9469677],[76.9777672,22.9481616],[76.9857034,22.9471129],[76.9885582,22.9455618],[76.990779,22.9504011],[76.9931749,22.9525418],[76.9949925,22.9603542],[76.9981203,22.96439],[77.0040342,22.9683491],[77.0071515,22.9718378],[77.013373,22.9728074],[77.0156846,22.9740635],[77.0166592,22.9761875],[77.0197243,22.977134],[77.0245555,22.9754005],[77.0306757,22.9819519],[77.0325397,22.9828074],[77.0341083,22.9919975],[77.0368644,22.9939172],[77.0367483,23.0043477],[77.0410968,23.0053595],[77.0433283,23.0078568],[77.0454551,23.0077301],[77.0486542,23.0141582],[77.0509227,23.0161852],[77.0508185,23.0179362],[77.054291,23.0214341],[77.0541567,23.0236829],[77.0559271,23.026941],[77.0557969,23.0291251],[77.0584239,23.0303308],[77.0582082,23.0339483],[77.0506175,23.0464394],[77.054156,23.0542483],[77.0510911,23.0630196],[77.0558755,23.0686438],[77.0556431,23.0725405],[77.0625161,23.0745223],[77.0661542,23.0743055],[77.0689138,23.0720208],[77.0750808,23.0763287],[77.0750698,23.0808177],[77.0821291,23.0831096],[77.0834402,23.0901321],[77.0868288,23.0911786],[77.0899925,23.0945208],[77.0933551,23.0960641],[77.0941592,23.0995208],[77.0979112,23.1019071],[77.0995994,23.1082475],[77.1035867,23.1077142],[77.1103502,23.1014746],[77.12065,23.0998695],[77.1224925,23.0978074],[77.1246291,23.0968268],[77.127521,23.0978644],[77.1291909,23.0969569],[77.1301626,23.0980444],[77.1352655,23.0966777],[77.1373399,23.0921581],[77.1431334,23.0910767],[77.1480996,23.0913728],[77.1511762,23.0930444],[77.1611599,23.0892925],[77.1679771,23.0894452],[77.1694578,23.0926717],[77.1709296,23.0910248],[77.1760089,23.0886935],[77.1779328,23.0908468],[77.181059,23.0886021],[77.1870612,23.0885671],[77.1899974,23.0869715],[77.1917556,23.0869683],[77.1917883,23.0843863],[77.1984849,23.0828281],[77.2001215,23.0809966],[77.2050373,23.0811902],[77.2068056,23.0792108],[77.2101182,23.0803992],[77.2142051,23.0803046],[77.2149925,23.0820208],[77.2174221,23.083136],[77.2190725,23.0902302],[77.220873,23.0928074],[77.2216596,23.097857],[77.2335134,23.0978654],[77.237193,23.101487],[77.2401424,23.1047879],[77.2383747,23.1099941],[77.2426557,23.1129109],[77.2444672,23.1168587],[77.2483938,23.1187635],[77.2502802,23.116652],[77.2561709,23.1197084],[77.2575202,23.1212182],[77.2592873,23.1184392],[77.2639622,23.1196913],[77.2666799,23.117793],[77.2741592,23.1220208],[77.2792462,23.1237348],[77.28175307206625,23.12358543663348],[77.28344726562506,23.117109298706055],[77.28327941894554,23.112030029297046],[77.28209686279303,23.10768127441429],[77.2826232910158,23.10576820373535],[77.28465270996122,23.104900360107422],[77.29016113281256,23.10506057739275],[77.2941284179688,23.10614013671875],[77.29747766394856,23.108648794054915],[77.3005438,23.1087701],[77.30501928417844,23.111199792676494],[77.3233489990235,23.112030029297046],[77.32575073657759,23.111304229486873],[77.3259174,23.1033854],[77.3269162,23.1003087],[77.3242965,23.0964431],[77.3223382,23.0905914],[77.3234961,23.0880772],[77.3233334,23.0801012],[77.3209453,23.0731236],[77.3226163,23.0641294],[77.3258755,23.0570163],[77.3259905,23.0525716],[77.3277973,23.0509573],[77.331706,23.0511904],[77.3334145,23.0418649],[77.3367064,23.0403542],[77.3393276,23.0374204],[77.3451894,23.0397776],[77.3497406,23.0433048],[77.3513776,23.0363925],[77.3526931,23.0352172],[77.3575922,23.0353602],[77.3575584,23.0296274],[77.3642064,23.0236875],[77.3666246,23.0181373],[77.3681442543621,23.0174398058378],[77.36120605468767,23.00489807128929],[77.36293792724626,23.001131057739485],[77.36794281005865,22.994970321655387],[77.37393951416027,22.990011215210075],[77.39211273193376,22.98032951354992],[77.3952026367188,22.97694969177246],[77.39874267578136,22.965051651000977],[77.40277862548845,22.966148376464844],[77.40976715087919,22.9696502685548],[77.41440582275408,22.970792770385856],[77.41841125488298,22.96809005737299],[77.41989135742216,22.96473121643072],[77.42365264892601,22.961519241333292],[77.42690277099632,22.961261749267578],[77.42719268798845,22.958650588989542],[77.42465209960966,22.955602645874023],[77.43176269531267,22.950300216675032],[77.4340133666995,22.947111129761026],[77.43425750732439,22.94291114807129],[77.42988586425798,22.936260223388842],[77.43015289306646,22.933450698852596],[77.43418121337919,22.927621841430664],[77.43393707275396,22.923370361328125],[77.43036651611357,22.91707038879423],[77.42796325683611,22.914829254150675],[77.42859649658209,22.912200927734602],[77.4321594238283,22.90960121154791],[77.43724060058622,22.909589767456055],[77.44127655029308,22.91200256347679],[77.44683837890642,22.913522720337085],[77.45600128173845,22.91344070434593],[77.46216583251959,22.911462783813704],[77.46884155273443,22.906311035156307],[77.4766464233399,22.89544105529808],[77.48681640625028,22.888490676879996],[77.4902267456057,22.887960433960018],[77.49357604980486,22.889030456542912],[77.4980517313758,22.892080869269467],[77.5097134,22.8882736],[77.5187425,22.8888117],[77.52103299784787,22.888198195315002],[77.51772308349638,22.877780914306697],[77.51728820800787,22.87393188476574],[77.51988220214861,22.87230110168457],[77.52776336669928,22.870161056518555],[77.52968597412115,22.868370056152457],[77.52984619140625,22.866590499877987],[77.52722167968773,22.86285972595215],[77.5285263061524,22.85652160644537],[77.53156280517578,22.853870391845874],[77.53539276123053,22.85297966003418],[77.53925323486334,22.85368919372553],[77.54261779785156,22.856742858886832],[77.55414581298857,22.87636947631853],[77.55713653564459,22.878330230713118],[77.56149291992205,22.876939773559798],[77.5662231445312,22.87130165100126],[77.57187652587896,22.869512557983512],[77.57701873779303,22.87054061889654],[77.58232879638678,22.86495971679716],[77.59043121337902,22.860830307007063],[77.59384155273466,22.857610702514705],[77.6027526855471,22.85203170776373],[77.60838317871111,22.846900939941577],[77.61862182617216,22.839750289917106],[77.62236022949219,22.835340499878214],[77.62487792968773,22.834129333496264],[77.6289672851562,22.835399627685547],[77.63340759277344,22.83962059020996],[77.63842773437523,22.841579437255973],[77.64774322509771,22.84107971191412],[77.65380859375017,22.843690872192383],[77.66287994384794,22.84589195251465],[77.66786956787121,22.84630966186529],[77.67977142333984,22.840391159057617],[77.68788146972685,22.83752059936546],[77.68907928466814,22.838619232177734],[77.69061279296892,22.84266090393072],[77.67758941650402,22.847709655761946],[77.67005157470709,22.854099273681868],[77.66826629638666,22.8582382202149],[77.67044067382818,22.86275291442894],[77.67531585693354,22.867889404297046],[77.68004608154325,22.87874031066923],[77.69034576416044,22.883159637451286],[77.6954879760745,22.8865203857423],[77.700248718262,22.88770294189453],[77.71662902832054,22.895040512085245],[77.74951171874994,22.905820846557617],[77.75447845458979,22.905790328979663],[77.7641983032226,22.900882720947322],[77.77348327636724,22.900531768799112],[77.78399658203153,22.906951904296818],[77.79757690429682,22.91232109069847],[77.81234741210943,22.923040390014705],[77.8172073364259,22.927999496460018],[77.82982635498064,22.934801101684684],[77.83927917480474,22.942979812622127],[77.85040283203136,22.945671081542912],[77.8700408935548,22.952411651611612],[77.90674591064453,22.959949493408203],[77.91649627685553,22.958959579467887],[77.94119262695324,22.963371276855753],[77.96022796630888,22.964569091796875],[77.961166381836,22.961307525634993],[77.96076965332054,22.949689865112305],[77.95836639404291,22.943641662597656],[77.95123291015648,22.93332099914545],[77.95114135742205,22.929389953613338],[77.948257446289,22.91798973083496],[77.94190216064459,22.908710479736442],[77.94412994384766,22.905479431152344],[77.9569091796875,22.90656089782732],[77.96350860595714,22.907989501953352],[77.97325897216814,22.911750793457202],[77.97805023193376,22.915201187133732],[77.9808731079101,22.914939880371207],[77.99305725097685,22.931100845336914],[78.00093841552751,22.933469772338867],[78.00535583496094,22.932960510253906],[78.00778198242205,22.931142807006836],[78.00933837890642,22.927511215209904],[78.0118408203125,22.927110671997298],[78.01420593261747,22.925170898437727],[78.01967620849615,22.91715812683117],[78.0264968872072,22.914529800415266],[78.02918243408203,22.91109085083025],[78.02928924560575,22.906600952148608],[78.02739715576183,22.893842697143782],[78.02571105957048,22.888320922851562],[78.02382659912126,22.88561248779297],[78.02043151855474,22.883380889892692],[78.01830291748064,22.884180068969727],[78.01522827148455,22.883960723877067],[78.01172637939482,22.874610900879134],[78.00566864013666,22.864080429077376],[78.00451660156261,22.860742568969954],[78.00504302978544,22.85876083374052],[78.01817321777366,22.85613059997587],[78.02030181884794,22.853982925414982],[78.0228424072265,22.848651885986612],[78.02545166015653,22.845359802246094],[78.02478027343767,22.84280014038103],[78.01811981201172,22.83615112304716],[78.01844024658214,22.833778381347656],[78.01986694335943,22.831630706787166],[78.02619171142601,22.8266410827639],[78.02751922607445,22.824108123779467],[78.0257568359375,22.81668090820324],[78.0269165039063,22.8133296966555],[78.02436065673822,22.806022644043253],[78.0205459594726,22.807401657104492],[77.99745941162121,22.820531845092944],[77.99365997314447,22.821599960327262],[77.98261260986345,22.820671081543026],[77.96910858154297,22.820779800415153],[77.96113586425787,22.819610595703125],[77.95452880859403,22.817129135131836],[77.94378662109398,22.81134986877464],[77.93389892578153,22.803369522094783],[77.93357849121088,22.799570083618278],[77.93801879882812,22.790040969848917],[77.93869018554716,22.785022735595703],[77.93823242187506,22.779930114746037],[77.9353332519533,22.77296066284174],[77.9302597045899,22.767690658569336],[77.92376708984398,22.763349533081055],[77.91626739501953,22.762870788574276],[77.90991973876947,22.765541076660213],[77.9056930541995,22.769609451294002],[77.90377044677763,22.77333068847679],[77.90325164794916,22.778440475464095],[77.90791320800787,22.792762756347656],[77.9047927856447,22.800260543823356],[77.9037628173831,22.805850982666243],[77.90466308593756,22.809869766235465],[77.91600799560558,22.822969436645735],[77.92045593261736,22.82683944702171],[77.92362213134794,22.83258056640625],[77.92545318603521,22.83813858032238],[77.92455291748075,22.843420028686694],[77.9208068847658,22.848810195922965],[77.91451263427751,22.851570129394588],[77.90962219238287,22.850368499756144],[77.90239715576195,22.84614753723156],[77.88784027099626,22.831819534302042],[77.8763580322265,22.823169708251953],[77.86997985839866,22.822181701660213],[77.86575317382818,22.822998046875284],[77.85912322998053,22.8291397094726],[77.85724639892607,22.83405113220209],[77.85694885253906,22.837961196899357],[77.86126708984386,22.84638977050804],[77.86460113525396,22.851047515869368],[77.86528778076166,22.85593986511259],[77.86386108398443,22.85872077941906],[77.85428619384766,22.86433029174799],[77.8485183715822,22.86565971374523],[77.84046173095732,22.865390777587947],[77.83689117431658,22.864168167114485],[77.8329467773438,22.86102294921892],[77.81743621826189,22.846900939941577],[77.81043243408209,22.843360900878963],[77.79463958740257,22.83825111389166],[77.78946685791021,22.834770202636776],[77.77655792236357,22.811531066894645],[77.77436065673828,22.805789947509766],[77.77417755126953,22.796289443969783],[77.7752227783206,22.799459457397518],[77.77538299560553,22.79885292053217],[77.77488708496088,22.79595947265625],[77.77333831787121,22.793252944946346],[77.76700592041044,22.786790847778434],[77.74659729003935,22.771411895752067],[77.742172241211,22.76633071899414],[77.73486328125017,22.760799407958984],[77.72998046875023,22.758150100708065],[77.72321319580095,22.758230209350813],[77.71169281005888,22.763130187988395],[77.70285034179688,22.765811920166243],[77.69419860839838,22.766710281372298],[77.6850891113283,22.762979507446403],[77.67988586425793,22.75796127319336],[77.67553710937517,22.753112792968977],[77.67228698730486,22.74525070190441],[77.67433929443388,22.7450084686281],[77.66745758056669,22.73773002624506],[77.66075897216803,22.73400115966797],[77.65193176269537,22.733039855957202],[77.64675903320312,22.73546981811546],[77.63086700439464,22.74686050415056],[77.62602996826195,22.74796104431158],[77.62024688720703,22.747459411621378],[77.6150360107423,22.745340347290266],[77.61058044433616,22.74168968200712],[77.60710906982428,22.73702049255371],[77.60466766357445,22.730030059814567],[77.60063934326178,22.72257041931158],[77.58625030517572,22.702472686767805],[77.58632659912115,22.699739456176758],[77.58412170410185,22.689859390258846],[77.58209991455078,22.685581207275504],[77.57615661621111,22.679290771484602],[77.56772613525402,22.67270278930664],[77.56170654296875,22.67138290405296],[77.52433013916021,22.670469284057845],[77.51719665527338,22.668518066406364],[77.51175689697271,22.664011001586857],[77.50155639648432,22.6512393951416],[77.49295043945341,22.64681053161621],[77.48635864257812,22.646350860595874],[77.47711181640653,22.650119781494254],[77.46034240722668,22.6512393951416],[77.45507049560547,22.65067100524908],[77.45017242431663,22.648979187011946],[77.44181823730497,22.643680572509936],[77.43762207031278,22.639820098877067],[77.42978668212919,22.629110336303768],[77.419662475586,22.628612518310717],[77.41549682617216,22.62767982482916],[77.40566253662126,22.621501922607536],[77.39116668701189,22.61451148986839],[77.38404083251982,22.612140655517862],[77.36604309082037,22.615051269531307],[77.35932922363281,22.613550186157454],[77.35366058349632,22.610242843627987],[77.34594726562517,22.601921081543082],[77.34275054931646,22.59504127502464],[77.33759307861328,22.578718185424805],[77.3355560302735,22.57571983337408],[77.32511138916027,22.568260192871094],[77.32071685791044,22.566350936889876],[77.31488800048828,22.565189361572322],[77.30428314209013,22.565420150756893],[77.29161071777344,22.567211151123047],[77.28650665283209,22.56958007812517],[77.28301239013689,22.572359085083235],[77.27921295166016,22.576641082763786],[77.27562713623053,22.584909439086914],[77.27205657959013,22.598270416259766],[77.26785278320341,22.60678291320795],[77.26403808593778,22.61104965209961],[77.25831604003935,22.61185073852539],[77.24368286132807,22.603239059448356],[77.2317810058596,22.59075164794939],[77.21128082275408,22.57401084899908],[77.2086257934572,22.572849273681925],[77.20365142822283,22.571929931640852],[77.20213317871111,22.575040817260742],[77.17249298095732,22.585710525512923],[77.16143798828153,22.587961196899414],[77.15524291992188,22.587820053100586],[77.14911651611345,22.586299896240234],[77.1449890136721,22.583641052246207],[77.13568115234403,22.575609207153377],[77.12940979003935,22.568929672241154],[77.12207794189459,22.563039779663256],[77.11862182617188,22.562091827392805],[77.11682128906278,22.564348220825423],[77.11589050292963,22.567670822143782],[77.11691284179688,22.571258544921818],[77.12345123291021,22.57929039001465],[77.12439727783226,22.58217048645031],[77.11923217773443,22.594181060791072],[77.11907196044928,22.60285949707037],[77.11532592773432,22.60314941406267],[77.11096191406267,22.60548019409191],[77.10769653320307,22.608869552612532],[77.10441589355497,22.610071182250977],[77.10118103027372,22.612550735473633],[77.09449005126982,22.621772766113565],[77.08500671386736,22.626091003418196],[77.08162689208984,22.629060745239542],[77.082015991211,22.636621475219954],[77.08106231689459,22.64353179931652],[77.08537292480463,22.65236091613781],[77.08508300781256,22.656940460205192],[77.08077239990263,22.661281585693587],[77.07715606689464,22.663600921630916],[77.06254577636719,22.668149948120117],[77.05973052978538,22.669759750366268],[77.05693054199247,22.672250747680664],[77.05194091796903,22.685501098632926],[77.04889678955107,22.685621261596964],[77.04603576660185,22.684450149536303],[77.04049682617216,22.67975044250494],[77.03791809082048,22.675157546997298],[77.02659606933622,22.693679809570597],[77.02556610107428,22.699649810791072],[77.02854156494135,22.701911926269474],[77.03357696533209,22.702680587768555],[77.03740692138678,22.704771041870117],[77.03862762451183,22.70918083190918],[77.03592681884794,22.713819503784237],[77.03367614746105,22.719890594482536],[77.03263092041021,22.73584938049322],[77.02697753906278,22.736980438232422],[77.01937103271496,22.737260818481445],[77.01644897460943,22.74090957641613],[77.01596832275408,22.74949073791521],[77.01355743408209,22.75546264648449],[77.0137329101563,22.759170532226733],[77.01624298095726,22.761680603027344],[77.02205657958979,22.76517105102556],[77.02462768554693,22.770750045776538],[77.02410888671903,22.77876091003435],[77.02126312255888,22.788160324096907],[77.01503753662126,22.797969818115234],[77.01213073730463,22.79803085327171],[77.00728607177757,22.799819946289062],[77.00744628906256,22.806730270386026],[77.00598144531278,22.81540107727062],[77.00131225585938,22.823930740356673],[77.00061035156273,22.830690383911246],[77.00263214111345,22.837280273437614],[76.99794006347679,22.84758949279808],[76.99877929687494,22.850610733032227],[76.99707031249994,22.854270935058878],[76.99693298339844,22.87193107604986],[76.99569702148466,22.875709533691577],[76.99244689941435,22.876171112060547],[76.98089599609392,22.8832302093507],[76.98031616210955,22.88154029846214],[76.9832382202149,22.875940322876147],[76.98195648193388,22.874929428100586],[76.97339630126964,22.879518508911246],[76.97161865234398,22.879167556762695],[76.96803283691435,22.876550674438477],[76.96570587158226,22.87214279174799],[76.96087646484375,22.870929718017635],[76.95976257324224,22.867870330810604],[76.95738220214855,22.866680145263672],[76.95551300048845,22.867811203002873],[76.95565032959013,22.870590209960938],[76.95469665527372,22.87203979492199],[76.95076751708984,22.8709201812747],[76.94815826416038,22.875368118286303],[76.94727325439464,22.875629425048828],[76.94419097900419,22.868499755859602],[76.94207000732428,22.869979858398608],[76.9414672851563,22.87294006347662],[76.94364166259777,22.877801895141715],[76.94410705566406,22.880920410156477],[76.94396972656256,22.882139205932788],[76.94193267822277,22.883518218994197],[76.93945312500011,22.882408142089844],[76.93379211425781,22.876159667968807],[76.93496704101568,22.87272071838379],[76.93470764160173,22.86995124816906],[76.93309020996116,22.869960784912166],[76.93144989013666,22.872631072998104],[76.930473327637,22.880590438842717],[76.92592620849604,22.879791259765682],[76.9220733642581,22.877439498901595],[76.92192077636713,22.876407623291016],[76.92611694335932,22.871179580688647],[76.92672729492205,22.867929458618335],[76.92542266845709,22.86752128601097],[76.92308044433611,22.870359420776595],[76.91996002197294,22.871450424194336],[76.9222030639649,22.862388610839844],[76.92000579833979,22.860340118408203],[76.91893768310553,22.861898422241154],[76.91854095458984,22.866258621216048],[76.91726684570318,22.867589950561637],[76.9160461425783,22.866359710693416],[76.91165924072283,22.850259780884016],[76.91191101074241,22.848390579223746],[76.91513061523443,22.845109939575423],[76.91771697998041,22.84070014953636],[76.91974639892584,22.8332710266115],[76.91948699951172,22.831689834594897],[76.91861724853544,22.83162117004423],[76.91455078125006,22.834369659423942],[76.9109115600586,22.83485984802246],[76.90558624267584,22.834209442138672],[76.90307617187517,22.83556938171381],[76.904052734375,22.838670730590934],[76.90973663330095,22.83868980407715],[76.912162780762,22.83993911743181],[76.91181945800798,22.841909408569336],[76.90777587890653,22.848512649536133],[76.90779113769543,22.850320816040323],[76.91478729248053,22.873291015625227],[76.9139633178711,22.874090194702262],[76.91191101074241,22.87372016906761],[76.9071807861331,22.866100311279297],[76.90347290039062,22.86565971374523],[76.9024963378908,22.86681175231962],[76.89982604980486,22.866430282593058],[76.89923858642595,22.867530822753906],[76.90059661865251,22.871511459350813],[76.90606689453136,22.872730255126953],[76.90674591064459,22.878570556640796],[76.90598297119146,22.882181167602653],[76.90480041503906,22.882390975952376],[76.8977966308596,22.876609802246207],[76.8907318115235,22.87487983703619],[76.88816833496111,22.87652969360346],[76.89392089843767,22.88150978088379],[76.89151000976585,22.888179779052734],[76.8944473266601,22.8927001953125],[76.89399719238287,22.893749237060547],[76.89006042480463,22.893920898437557],[76.88759613037126,22.892139434814737],[76.88609313964861,22.884250640869368],[76.88134765625,22.887271881103516],[76.8765869140625,22.887670516967944],[76.87616729736345,22.89558029174816],[76.87499999999994,22.895910263061523],[76.87113189697294,22.892820358276538],[76.86975860595726,22.88960075378418],[76.86965942382807,22.886800765991268],[76.87059783935558,22.884250640869368],[76.87428283691406,22.880411148071346],[76.87628936767607,22.876478195190657],[76.8720321655274,22.876649856567496],[76.8703231811524,22.875221252441463],[76.86857604980469,22.875770568847884],[76.86502075195341,22.8810195922851],[76.86100006103521,22.889989852905273],[76.85941314697266,22.889730453491325],[76.85900115966814,22.884830474853743],[76.85756683349615,22.883060455322266],[76.85558319091814,22.883079528808878],[76.85542297363287,22.882320404052734],[76.85579681396484,22.880529403686637],[76.85874938964872,22.876260757446573],[76.85929107666021,22.87277984619169],[76.85391998291021,22.875368118286303],[76.8484075471296,22.882752823727404],[76.8512897,22.882581]]]]}},{"type":"Feature","properties":{"state":"Madhya Pradesh","state_slug":"madhya_pradesh","district":"Seoni","district_slug":"seoni","district_as_supplied":"Seoni","renamed_from_source":false,"layers":{"climate":true,"ndvi":true,"soil_moisture":true,"crop_des":true,"groundwater":true,"advisory":true},"climate_kind":"gee"},"geometry":{"type":"Polygon","coordinates":[[[80.1954128,22.6703289],[80.1920955,22.6715852],[80.1929168,22.6769865],[80.1915138,22.6796392],[80.1937135,22.6859174],[80.1923989,22.6885443],[80.1828802,22.6894638],[80.1797687,22.6909543],[80.1742136,22.6886437],[80.1695758,22.6889139],[80.1668659,22.6874412],[80.1513041,22.6851997],[80.1496746,22.6869588],[80.1448623,22.6878074],[80.143373,22.6861407],[80.1362368,22.682517],[80.1347616,22.677741],[80.1305613,22.6787711],[80.1187738,22.6785655],[80.1172284,22.6802336],[80.1146393,22.6813652],[80.1097153,22.6810717],[80.1054083,22.6824864],[80.1031249,22.6801745],[80.0949925,22.6786875],[80.0941804,22.6777786],[80.088657,22.6780856],[80.0835041,22.6744861],[80.0785362,22.6740317],[80.0732722,22.6745034],[80.0696746,22.6777921],[80.0672736,22.6786407],[80.0650424,22.6761439],[80.0610825,22.6763008],[80.0551984,22.6746804],[80.0491592,22.6703542],[80.0475397,22.6678074],[80.0460885,22.6669576],[80.0438901,22.6668704],[80.0382814,22.6690312],[80.0328818,22.6736953],[80.0288898,22.6741678],[80.0230641,22.6794638],[80.0201626,22.6794741],[80.0101933,22.6672887],[80.0035879,22.6659254],[80.0019236,22.6622985],[79.9983258,22.6611875],[79.9958258,22.6586875],[79.9948094,22.6575497],[79.995091,22.6528194],[79.9916592,22.6520208],[79.9867511,22.6491807],[79.9848192,22.63883],[79.9740371,22.6352153],[79.9720668,22.6353328],[79.9695469,22.6361305],[79.9685215,22.6393715],[79.9575373,22.644836],[79.9508258,22.6428542],[79.9405959,22.6320607],[79.9348891,22.6311714],[79.9325426,22.6285448],[79.9237436,22.6288935],[79.9171474,22.6268334],[79.9062436,22.6161293],[79.8995205,22.6178261],[79.8972381,22.6202896],[79.8939403,22.6211407],[79.8917064,22.6186407],[79.881562,22.6144763],[79.878397,22.6145755],[79.8725128,22.612964],[79.8717064,22.6086407],[79.8700397,22.6069741],[79.8667625,22.6054701],[79.8647622,22.6032312],[79.8666592,22.5986407],[79.8682231,22.5967994],[79.8600047,22.5938636],[79.8574447,22.5894783],[79.8319822,22.592382],[79.8301512,22.5903334],[79.8249321,22.5885822],[79.8185936,22.5889227],[79.8133625,22.5878051],[79.8095188,22.5912272],[79.7998398,22.5909757],[79.7963975,22.5927971],[79.7945067,22.5928074],[79.7863785,22.5898907],[79.7850261,22.5869448],[79.7809544,22.587165],[79.778539,22.5844613],[79.772079,22.5878289],[79.7660691,22.5895889],[79.7520787,22.5886654],[79.7415224,22.5931234],[79.7373053,22.5927437],[79.7333324,22.5885955],[79.731144,22.5886568],[79.7291009,22.589767],[79.7273476,22.5894129],[79.7275893,22.5853518],[79.7226211,22.5764049],[79.7219578,22.5771472],[79.7141562,22.5772274],[79.7120221,22.5758595],[79.7066567,22.5703518],[79.7060002,22.5658397],[79.7049985,22.5647186],[79.7012921,22.5634389],[79.7009235,22.5603395],[79.6942064,22.5553074],[79.6874925,22.5528542],[79.6851252,22.550205],[79.6822808,22.5503746],[79.6795807,22.5487716],[79.678373,22.5461407],[79.6758131,22.5442171],[79.6724416,22.5460493],[79.6705638,22.5462216],[79.6667462,22.5462846],[79.6656709,22.5450814],[79.6624559,22.5470792],[79.6605654,22.5449629],[79.6571075,22.5443085],[79.65551,22.5477896],[79.6537645,22.5478074],[79.6468903,22.5435577],[79.6420001,22.5462667],[79.6354323,22.5461642],[79.6319997,22.5478837],[79.6294657,22.5477732],[79.6274363,22.5500444],[79.6218727,22.5534838],[79.6184349,22.5538093],[79.6173688,22.552616],[79.6110894,22.5536544],[79.6083905,22.556675],[79.6014727,22.5602896],[79.597945,22.5593989],[79.5960051,22.5563483],[79.5920395,22.5586229],[79.5894276,22.5643139],[79.5861278,22.5646382],[79.5829474,22.5644486],[79.5783782,22.5628091],[79.5746409,22.563027],[79.5683258,22.5611875],[79.5609238,22.5576077],[79.5566632,22.5578568],[79.5523621,22.5556163],[79.5473419,22.55777],[79.5411904,22.5553576],[79.5351813,22.5503664],[79.5276121,22.5472087],[79.5253001,22.5435737],[79.5214433,22.5427512],[79.517044,22.542489],[79.5125213,22.5441118],[79.5078685,22.5435113],[79.5006927,22.5400884],[79.499109,22.5452159],[79.4970677,22.5456868],[79.4837383,22.5427887],[79.4716632,22.5428568],[79.4649461,22.5379011],[79.4632827,22.5360394],[79.4633144,22.5335],[79.460615,22.5308521],[79.458884,22.5327896],[79.4557086,22.5319145],[79.4518773,22.524222],[79.4490583,22.5228077],[79.4450796,22.5229512],[79.4441658,22.5219289],[79.4392462,22.5222172],[79.4375398,22.5203074],[79.4279564,22.5173805],[79.4241495,22.5144298],[79.4178784,22.5144446],[79.4169199,22.5165333],[79.4080076,22.518117],[79.4019774,22.5175751],[79.3983258,22.5136875],[79.3975404,22.5111427],[79.3836725,22.5109102],[79.3823728,22.5025711],[79.3774111,22.5028619],[79.3749991,22.5001629],[79.3706475,22.5004222],[79.3662824,22.4984644],[79.3608258,22.4936875],[79.3596141,22.4897628],[79.3549925,22.4886875],[79.3474925,22.4853542],[79.3440924,22.4820501],[79.3400991,22.4797115],[79.3358494,22.4816531],[79.333373,22.4803074],[79.3291592,22.4795208],[79.328373,22.4753074],[79.32645,22.4744247],[79.3084649,22.472804],[79.3042454,22.4730506],[79.299273,22.4719883],[79.2944801,22.473708],[79.2879507,22.4733175],[79.2843136,22.4720125],[79.2817861,22.4639743],[79.2770153,22.4587698],[79.2606451,22.4560323],[79.259033,22.4574053],[79.2564678,22.4560112],[79.2529328,22.4577129],[79.2475503,22.4547878],[79.2347223,22.453584],[79.2301601,22.448676],[79.2284924,22.4481861],[79.2252692,22.4501964],[79.220873,22.4478074],[79.2166592,22.4470208],[79.2157723,22.4460281],[79.2065188,22.4461295],[79.2050397,22.4444741],[79.19779110466388,22.440873668241316],[79.19370269775419,22.450138092041243],[79.19996643066429,22.452869415283487],[79.20295715332048,22.452978134155273],[79.20519256591808,22.452169418335075],[79.216537475586,22.455070495605753],[79.21765899658203,22.458209991455362],[79.22189331054693,22.462909698486555],[79.22692108154325,22.47162818908714],[79.23149108886747,22.475481033325252],[79.23649597167986,22.47587966918968],[79.24588775634766,22.474710464477596],[79.2499008178711,22.476100921630916],[79.26040649414068,22.47668075561529],[79.27275085449236,22.48050117492687],[79.28489685058622,22.481410980224837],[79.29321289062506,22.48488044738781],[79.29959869384777,22.48517036438011],[79.31550598144531,22.481601715088118],[79.33583831787121,22.48517036438011],[79.3390426635745,22.487791061401424],[79.3404617309572,22.49099159240734],[79.34044647216814,22.494831085205362],[79.33664703369158,22.508029937744084],[79.32939910888689,22.50835037231451],[79.32522583007812,22.51016998291027],[79.32337951660179,22.516450881958235],[79.32492828369169,22.524829864501953],[79.32308959960955,22.527051925659407],[79.31479644775413,22.530490875244254],[79.31511688232422,22.541208267212085],[79.31645202636719,22.544570922851562],[79.324760437012,22.554389953613338],[79.32746124267572,22.555498123168945],[79.33133697509766,22.55536842346214],[79.33287811279303,22.556650161743335],[79.33215332031273,22.55979919433605],[79.32802581787121,22.566259384155217],[79.32875823974638,22.56993103027338],[79.33448791503935,22.568641662597656],[79.3360671997072,22.569391250610465],[79.33644866943376,22.57644081115734],[79.33767700195335,22.579931259155387],[79.33978271484398,22.58008956909208],[79.34101104736322,22.57410240173357],[79.34451293945318,22.57491111755394],[79.34751892089861,22.580270767211857],[79.3501586914062,22.582239151000977],[79.35085296630865,22.583919525146598],[79.3484497070312,22.58881950378418],[79.35098266601562,22.592069625854492],[79.35317230224638,22.593059539795206],[79.3587188720706,22.597871780395508],[79.36812591552751,22.5982608795166],[79.36812591552751,22.601409912109375],[79.36525726318376,22.605899810791016],[79.36125183105486,22.608470916748104],[79.35103607177757,22.61092185974138],[79.34716796875,22.61379051208496],[79.33799743652361,22.61792945861839],[79.32047271728516,22.6143608093264],[79.31949615478533,22.61791038513212],[79.33024597167991,22.624679565429688],[79.33203125000011,22.628110885620117],[79.33358001709001,22.634220123291072],[79.33811187744169,22.636301040649528],[79.34494781494146,22.64281082153326],[79.35733032226585,22.646160125732592],[79.36257171630876,22.653430938720703],[79.37309265136736,22.65904998779297],[79.37449645996116,22.6635799407959],[79.37407684326178,22.66778182983404],[79.37740325927763,22.671039581298885],[79.38622283935564,22.673400878906477],[79.3880233764649,22.67939186096197],[79.39533233642607,22.685380935668945],[79.39775085449224,22.691190719604435],[79.3993606567384,22.7002601623538],[79.39251708984392,22.7011528015139],[79.40619659423857,22.712879180908146],[79.40767669677757,22.71647834777832],[79.40585327148432,22.719520568847656],[79.40688323974615,22.724420547485465],[79.42067718505888,22.72809982299833],[79.43215179443388,22.72713279724144],[79.44883728027344,22.731580734253214],[79.45730590820341,22.73749160766596],[79.46351623535156,22.743061065673828],[79.46691131591814,22.741830825805607],[79.46800994873075,22.73978996276884],[79.46598052978533,22.735839843750114],[79.46473693847685,22.730260848999137],[79.46640014648443,22.725999832153263],[79.4782333374024,22.730340957641886],[79.48445892334001,22.731540679931925],[79.4887084960938,22.73037147521984],[79.4949188232423,22.726150512695312],[79.50002288818388,22.72381019592291],[79.50755310058611,22.722209930420036],[79.51143646240257,22.727212905884016],[79.51201629638695,22.739950180053768],[79.51702880859403,22.753850936889705],[79.50895690917991,22.752010345459155],[79.50617980957026,22.752420425415096],[79.50485229492182,22.756631851196346],[79.51310729980469,22.763700485229663],[79.51313781738287,22.768249511719034],[79.51004791259766,22.773429870605582],[79.51036834716808,22.777790069580078],[79.513900756836,22.78331947326666],[79.52272796630888,22.79103279113764],[79.5368270874024,22.806690216064737],[79.53826141357439,22.81298065185547],[79.53814697265648,22.819969177246207],[79.54707336425787,22.826930999755973],[79.55359649658226,22.83068084716797],[79.56330108642584,22.834079742431868],[79.56829071044928,22.83423042297386],[79.58093261718761,22.848920822143498],[79.5819931030274,22.85297966003418],[79.593246459961,22.862079620361328],[79.59510803222673,22.865039825439567],[79.60150909423857,22.861181259155273],[79.60823059082026,22.861209869384822],[79.61654663085943,22.871589660644588],[79.61882019042991,22.875778198242244],[79.6159286499024,22.888008117675838],[79.617660522461,22.896150588989258],[79.61575317382818,22.904769897460994],[79.60903930664062,22.91493034362793],[79.60552978515653,22.917100906372184],[79.60119628906267,22.917350769043196],[79.59417724609375,22.915399551391545],[79.58586120605497,22.93457984924322],[79.57907104492205,22.94083976745617],[79.57752990722673,22.944339752197493],[79.58956146240251,22.946271896362532],[79.59854888916016,22.951190948486555],[79.61244964599626,22.95461082458496],[79.61650085449224,22.95726013183605],[79.62219238281267,22.947589874267635],[79.62969207763695,22.943611145019702],[79.634330749512,22.937070846557788],[79.63980102539085,22.932090759277628],[79.64525604248064,22.927940368652287],[79.65567779541044,22.924570083618164],[79.66282653808594,22.924470901489315],[79.67619323730469,22.9290828704834],[79.68199157714872,22.925970077514762],[79.68792724609403,22.92506980895996],[79.7162170410158,22.9228000640872],[79.73403167724632,22.919521331787337],[79.74244689941435,22.919729232788086],[79.74404144287126,22.91599082946783],[79.74079895019548,22.90681076049816],[79.73831176757807,22.90221023559576],[79.74079132080072,22.898820877075195],[79.74513244628935,22.897701263427678],[79.7513427734375,22.89084815979004],[79.76708221435575,22.88466072082531],[79.76998138427751,22.880790710449503],[79.76140594482439,22.868801116943587],[79.75710296630882,22.864570617676065],[79.75389862060575,22.85917091369629],[79.75385284423834,22.85236930847168],[79.75624847412126,22.848220825195312],[79.76098632812511,22.8456401824954],[79.76924133300798,22.845359802246094],[79.77519226074224,22.84719085693365],[79.78385162353544,22.853380203247184],[79.79293823242193,22.86322975158714],[79.79815673828153,22.867219924926985],[79.80506134033197,22.870258331298828],[79.81044769287126,22.870412826538143],[79.81247711181669,22.867900848388786],[79.81056213378935,22.854351043701286],[79.81196594238298,22.850450515747298],[79.82055664062517,22.84609031677263],[79.82208251953142,22.83921051025419],[79.82525634765653,22.836179733276538],[79.83123016357439,22.833288192748967],[79.83705902099638,22.832099914550838],[79.84262084960949,22.83270072937023],[79.8461532592774,22.835710525512695],[79.85672760009794,22.850439071655387],[79.86235809326178,22.856460571289062],[79.86650085449236,22.856260299682845],[79.87116241455101,22.854200363159237],[79.8751831054688,22.85387992858881],[79.87824249267584,22.8596324920656],[79.88088226318365,22.862180709839095],[79.89348602294945,22.86495971679716],[79.89601135253935,22.86272811889654],[79.89907073974638,22.85172080993658],[79.90046691894548,22.848161697387923],[79.90170288085943,22.847629547119368],[79.92080688476591,22.858221054077262],[79.94191741943365,22.860599517822493],[79.94841003417991,22.859050750732422],[79.95732879638672,22.854690551757756],[79.96446990966825,22.844921112060547],[79.97500610351557,22.8332710266115],[79.9800415039063,22.83032989501953],[79.99124908447283,22.82990074157715],[79.99807739257824,22.827869415283317],[80.00257110595709,22.821050643921012],[80.00421142578142,22.813352584839095],[80.0091857910158,22.80599975585949],[80.01101684570341,22.80113983154297],[80.01435089111328,22.79594039917015],[80.0198364257812,22.79190826416044],[80.02992248535168,22.787628173828352],[80.03642272949213,22.78370094299322],[80.04321289062523,22.776729583740348],[80.05393981933622,22.76299285888672],[80.06037902832054,22.760080337524528],[80.06532287597662,22.75937080383295],[80.06784820556669,22.76016044616705],[80.08306121826178,22.768209457397745],[80.09635162353533,22.77288055419922],[80.1110000610351,22.77061080932623],[80.16372680664068,22.768161773681925],[80.17238616943388,22.766620635986442],[80.17833709716791,22.768030166626204],[80.18956756591808,22.77786064147972],[80.1962203979495,22.77948951721214],[80.19986724853527,22.782360076904297],[80.20033264160156,22.78946113586437],[80.19931793212885,22.79570960998558],[80.20050048828142,22.79836273193365],[80.2037582397461,22.801349639892862],[80.20890045166016,22.803121566772575],[80.23465728759766,22.801309585571403],[80.23941802978516,22.799770355224666],[80.25815582275396,22.797010421753214],[80.2620391845706,22.796129226684684],[80.27018737792991,22.791511535644645],[80.27455139160162,22.787950515747355],[80.27584075927751,22.78470993041998],[80.27361297607445,22.767709732055778],[80.27813720703125,22.749160766601676],[80.27858734130865,22.733842849731616],[80.27938079834013,22.73180961608881],[80.28414916992216,22.72731971740734],[80.27390289306658,22.722940444946232],[80.2670288085937,22.721309661865405],[80.2456512451173,22.72261047363304],[80.23604583740257,22.720300674438647],[80.23192596435541,22.715879440307845],[80.23161315917969,22.708999633789233],[80.22849273681635,22.703250885009993],[80.2275695800783,22.69926071166998],[80.2319412231447,22.695529937744084],[80.23332977294922,22.6910209655764],[80.23053741455107,22.68299293518072],[80.23108673095726,22.680509567260685],[80.22978210449247,22.677629470825423],[80.22850036621088,22.676128387451172],[80.22489166259783,22.674650192260742],[80.21353912353538,22.671550750732422],[80.20861816406278,22.675350189208984],[80.20513916015648,22.673580169677848],[80.19917802581995,22.667441243150776],[80.1954128,22.6703289]]]}},{"type":"Feature","properties":{"state":"Madhya Pradesh","state_slug":"madhya_pradesh","district":"Shahdol","district_slug":"shahdol","district_as_supplied":"Shahdol","renamed_from_source":false,"layers":{"climate":true,"ndvi":true,"soil_moisture":true,"crop_des":true,"groundwater":true,"advisory":true},"climate_kind":"gee"},"geometry":{"type":"Polygon","coordinates":[[[81.1950802,22.9864594],[81.2017298,22.9806285],[81.2066004,22.980657],[81.2116753,22.9790099],[81.218853,22.9706098],[81.224229,22.9731008],[81.231803,22.9747797],[81.242542,22.9709361],[81.2434821,22.9672663],[81.2434298,22.9581358],[81.2469088,22.9563438],[81.2544878,22.9564985],[81.2592965,22.9497602],[81.2626356,22.9480903],[81.2675957,22.9489106],[81.2684795,22.9497602],[81.2696408,22.9533377],[81.2734795,22.9580935],[81.2751006,22.9614342],[81.2799809,22.9630178],[81.2892965,22.9689431],[81.2993185,22.9733653],[81.3037163,22.9763463],[81.3096017,22.9733987],[81.3109632,22.9705935],[81.3167042,22.9668018],[81.3178105,22.9511559],[81.3218175,22.9439359],[81.3208745,22.9339977],[81.3226299,22.9330935],[81.334513,22.9321992],[81.340859,22.929027],[81.3434201,22.926566],[81.3448792,22.923559],[81.3566915,22.9258596],[81.3584168,22.9223041],[81.3625631,22.9181285],[81.3664287,22.9181196],[81.3684689,22.9139155],[81.3744715,22.9199929],[81.3801925,22.9214594],[81.3842396,22.9213764],[81.3880009,22.9239269],[81.3926461,22.9231098],[81.3945398,22.9202216],[81.3997376,22.9185346],[81.4025981,22.9155585],[81.4218128,22.9139431],[81.446021,22.9089342],[81.4476299,22.9072602],[81.4526461,22.9064431],[81.4573979,22.9006147],[81.4650973,22.9007115],[81.4675664,22.895622],[81.4738733,22.8947],[81.4873947,22.8948741],[81.4940206,22.8915432],[81.5016753,22.8890099],[81.5034795,22.8872765],[81.5051299,22.8830935],[81.516165,22.874101],[81.517935,22.8668403],[81.5246676,22.8622765],[81.531292,22.8640563],[81.5392965,22.8638927],[81.540234,22.8658246],[81.5461414,22.8705935],[81.5483641,22.869817],[81.5484477,22.8673774],[81.5517298,22.8639618],[81.5561203,22.8639464],[81.5643047,22.8597301],[81.5718128,22.8630935],[81.5734144,22.8647602],[81.5776461,22.8622765],[81.5844096,22.8564431],[81.5935804,22.8574547],[81.5976331,22.8613487],[81.5996928,22.8655935],[81.6044243,22.8637706],[81.6068274,22.8613943],[81.6118128,22.8597765],[81.613005,22.8561046],[81.614705,22.8543354],[81.6209795,22.8506098],[81.6267335,22.8449516],[81.6277682,22.8359825],[81.6371953,22.8382465],[81.6507345,22.8347765],[81.6560568,22.8356049],[81.660046,22.8397577],[81.6625818,22.8398098],[81.6731841,22.8350279],[81.6764523,22.8318875],[81.6786032,22.824263],[81.6836276,22.8218256],[81.6876583,22.8163878],[81.7008919,22.8078231],[81.7008405,22.8053234],[81.7025092,22.8002422],[81.7024933,22.7971333],[81.7042404,22.789905],[81.7084526,22.7824742],[81.7257378,22.7657604],[81.7319756,22.7626264],[81.7409689,22.7539863],[81.7421098,22.7493069],[81.7462936,22.7464708],[81.7492648,22.7464106],[81.7541826,22.7480935],[81.7559247,22.7420993],[81.7530857,22.738683],[81.75337412148765,22.733846812877022],[81.74912261962896,22.733169555664176],[81.74661254882812,22.726488113403377],[81.75594329834001,22.697650909424],[81.76288604736334,22.685359954834098],[81.76597595214872,22.67612075805664],[81.76506042480463,22.669059753418082],[81.76272583007841,22.663589477539062],[81.7621267670337,22.66282863765169],[81.7576153,22.6618144],[81.7554673,22.6571341],[81.752534,22.6568985],[81.7474852,22.6636331],[81.745312,22.6691344],[81.7382888,22.6721875],[81.7350076,22.6728025],[81.7286448,22.6756801],[81.7255543,22.6780462],[81.72405029529406,22.67575932663619],[81.72294616699236,22.676210403442326],[81.73182678222685,22.68910026550293],[81.72348022460932,22.6975994110108],[81.69429016113276,22.705970764160156],[81.68699645996122,22.713439941406477],[81.69079589843756,22.72026824951172],[81.69313049316418,22.728410720825252],[81.69667816162115,22.734889984131087],[81.69596099853544,22.738559722900447],[81.69653320312528,22.746099472046012],[81.6918716430664,22.75230026245123],[81.68936920166033,22.7579803466798],[81.68554687500017,22.76358985900879],[81.68489837646513,22.779100418091048],[81.67785644531278,22.78191947937023],[81.65611267089872,22.78374099731468],[81.64782714843756,22.78543090820324],[81.63861083984392,22.7841796875],[81.63047027587896,22.782209396362305],[81.62523651123058,22.77964973449707],[81.62017059326178,22.774480819702262],[81.60388946533197,22.767400741577205],[81.59687805175781,22.761751174926985],[81.5897064208985,22.75806045532238],[81.58075714111357,22.75819969177246],[81.5754013061524,22.7558212280274],[81.56012725830101,22.756719589233455],[81.55140686035185,22.76068115234375],[81.54413604736357,22.759378433227482],[81.53866577148455,22.75451087951683],[81.52253723144537,22.750850677490234],[81.51522064209001,22.754770278930778],[81.51368713378923,22.760141372680607],[81.50791168212919,22.76090049743675],[81.50212860107428,22.7645015716555],[81.49677276611334,22.762292861938477],[81.48033142089861,22.760549545288143],[81.47598266601568,22.75918006896967],[81.46881866455107,22.759679794311523],[81.46147918701178,22.764829635620117],[81.45581054687506,22.770690917968807],[81.44951629638678,22.77301979064947],[81.44436645507818,22.77997970581083],[81.44026947021501,22.78947067260748],[81.44358062744163,22.795040130615348],[81.43817138671892,22.797410964966048],[81.4318161010745,22.80542945861839],[81.43087768554699,22.812540054321403],[81.43163299560558,22.821470260620117],[81.4255676269533,22.83144950866722],[81.41921997070341,22.837619781494084],[81.4024200439456,22.84544944763212],[81.39897155761724,22.851390838623217],[81.3720321655274,22.85564041137718],[81.3534393310548,22.84991073608421],[81.34078979492193,22.856018066406364],[81.31807708740257,22.861930847168082],[81.30927276611334,22.87446975708025],[81.29399108886719,22.879060745239485],[81.28446960449219,22.878311157226847],[81.27268981933616,22.879060745239485],[81.26352691650413,22.886260986328352],[81.2556762695313,22.895011901855696],[81.24983978271513,22.899362564087028],[81.22879791259771,22.90254020690918],[81.22564697265636,22.905790328979663],[81.21914672851591,22.908300399780273],[81.21215057373064,22.913070678710938],[81.20398712158209,22.912639617919922],[81.19642639160185,22.91046905517601],[81.19174194335955,22.91438102722185],[81.18525695800798,22.92918968200712],[81.18547058105469,22.93650817871105],[81.18451690673828,22.942211151123047],[81.18139648437511,22.95197105407715],[81.1950802,22.9864594]]]}},{"type":"Feature","properties":{"state":"Madhya Pradesh","state_slug":"madhya_pradesh","district":"Umaria","district_slug":"umaria","district_as_supplied":"Umaria","renamed_from_source":false,"layers":{"climate":true,"ndvi":true,"soil_moisture":true,"crop_des":true,"groundwater":true,"advisory":true},"climate_kind":"gee"},"geometry":{"type":"MultiPolygon","coordinates":[[[[80.8280009,23.2397602],[80.8292348,23.2366409],[80.82913959009743,23.23196754881877],[80.82711791992193,23.2323894500733],[80.82704619867513,23.23911305016345],[80.8280009,23.2397602]]],[[[80.8452023,23.2244103],[80.84808678067819,23.222081939418533],[80.8433103759179,23.22343543325873],[80.8452023,23.2244103]]]]}},{"type":"Feature","properties":{"state":"Madhya Pradesh","state_slug":"madhya_pradesh","district":"Khargone","district_slug":"khargone","district_as_supplied":"West Nimar","renamed_from_source":true,"layers":{"climate":true,"ndvi":true,"soil_moisture":true,"crop_des":true,"groundwater":true,"advisory":true},"climate_kind":"gee"},"geometry":{"type":"Polygon","coordinates":[[[76.0050299,21.451147],[76.0008348,21.4503068],[76.000032,21.45618],[75.9950938,21.4678149],[75.9925002,21.46368],[75.9914715,21.4597109],[75.981743,21.457878],[75.9759097,21.4554817],[75.9709324,21.4552846],[75.9677545,21.4585722],[75.9625043,21.4586472],[75.9561941,21.4603007],[75.9533348,21.460414],[75.951024,21.4579203],[75.9475307,21.4577818],[75.9466986,21.45868],[75.9432994,21.4594897],[75.9434312,21.4628155],[75.9364061,21.4663348],[75.9280849,21.466005],[75.923935,21.4673189],[75.920032,21.4720133],[75.9175002,21.4728149],[75.9159923,21.4744423],[75.9125023,21.4744804],[75.9075564,21.4763942],[75.9076394,21.4813564],[75.9000002,21.4828149],[75.8970246,21.4843894],[75.8910089,21.4822811],[75.8872187,21.4842869],[75.8841669,21.4828467],[75.8826227,21.48118],[75.8774188,21.4827706],[75.875032,21.4853467],[75.8716352,21.4869498],[75.8683653,21.4903467],[75.8647976,21.4921374],[75.8544041,21.4917254],[75.8523395,21.4939536],[75.848362,21.4953479],[75.8437506,21.495165],[75.8416701,21.4995735],[75.8383336,21.5011482],[75.8373159,21.5033048],[75.8322012,21.5058492],[75.8302741,21.5099326],[75.8237997,21.5129881],[75.8234906,21.5251452],[75.8208608,21.5277282],[75.819752,21.5312311],[75.8166828,21.532855],[75.8098058,21.5290229],[75.8131717,21.5238719],[75.8142484,21.5178611],[75.8125368,21.5162754],[75.8123226,21.5134883],[75.8104788,21.5112952],[75.810656,21.5068216],[75.8068724,21.5029364],[75.7975002,21.4995133],[75.7941986,21.4969816],[75.7875395,21.4938389],[75.7873558,21.4901518],[75.7855571,21.4880958],[75.7881074,21.4857329],[75.7874769,21.4836223],[75.7858336,21.4828467],[75.7849803,21.480267],[75.7826785,21.4777449],[75.7872069,21.4730557],[75.7959885,21.4722143],[75.7923682,21.4635874],[75.786765,21.4638096],[75.7845466,21.4583608],[75.7868355,21.456078],[75.7798227,21.4501421],[75.7797482,21.4465963],[75.7806074,21.4438826],[75.7844251,21.4381324],[75.7882674,21.4372172],[75.7853211,21.4326651],[75.7871398,21.4292283],[75.7826227,21.4253467],[75.77732,21.4271256],[75.7694851,21.4217702],[75.7692589,21.4211713],[75.7728637,21.4175642],[75.7699909,21.4152822],[75.7635681,21.4151908],[75.7607017,21.4167075],[75.7564725,21.4123996],[75.7586499,21.4071158],[75.7516986,21.4019816],[75.7475002,21.40118],[75.7417021,21.3987329],[75.7413473,21.3948924],[75.74220589209219,21.393269814944333],[75.717767,21.392527],[75.7141669,21.3953149],[75.7133653,21.40118],[75.711129,21.4044299],[75.7066384,21.4062119],[75.7015715,21.4061851],[75.700032,21.4078467],[75.6958336,21.4086482],[75.6925303,21.4111812],[75.6876479,21.4110536],[75.6865471,21.4179651],[75.677532,21.4228467],[75.6737344,21.424049],[75.6711314,21.4266443],[75.6650002,21.4278149],[75.6638781,21.431296],[75.6650577,21.4335252],[75.6648924,21.4380373],[75.662532,21.44118],[75.6590125,21.4422943],[75.6524467,21.4473292],[75.6555415,21.4487897],[75.6567621,21.4504122],[75.6567977,21.4578153],[75.6541669,21.4586482],[75.6521995,21.4633832],[75.6450002,21.4694816],[75.6447993,21.4723324],[75.6467157,21.4744975],[75.6458336,21.4753149],[75.645032,21.4803467],[75.6439972,21.4813053],[75.639536,21.4811285],[75.6383653,21.4786482],[75.6366669,21.4778467],[75.6357701,21.4759464],[75.6315849,21.477043],[75.622525,21.4769482],[75.6218364,21.4778744],[75.6239407,21.4845029],[75.6207428,21.4853149],[75.6177053,21.4820363],[75.6123594,21.4802545],[75.6076247,21.4804421],[75.6041986,21.4778149],[75.5996857,21.4767399],[75.5983494,21.4752978],[75.597532,21.47618],[75.5898031,21.4772363],[75.58591767768378,21.476078851646466],[75.58415222167969,21.477359771728516],[75.5709533691408,21.48064041137718],[75.56337135816736,21.48129971667914],[75.5624941,21.4878384],[75.5664725,21.489716],[75.5672804,21.4914279],[75.5696652,21.4901659],[75.5709847,21.4940004],[75.5707854,21.4990294],[75.5731391,21.5005493],[75.5764015,21.5045889],[75.5770081,21.506903],[75.5757912,21.5138912],[75.5607031,21.5162225],[75.5608985,21.5211493],[75.5571944,21.5265926],[75.5508018,21.5286165],[75.549008,21.5305523],[75.5471574,21.5344736],[75.539891,21.5266312],[75.5329389,21.524332],[75.5210567,21.5244232],[75.5163961,21.5256443],[75.5141964,21.5244804],[75.5101565,21.5246405],[75.5047327,21.5202264],[75.5001728,21.5204071],[75.4970115,21.5192991],[75.4924563,21.5217096],[75.4865924,21.5228292],[75.4849699,21.5245805],[75.4850346,21.5262144],[75.4778375,21.5262671],[75.4760942,21.5288826],[75.4724095,21.5294816],[75.4704645,21.5273824],[75.46499093344634,21.525649447054885],[75.4626693725586,21.53257942199707],[75.46315002441435,21.545450210571346],[75.46581268310575,21.55295944213873],[75.47100830078142,21.562692642212028],[75.47538757324213,21.56685066223156],[75.48432159423857,21.570222854614485],[75.48322296142595,21.584430694580135],[75.48977661132818,21.601438522338924],[75.49386596679699,21.60222053527849],[75.49944305419939,21.611480712890568],[75.50567626953153,21.61655044555664],[75.5016632080081,21.619911193847827],[75.4827270507813,21.623920440673942],[75.47191619873075,21.62757110595703],[75.46824645996116,21.633289337158487],[75.46293640136747,21.638328552246207],[75.45352172851568,21.642948150634993],[75.45298004150413,21.64829254150385],[75.45008850097662,21.65302085876459],[75.44602203369158,21.657552719116495],[75.44278717041033,21.659589767456282],[75.44222259521501,21.662460327148438],[75.44444274902372,21.670141220093058],[75.44377136230469,21.674980163574332],[75.44127655029314,21.678270339965934],[75.43508911132841,21.68102073669462],[75.42189025878929,21.681699752807845],[75.39256286621122,21.680250167846964],[75.37670898437506,21.677320480346907],[75.3413162231447,21.668859481811523],[75.33651733398449,21.66481018066412],[75.32948303222673,21.66440010070818],[75.32063293457037,21.658880233764762],[75.31758117675787,21.653049468994368],[75.3090133666995,21.643341064453068],[75.29792785644537,21.63659095764183],[75.29308319091814,21.637821197509822],[75.29110717773466,21.648071289062784],[75.28723907470726,21.65343093872093],[75.28241729736328,21.657480239868278],[75.27599334716803,21.661159515380973],[75.27455139160173,21.66455078125],[75.27668762207031,21.670860290527344],[75.2743377685548,21.67484092712425],[75.26670074462902,21.676282882690373],[75.26957702636713,21.682979583740234],[75.26616668701189,21.685880661010742],[75.24915313720714,21.69094085693365],[75.22213745117188,21.697429656982422],[75.21926116943376,21.70388031005882],[75.2151489257813,21.70615959167486],[75.21219635009783,21.711521148681584],[75.21029663085955,21.725891113281534],[75.21061706542997,21.731760025024414],[75.21929168701172,21.738250732421932],[75.23356628417986,21.74454116821289],[75.23964691162126,21.74616050720215],[75.24791717529303,21.746561050415153],[75.25399017333984,21.74308013916027],[75.26552581787138,21.747730255127237],[75.27041625976568,21.744848251343],[75.28037261962913,21.742269515991325],[75.28286743164068,21.744140625000227],[75.27710723876959,21.75245857238781],[75.27448272705107,21.759950637817553],[75.27452087402355,21.765228271484375],[75.277153015137,21.769399642944506],[75.27700805664074,21.771240234375057],[75.28469848632812,21.778041839599723],[75.28629302978521,21.782312393188704],[75.28359985351568,21.789688110351562],[75.27813720703153,21.798538208007926],[75.27736663818388,21.801519393920955],[75.27870941162138,21.806310653686637],[75.28096771240263,21.80898284912132],[75.28868103027361,21.809280395507756],[75.29126739501982,21.810110092163143],[75.29236602783209,21.81454086303711],[75.29675292968756,21.816539764404354],[75.29695892334007,21.820802688598803],[75.29573059082048,21.82336997985857],[75.29576873779297,21.82646942138689],[75.29792022705101,21.830690383911076],[75.30634307861357,21.837039947509766],[75.30967712402361,21.837480545044002],[75.31101989746094,21.84146118164074],[75.3099288940432,21.846731185913143],[75.30348205566435,21.856370925903377],[75.30352020263683,21.86005020141613],[75.30069732666033,21.865770339965934],[75.29527282714872,21.868812561035327],[75.28524780273455,21.870990753173828],[75.28190612792974,21.8739395141601],[75.28089904785156,21.877780914306697],[75.2806701660158,21.889490127563477],[75.28219604492205,21.891691207885742],[75.29051208496122,21.896669387817496],[75.29091644287138,21.898969650268782],[75.28732299804682,21.90577125549322],[75.28598785400385,21.911430358886776],[75.2868270874024,21.917530059814453],[75.29283905029308,21.92541122436546],[75.29677581787132,21.927120208740234],[75.30137634277372,21.925331115722884],[75.3029327392581,21.922870635986328],[75.30648803710943,21.912750244140852],[75.30871582031267,21.91110992431652],[75.31696319580084,21.909290313720817],[75.32089233398432,21.909521102905558],[75.3343429565432,21.912071228027457],[75.33796691894554,21.914119720459155],[75.33692932128923,21.915210723877067],[75.337387084961,21.923530578613224],[75.34166717529308,21.930711746216048],[75.34011077880888,21.938848495483455],[75.33978271484392,21.950731277466048],[75.34337615966808,21.951860427856445],[75.3517608642581,21.956760406494254],[75.35526275634783,21.961000442504883],[75.35563659667986,21.972610473632812],[75.3550796508789,21.97517967224121],[75.35632324218778,21.97779083251976],[75.35463714599621,21.983261108398608],[75.35646057128912,21.984609603882063],[75.35954284667974,21.98896026611328],[75.36354064941412,21.989860534668253],[75.38410949707037,21.990711212158317],[75.38770294189453,21.989589691162223],[75.39302062988298,21.989299774169922],[75.39789581298857,21.990449905395565],[75.40039062500028,21.992500305175838],[75.407485961914,22.003900527954272],[75.40718078613287,22.00560188293457],[75.41561889648443,22.005920410156193],[75.41908264160185,22.00777053833025],[75.42774963378906,22.0162410736084],[75.43678283691412,22.02032279968273],[75.44584655761736,22.026889801025618],[75.44361877441412,22.030031204223803],[75.43506622314459,22.030580520629826],[75.42785644531278,22.027919769287394],[75.42473602294928,22.027759552001896],[75.42093658447288,22.030290603637923],[75.41828155517584,22.036029815673828],[75.41661834716808,22.042190551757983],[75.41567993164057,22.055240631103516],[75.41677093505888,22.060169219970817],[75.42273712158197,22.061611175537337],[75.43048095703148,22.061782836914176],[75.44316101074236,22.061880111694393],[75.45317840576195,22.060489654541072],[75.45787811279314,22.065019607544002],[75.45820617675793,22.06796073913597],[75.45607757568388,22.07168960571289],[75.45083618164062,22.072420120239485],[75.4248428344726,22.06706809997587],[75.41819763183611,22.066730499267578],[75.40627288818365,22.069009780884016],[75.40397644042974,22.06800079345726],[75.39469909667963,22.072471618652457],[75.38704681396513,22.07440948486328],[75.38849639892584,22.07555007934576],[75.39129638671892,22.076160430908317],[75.3984298706057,22.076692581177042],[75.4033279418947,22.07884979248047],[75.40342712402372,22.081111907959098],[75.39801025390625,22.084020614624137],[75.39701080322283,22.08625984191906],[75.39900207519554,22.08907127380388],[75.39910125732439,22.090990066528434],[75.39752960205107,22.094020843506087],[75.3933715820312,22.09453010559082],[75.39189147949219,22.095489501953182],[75.38416290283232,22.10350990295433],[75.37937164306646,22.10596847534174],[75.37280273437517,22.104650497436637],[75.36235046386724,22.10522270202648],[75.3611831665039,22.105899810791072],[75.35955810546903,22.108882904052734],[75.35878753662138,22.11141014099121],[75.35919189453153,22.11362075805681],[75.35610961914068,22.118240356445426],[75.35295867919939,22.1180801391601],[75.34807586669945,22.121629714966048],[75.34703063964861,22.12392807006853],[75.34394073486357,22.126419067382926],[75.33664703369146,22.127691268920955],[75.32788085937506,22.126140594482706],[75.32338714599626,22.127969741821346],[75.32096862792974,22.13088035583519],[75.32002258300787,22.136341094970703],[75.3241958618164,22.139009475708235],[75.33309173583979,22.141260147094727],[75.3416290283206,22.14174079895048],[75.36667633056658,22.145460128784464],[75.3723068237307,22.144050598144702],[75.37651062011724,22.145690917969034],[75.37998962402372,22.144359588623047],[75.38549041748075,22.14381980895996],[75.39338684082048,22.140830993652344],[75.400199890137,22.14001083374046],[75.40896606445341,22.141082763671932],[75.44093322753912,22.153289794921932],[75.45124053955084,22.15364074707054],[75.46185302734392,22.15570831298828],[75.47361755371122,22.155950546264933],[75.50495147705072,22.160400390625114],[75.5105590820313,22.164140701293945],[75.51066589355463,22.17152976989769],[75.51838684082037,22.17558097839367],[75.52009582519537,22.18070030212408],[75.51822662353521,22.188360214233512],[75.52014160156256,22.191061019897575],[75.5210189819336,22.19552040100126],[75.52059173583979,22.20141029357916],[75.5224990844726,22.208900451660327],[75.53584289550776,22.22877120971691],[75.53338623046892,22.24232101440441],[75.53012847900385,22.249620437622298],[75.53080749511741,22.254020690918082],[75.53382110595709,22.262620925903377],[75.53372192382841,22.26765060424816],[75.53058624267584,22.274080276489315],[75.51552581787115,22.284191131592024],[75.51496887207054,22.294080734252873],[75.51354980468767,22.301631927490348],[75.51632690429693,22.309410095215014],[75.51525878906267,22.312641143798885],[75.5104293823245,22.317592620849666],[75.51069641113298,22.31939125061035],[75.50846862792974,22.322589874267692],[75.50843811035156,22.324390411377124],[75.50517272949236,22.32831954956083],[75.49469757080078,22.328218460083235],[75.4919815063476,22.330600738525504],[75.49720001220709,22.33917999267578],[75.50895690917963,22.343059539794922],[75.50965881347685,22.345680236816406],[75.50894165039074,22.348859786987305],[75.50364685058611,22.365552902221793],[75.50553894042986,22.372051239013672],[75.50948333740263,22.37401962280296],[75.51168823242188,22.374111175537223],[75.51985168457048,22.377250671387003],[75.52555847167986,22.375770568847656],[75.52606964111357,22.374511718750227],[75.52314758300787,22.36775016784668],[75.52311706542969,22.36510086059576],[75.52540588378906,22.363149642944506],[75.53288269042974,22.3663005828858],[75.53697204589855,22.366699218750227],[75.53643798828142,22.36045074462902],[75.53855895996111,22.360771179199446],[75.55432891845714,22.36968994140642],[75.55697631835966,22.371990203857536],[75.55911254882807,22.37780952453636],[75.56491088867193,22.37467002868658],[75.57359313964855,22.379711151123047],[75.57688903808611,22.37945938110363],[75.57872772216825,22.37400054931669],[75.58611297607445,22.37157058715826],[75.588432312012,22.371549606323413],[75.5915832519533,22.36818122863764],[75.59327697753923,22.365039825439453],[75.59461975097673,22.364410400390852],[75.60647583007812,22.365871429443416],[75.60887908935558,22.365270614624023],[75.60766601562523,22.3634624481204],[75.6089172363283,22.361049652099837],[75.60739135742205,22.35616111755394],[75.60974884033209,22.353660583496264],[75.61225128173851,22.34877014160179],[75.61060333251964,22.348289489746037],[75.60159301757841,22.349950790405387],[75.59973144531261,22.34773063659668],[75.60015106201189,22.345699310302848],[75.60151672363281,22.34428024292015],[75.60962677001982,22.3424911499024],[75.61714935302734,22.34255027771013],[75.62094116210955,22.342840194702205],[75.62200927734403,22.345569610595703],[75.63233184814482,22.345550537109432],[75.63366699218778,22.346549987793082],[75.63778686523443,22.35627174377447],[75.63992309570318,22.35687828063965],[75.64512634277355,22.35592079162609],[75.64573669433611,22.35506057739252],[75.64592742919939,22.343959808349894],[75.64694976806646,22.34114074707054],[75.65074920654303,22.335819244384766],[75.65232849121122,22.33562278747587],[75.6559600830081,22.339599609375227],[75.65712738037138,22.343030929565487],[75.65902709960966,22.344680786132812],[75.67066192626982,22.346517562866325],[75.67726135253912,22.348871231079386],[75.68173217773466,22.354089736938647],[75.69007110595726,22.35716056823742],[75.69333648681669,22.35975074768095],[75.69441223144531,22.362251281738452],[75.70228576660162,22.363470077514933],[75.70919036865263,22.36565017700218],[75.72062683105497,22.37211990356468],[75.72680664062517,22.372261047363338],[75.73725891113276,22.36639022827171],[75.74996185302757,22.363849639892578],[75.75390625,22.364660263061523],[75.75924682617188,22.368669509887752],[75.77237701416033,22.369899749756144],[75.78013610839872,22.37300109863287],[75.7857666015625,22.377540588378906],[75.79029083251947,22.379800796508903],[75.80134582519526,22.38255119323742],[75.80105590820318,22.385040283203182],[75.80596160888689,22.389339447021598],[75.80359649658232,22.389699935913086],[75.81273651123075,22.390329360962085],[75.81780242919922,22.3953227996829],[75.82327270507824,22.405559539795036],[75.82704162597685,22.40829086303711],[75.830337524414,22.408380508423136],[75.83763885498047,22.405651092529297],[75.84118652343778,22.400819778442553],[75.84517669677763,22.39733123779297],[75.84709167480497,22.389839172363565],[75.84993743896513,22.38674163818365],[75.85534667968767,22.38367080688471],[75.86618041992199,22.381320953369197],[75.87750244140625,22.383150100708235],[75.88918304443365,22.390670776367358],[75.8999481201173,22.39167022705101],[75.90841674804688,22.389501571655273],[75.90956878662115,22.39017105102539],[75.91076660156256,22.393890380859375],[75.91031646728516,22.405540466308764],[75.90818023681658,22.413679122924805],[75.90956878662115,22.414899826050032],[75.91046142578142,22.418350219726562],[75.91239929199236,22.421150207519474],[75.9164428710938,22.42435073852539],[75.93334960937517,22.430210113525334],[75.94351959228521,22.432401657104492],[75.95342254638672,22.43674087524414],[75.96850585937506,22.440719604492244],[75.97419738769548,22.4404106140139],[75.99127197265653,22.43086051940935],[75.99523925781273,22.42407989501953],[76.0077896118164,22.42241096496582],[76.00916290283226,22.422990798950423],[76.00978851318388,22.42460250854498],[76.00945281982439,22.42807960510254],[76.01029968261724,22.433170318603743],[76.01525878906256,22.44288825988781],[76.01294708251959,22.446559906005973],[76.02320861816423,22.447269439697493],[76.02791595459013,22.44486045837408],[76.03431701660162,22.440160751342887],[76.03515625000028,22.448200225830078],[76.0375061035158,22.45299148559593],[76.04308319091803,22.458770751953125],[76.04831695556669,22.461540222168082],[76.05010986328142,22.461280822754134],[76.05570983886741,22.45627021789562],[76.05753326416033,22.459199905395508],[76.05786895751964,22.46153068542492],[76.0567703247072,22.467439651489485],[76.05413055419922,22.47359275817888],[76.05400848388678,22.480949401855696],[76.03922271728533,22.486030578613452],[76.03629302978544,22.488010406494084],[76.03121948242205,22.4933700561524],[76.02731323242216,22.49911117553711],[76.03195190429682,22.5105495452882],[76.03002166748058,22.531940460205078],[76.0340118408206,22.53075981140148],[76.03748321533197,22.531311035156307],[76.04660034179716,22.53586006164568],[76.05268096923857,22.533681869506836],[76.0626602172851,22.535491943359602],[76.07287597656273,22.531892776489258],[76.07538604736357,22.52968025207531],[76.0781326293947,22.528789520263956],[76.07872009277361,22.53123092651373],[76.08280944824224,22.537351608276595],[76.08200073242193,22.5435409545899],[76.08576965332048,22.55058097839384],[76.09311676025419,22.519029617309684],[76.09426116943388,22.504129409790323],[76.10087585449224,22.479360580444563],[76.10418701171903,22.47384071350092],[76.11360931396501,22.47040176391613],[76.1148529052735,22.466239929199446],[76.12081146240246,22.4626407623291],[76.12449645996111,22.461540222168082],[76.13133239746111,22.461069107055607],[76.1340560913086,22.460018157958984],[76.14956665039068,22.44745063781744],[76.1562194824221,22.443742752075366],[76.16075897216797,22.440050125122355],[76.170951843262,22.436429977416992],[76.17845153808611,22.4315128326416],[76.18805694580084,22.429109573364485],[76.1986465454101,22.423030853271484],[76.20936584472673,22.422790527343807],[76.21407318115263,22.421361923217773],[76.22370147705078,22.41200065612793],[76.23056030273438,22.40392112731945],[76.23684692382812,22.395732879638672],[76.23700714111345,22.392999649048022],[76.23208618164062,22.377439498901367],[76.22941589355469,22.372520446777287],[76.22502136230469,22.36821937561035],[76.22438812255871,22.36461067199707],[76.22152709960949,22.360111236572493],[76.21775817871111,22.35951042175293],[76.2125091552735,22.360702514648438],[76.20620727539068,22.35851097106962],[76.20510101318388,22.357112884521598],[76.20620727539068,22.35473823547369],[76.21491241455078,22.345720291137695],[76.21634674072294,22.343349456787166],[76.21676635742182,22.339141845703068],[76.21502685546903,22.335510253906193],[76.2121963500976,22.332620620727596],[76.2063903808596,22.323760986328352],[76.1927566528322,22.297090530395508],[76.1856231689456,22.280429840088004],[76.18168640136736,22.274860382080305],[76.16964721679699,22.264909744262752],[76.16255950927763,22.2609100341798],[76.15432739257818,22.26019287109375],[76.144760131836,22.261550903320312],[76.1344223022461,22.261779785156477],[76.1216659545899,22.258890151977482],[76.10824584960932,22.254140853881893],[76.10343933105497,22.251680374145508],[76.07907104492205,22.235839843750227],[76.06352233886741,22.228849411010685],[76.05845642089838,22.227720260620117],[76.04528808593761,22.22777938842779],[76.03405761718767,22.225370407104776],[76.02958679199224,22.22327041625971],[76.0232009887697,22.2170028686524],[76.02355957031244,22.211561203003157],[76.02569580078142,22.20742034912132],[76.03188323974615,22.199470520019645],[76.0343780517581,22.199621200561808],[76.04104614257841,22.1968994140625],[76.0446472167971,22.1969585418704],[76.0525360107423,22.192808151245117],[76.05739593505865,22.191852569580078],[76.06875610351557,22.193729400634936],[76.07469177246111,22.193479537963924],[76.07744598388695,22.189289093017692],[76.08505249023443,22.19215011596691],[76.0899124145509,22.188810348510742],[76.09394073486322,22.189630508422965],[76.09829711914091,22.192480087280273],[76.10141754150408,22.19828987121582],[76.10132598876982,22.20333290100109],[76.10540008544939,22.20636177062994],[76.1076965332033,22.214519500732592],[76.12745666503935,22.21589088439947],[76.13035583496105,22.210960388183537],[76.13786315917969,22.21479034423828],[76.14685821533209,22.216861724853743],[76.15233612060564,22.2170028686524],[76.15880584716814,22.215259552001896],[76.1634368896485,22.207220077514705],[76.16300964355486,22.201749801635856],[76.16378784179705,22.193582534790096],[76.15561676025396,22.17981910705589],[76.15394592285162,22.178630828857365],[76.15022277832048,22.178052902221793],[76.14594268798834,22.178390502929688],[76.1405258178711,22.17765998840349],[76.13652801513672,22.174978256225643],[76.13286590576189,22.17450904846197],[76.1297988891601,22.17295074462902],[76.12619781494158,22.16749000549345],[76.1239929199221,22.157358169555778],[76.12470245361328,22.15645027160656],[76.12918853759794,22.15710258483898],[76.1307525634765,22.15574073791504],[76.12763214111334,22.14385986328142],[76.12718200683594,22.138799667358512],[76.13510131835966,22.13343048095726],[76.14218139648449,22.12523078918457],[76.14473724365234,22.119779586792163],[76.14539337158232,22.11264991760254],[76.14409637451166,22.108520507812614],[76.14272308349638,22.10768127441429],[76.13934326171892,22.106689453125],[76.13098144531267,22.106969833373967],[76.12436676025413,22.105400085449276],[76.12371063232439,22.096862792969034],[76.11163330078153,22.094520568847884],[76.10595703124994,22.094249725341854],[76.10369110107439,22.09311103820812],[76.10312652587908,22.08990097045927],[76.10446929931658,22.08743095397955],[76.10669708251964,22.078481674194393],[76.1067962646485,22.06537055969261],[76.10585021972662,22.056770324707088],[76.11309051513678,22.057300567627067],[76.11447906494169,22.05570983886713],[76.12976837158232,22.05841064453142],[76.1428985595706,22.059600830078352],[76.14743804931646,22.058990478515625],[76.1531677246096,22.060710906982536],[76.15599060058594,22.063180923462028],[76.1591873168947,22.06602096557623],[76.16324615478521,22.07294082641613],[76.16464996337919,22.076850891113395],[76.16478729248053,22.080150604248104],[76.15809631347662,22.081779479980582],[76.15400695800793,22.081951141357422],[76.14778137207031,22.08403968811035],[76.14399719238287,22.08978080749523],[76.14202880859392,22.098209381103516],[76.14245605468756,22.100250244140682],[76.14810180664057,22.103130340576342],[76.15258789062506,22.103900909424],[76.15423583984392,22.110130310058594],[76.15873718261747,22.116819381713924],[76.16452789306658,22.120229721069393],[76.18322753906267,22.124702453613395],[76.18786621093756,22.124090194702433],[76.19843292236357,22.118280410766886],[76.20249176025408,22.113069534301985],[76.20575714111328,22.105571746826286],[76.20858001709001,22.10139083862299],[76.21389007568371,22.10083961486839],[76.22746276855486,22.102750778198356],[76.22547912597662,22.09799957275402],[76.22570800781278,22.08942985534668],[76.23143768310558,22.083839416504134],[76.23297882080072,22.081367492675838],[76.23374938964838,22.077730178833008],[76.23300170898455,22.07598114013672],[76.22905731201178,22.073999404907283],[76.21481323242216,22.070289611816634],[76.2118072509765,22.068790435791016],[76.2097473144533,22.065919876098633],[76.20926666259771,22.05385017395014],[76.20717620849638,22.047840118408203],[76.19973754882841,22.04151916503912],[76.19568634033209,22.041101455688647],[76.18820190429705,22.044290542602653],[76.17196655273455,22.04676055908203],[76.16844940185553,22.045448303222656],[76.16519165039085,22.038770675659407],[76.16095733642584,22.03574943542486],[76.15960693359375,22.03149032592779],[76.15940093994158,22.026742935180778],[76.16358947753923,22.02343940734869],[76.16760253906267,22.021579742431697],[76.17144012451172,22.017360687256087],[76.17137145996088,22.015220642089957],[76.16739654541033,22.00980949401861],[76.16755676269526,22.006330490112532],[76.16847991943388,22.004432678222827],[76.1662673950197,22.003250122070256],[76.16044616699247,21.99580192565935],[76.15119934082048,21.988340377807617],[76.14575958251982,21.981729507446403],[76.14865875244152,21.972749710083292],[76.15949249267607,21.969589233398665],[76.15363311767572,21.96424102783226],[76.1512985229495,21.948289871215877],[76.15950775146513,21.928340911865348],[76.16356658935564,21.90557289123541],[76.1702270507812,21.888099670410156],[76.16024780273443,21.889129638671932],[76.14977264404325,21.886278152466048],[76.12722778320335,21.871940612793026],[76.1246490478515,21.855598449707145],[76.11390686035185,21.859279632568416],[76.10304260253935,21.850070953369368],[76.1109619140625,21.795442581176758],[76.10674285888689,21.7915096282959],[76.09639739990246,21.789850234985465],[76.0960159301759,21.771690368652457],[76.11686706542986,21.769229888916072],[76.12364959716825,21.76423072814947],[76.12621307373064,21.755582809448356],[76.12136840820341,21.7509708404541],[76.10798645019537,21.749540328979492],[76.1024703979495,21.740591049194506],[76.10787963867205,21.72954177856468],[76.11781311035173,21.723011016845703],[76.12947845458984,21.724870681762695],[76.14476776123053,21.734760284424112],[76.15444183349626,21.734428405761776],[76.16735076904308,21.724679946899414],[76.17060852050776,21.71813964843767],[76.17025756835955,21.70733070373535],[76.174369812012,21.688739776611385],[76.16195678710943,21.675428390503157],[76.14319610595703,21.681320190429858],[76.13416290283214,21.691560745239315],[76.10824584960932,21.691249847412223],[76.07364654541021,21.663759231567667],[76.08136749267595,21.611141204834098],[76.07878875732445,21.574558258056754],[76.06694030761724,21.572490692138672],[76.04138183593756,21.56191825866722],[76.02835845947283,21.550609588623047],[76.01904296875,21.553060531616325],[75.9997024536134,21.5542697906497],[75.96250152587902,21.550270080566406],[75.95781707763672,21.549100875854663],[75.9537658691408,21.547000885009993],[75.95146942138689,21.538061141967773],[75.95247650146484,21.511240005493335],[75.95186614990251,21.500999450683707],[75.94831848144554,21.483280181884766],[75.95609283447266,21.48340988159174],[75.95923614501982,21.485410690307617],[75.96219635009766,21.48258018493675],[75.97159576416038,21.48323059082037],[75.97647857666033,21.488040924072266],[75.98623657226562,21.48587989807129],[75.98979949951166,21.48764038085949],[76.00422668457037,21.483661651611328],[76.00881195068388,21.47933006286644],[76.01228332519543,21.469642639160156],[76.01242828369146,21.466510772705305],[76.01029968261724,21.460231781006087],[76.00685882568365,21.454730987548885],[76.00643645547571,21.451891470332633],[76.0050299,21.451147]]]}},{"type":"Feature","properties":{"state":"Maharashtra","state_slug":"maharashtra","district":"Dhule","district_slug":"dhule","district_as_supplied":"Dhule","renamed_from_source":false,"layers":{"climate":true,"ndvi":true,"soil_moisture":true,"crop_des":true,"groundwater":true,"advisory":true},"climate_kind":"gee"},"geometry":{"type":"Polygon","coordinates":[[[74.9968535,21.5873281],[74.988326,21.5861875],[74.9861536,21.5850071],[74.9750002,21.5861918],[74.9728662,21.5850319],[74.9680483,21.5876501],[74.9564071,21.5869562],[74.9481065,21.5836875],[74.9452922,21.5868375],[74.9439936,21.5910431],[74.9389321,21.5922208],[74.940826,21.59967],[74.9310777,21.5988244],[74.9263385,21.596249],[74.9221623,21.5952773],[74.9154206,21.5941296],[74.9118193,21.5947218],[74.9139407,21.5989144],[74.9225316,21.6032174],[74.9224097,21.611698],[74.9198065,21.6128928],[74.9137661,21.6124141],[74.9102339,21.6160683],[74.9117505096384,21.617473593547803],[74.9213027954101,21.612369537353686],[74.94300079345732,21.605182647705305],[74.96116638183588,21.600019454956225],[74.9778060913086,21.596740722656364],[74.98638916015625,21.594249725341967],[74.99928358221442,21.589025488274576],[74.9968535,21.5873281]]]}},{"type":"Feature","properties":{"state":"Maharashtra","state_slug":"maharashtra","district":"Nandurbar","district_slug":"nandurbar","district_as_supplied":"Nandurbar","renamed_from_source":false,"layers":{"climate":true,"ndvi":true,"soil_moisture":true,"crop_des":true,"groundwater":true,"advisory":true},"climate_kind":"gee"},"geometry":{"type":"Polygon","coordinates":[[[74.5145221,21.8635105],[74.5114449,21.8646146],[74.5094794,21.8668143],[74.5065369,21.8652152],[74.4969081,21.8643779],[74.4950395,21.8603074],[74.4917062,21.8586407],[74.4835041,21.857786],[74.4824093,21.8534544],[74.4804867,21.8507019],[74.4730526,21.8493143],[74.4712441,21.8472902],[74.458168,21.8461741],[74.4546538,21.8442643],[74.457316,21.838084],[74.4575295,21.8327945],[74.4547665,21.828922],[74.45398,21.8228223],[74.4556941,21.8196683],[74.4563147,21.8152163],[74.443326,21.8111875],[74.4331564,21.8043062],[74.4293215,21.8025462],[74.4281307,21.7988232],[74.4223521,21.7978654],[74.4188115,21.8014514],[74.4145412,21.7993137],[74.4069149,21.7917708],[74.3942778,21.7888307],[74.3964478,21.7848016],[74.390622,21.7834462],[74.3818323,21.7846148],[74.3799526,21.7835933],[74.3737228,21.7839646],[74.3682862,21.779377],[74.3467037,21.7784847],[74.3378359,21.7800606],[74.335385,21.7762068],[74.334109,21.7710961],[74.3297233,21.7690832],[74.3283728,21.7661407],[74.3241594,21.7653542],[74.3157524,21.7615415],[74.3156712,21.7585124],[74.3111758,21.7556533],[74.3095514,21.7505268],[74.3066594,21.7486875],[74.3048635,21.7451163],[74.2993286,21.7454463],[74.2899142,21.7427624],[74.2870447,21.7427779],[74.2753083,21.7336826],[74.2699927,21.7328542],[74.2625725,21.7294195],[74.2604706,21.7295449],[74.2532103,21.7255995],[74.242793,21.7231758],[74.2317882,21.7238318],[74.2274081,21.7193147],[74.2313574,21.7113607],[74.2279271,21.70645],[74.2250031,21.699973],[74.2271924,21.6940752],[74.2243876,21.6915692],[74.2183354,21.6928623],[74.2131515,21.6884523],[74.2051215,21.688931],[74.2019584,21.685391],[74.1952832,21.6871787],[74.1817062,21.6811407],[74.1781065,21.6803542],[74.1758728,21.6828542],[74.1736607,21.6838694],[74.1642062,21.6794741],[74.1588104,21.678467],[74.1553913,21.6796936],[74.1515188,21.6794629],[74.1449048,21.6743799],[74.1395331,21.6743941],[74.1318543,21.6760347],[74.1280251,21.6779455],[74.1231065,21.6828074],[74.1141783,21.6779557],[74.1132168,21.6734173],[74.1107347,21.6691732],[74.1081686,21.6668803],[74.096827,21.6647634],[74.0915796,21.6669987],[74.0868681,21.6744466],[74.0845429,21.6755137],[74.0797203,21.6735079],[74.0707825,21.6734367],[74.0646703,21.6712435],[74.0617062,21.6728542],[74.0541594,21.6736407],[74.0509641,21.6766732],[74.0500161,21.6787386],[74.0422733,21.6803074],[74.034826,21.6765619],[74.0298985,21.6796081],[74.029929,21.6838751],[74.0267506,21.6870705],[74.0221152,21.6852376],[74.0191682,21.680604],[74.0094854,21.6753867],[74.0064399,21.6745208],[73.9986887,21.6781356],[73.9967062,21.6803542],[73.9941594,21.6811407],[73.9911616,21.6842971],[73.9898335,21.6789616],[73.9881967,21.6759497],[73.9823989,21.6761324],[73.980124,21.6711757],[73.9781449,21.6703542],[73.9733618,21.6736952],[73.9690923,21.672783],[73.9646027,21.6778078],[73.9572291,21.6786716],[73.9524142,21.6803991],[73.9500161,21.6802563],[73.9488585,21.6827785],[73.9412271,21.6839677],[73.9348966,21.6803786],[73.9356705,21.6643562],[73.9298663,21.6609769],[73.9283248,21.6561187],[73.9227853,21.6520208],[73.9168566,21.6569519],[73.9133682,21.6586902],[73.9115422,21.6585813],[73.90964,21.6543307],[73.9096226,21.6481735],[73.9114266,21.6438117],[73.9013191,21.6390466],[73.8947538,21.6342659],[73.8916993,21.6294633],[73.8883494,21.6303605],[73.8827714,21.6288666],[73.877917,21.6360709],[73.8729321,21.6376102],[73.8716114,21.6334672],[73.8674753,21.6297716],[73.8674026,21.6265925],[73.8659417,21.6228511],[73.8616009,21.6193561],[73.8515422,21.620248],[73.8488365,21.6155023],[73.8491489,21.6102561],[73.8449901,21.6045172],[73.8449501,21.6007942],[73.8438503,21.5995632],[73.8364303,21.5981783],[73.8366532,21.6045703],[73.8326556,21.6043318],[73.8267062,21.6095208],[73.8221845,21.6103074],[73.8187902,21.6065084],[73.8140076,21.6082244],[73.8096203,21.6058404],[73.81141011791222,21.602355448129487],[73.80683898925776,21.602371215820312],[73.79057312011747,21.618509292602596],[73.78761291503923,21.62504959106451],[73.79086303710938,21.62878990173334],[73.80013275146513,21.634639739990348],[73.82903289794928,21.639789581298942],[73.8452377319336,21.633159637451342],[73.85304260253906,21.6358699798584],[73.86025238037126,21.641847610473746],[73.87026977539085,21.63879013061529],[73.8856277465822,21.645059585571573],[73.89126586914068,21.65151023864746],[73.89444732666016,21.657079696655273],[73.89810180664068,21.667270660400334],[73.89636230468756,21.700281143188477],[73.89396667480497,21.70314025878912],[73.8902359008789,21.710649490356502],[73.88504791259783,21.714429855346623],[73.87834930419933,21.716930389404297],[73.87123107910162,21.721918106079215],[73.86511993408226,21.729379653930778],[73.86029815673828,21.733011245727653],[73.85633087158209,21.734640121460075],[73.84635925292986,21.74200057983427],[73.83120727539091,21.762889862060547],[73.841293334961,21.768650054931868],[73.84294891357422,21.77213096618675],[73.83837890625006,21.784130096435604],[73.84413909912132,21.78711128234869],[73.84496307373058,21.790681838989258],[73.83567047119158,21.793479919433764],[73.83421325683616,21.796611785888672],[73.83893585205078,21.8001708984375],[73.83351898193371,21.805160522461165],[73.83210754394537,21.810850143432845],[73.82759857177763,21.81193923950218],[73.81759643554693,21.808500289917163],[73.81356811523438,21.810119628906477],[73.81051635742188,21.82333755493164],[73.81623840332031,21.82856941223156],[73.82792663574241,21.83485984802269],[73.84152221679716,21.8385009765625],[73.86374664306646,21.836650848388615],[73.8796005249024,21.83864021301281],[73.89951324462902,21.854490280151367],[73.90666961669928,21.853630065918026],[73.92192840576178,21.856582641601506],[73.93636322021501,21.86314964294445],[73.96080780029297,21.875991821289347],[73.97973632812506,21.88750076293951],[74.00489044189459,21.89936065673828],[74.01168823242182,21.900539398193303],[74.0230407714846,21.905971527099837],[74.0356063842774,21.9160099029541],[74.04666900634771,21.922809600830192],[74.06162261962919,21.928050994873047],[74.07151031494146,21.929601669311523],[74.09867095947283,21.937629699707145],[74.11364746093773,21.944700241088867],[74.13816070556658,21.953371047973633],[74.15101623535162,21.953960418701172],[74.15872192382824,21.952011108398438],[74.17418670654291,21.94338035583496],[74.18206787109375,21.93365097045904],[74.18708801269537,21.929107666015625],[74.19169616699247,21.92733955383312],[74.20163726806652,21.925529479980696],[74.20855712890642,21.9258708953858],[74.22709655761724,21.929901123047102],[74.23710632324247,21.929660797119197],[74.2588577270509,21.932851791382006],[74.28971099853521,21.935791015625],[74.29225921630854,21.937250137329215],[74.29425811767584,21.94055938720703],[74.29776000976591,21.959030151367358],[74.30079650878935,21.966051101684684],[74.30439758300787,21.969179153442383],[74.30883026123058,21.9715194702149],[74.31455230712902,21.97296905517578],[74.34455108642595,21.975099563598803],[74.34935760498053,21.976390838623104],[74.35775756835943,21.981510162353743],[74.366020202637,21.9920406341555],[74.371597290039,21.994342803955362],[74.3737564086914,21.996189117431868],[74.37818145751959,22.002170562744425],[74.38831329345709,22.02017974853527],[74.39643859863298,22.02370262146019],[74.41774749755871,22.02581024169922],[74.435546875,22.030998229980696],[74.43945312500028,22.026519775390568],[74.44603729248047,22.026519775390568],[74.44255828857416,22.021600723266715],[74.44451904296875,22.015991210937784],[74.45381927490251,22.006170272827205],[74.45391845703148,22.002269744873047],[74.44995117187528,22.005462646484432],[74.44573211669928,22.006851196289176],[74.43621826171903,22.002229690551985],[74.43627929687517,21.999481201171875],[74.44107818603516,21.996440887451456],[74.44262695312506,21.993629455566463],[74.44303894042991,21.98306846618675],[74.44718170166016,21.976270675659464],[74.44863891601574,21.971130371093807],[74.45170593261713,21.967500686645508],[74.45996856689453,21.962831497192667],[74.46415710449219,21.963211059570312],[74.46732330322294,21.964799880981616],[74.47218322753906,21.965520858764876],[74.47512054443388,21.962709426880053],[74.47785949707048,21.961549758911133],[74.48293304443388,21.9624404907226],[74.48449707031261,21.96075057983404],[74.48568725585955,21.957532882690487],[74.48928833007807,21.956760406494254],[74.4934005737307,21.954490661621094],[74.48985290527338,21.9471492767334],[74.49233245849604,21.945461273193587],[74.49678039550781,21.946411132812443],[74.5155563354495,21.933919906616325],[74.51560974121088,21.927871704101847],[74.51464080810558,21.92246818542492],[74.51735687255876,21.91755104064964],[74.52398681640636,21.913061141968],[74.52749633789062,21.908781051635856],[74.52746582031267,21.903450012207145],[74.52146911621122,21.895509719848746],[74.51843261718778,21.89011001586914],[74.5171857040589,21.86366930590181],[74.5145221,21.8635105]]]}}]}